timestamp,utc_timestamp,node_id,camera_id,event_type,track_id,category,class_name,confidence,plate_text,ocr_confidence,status,details
08:29:04,2026-09-23T02:59:05Z,BOP-SECTOR-A,CAM-A-PERIMETER,INTRUSION_ALERT,28,human,person,0.708,-,0.0,UNKNOWN_INTRUDER,"UNKNOWN PERSON | OUTBOUND (Northbound) at (1782, 589) | ID:NONE"
08:29:06,2026-09-23T02:59:10Z,BOP-SECTOR-A,CAM-A-PERIMETER,INTRUSION_ALERT,57,human,person,0.704,-,0.0,UNKNOWN_INTRUDER,"UNKNOWN PERSON | OUTBOUND (Northbound) at (558, 593) | ID:NONE"
08:29:06,2026-09-23T02:59:10Z,BOP-SECTOR-A,CAM-A-PERIMETER,INTRUSION_ALERT,68,human,person,0.799,-,0.0,UNKNOWN_INTRUDER,"UNKNOWN PERSON | INBOUND (Southbound) at (1231, 630) | ID:NONE"
08:29:07,2026-09-23T02:59:10Z,BOP-SECTOR-A,CAM-A-PERIMETER,INTRUSION_ALERT,44,human,person,0.84,-,0.0,UNKNOWN_INTRUDER,"UNKNOWN PERSON | OUTBOUND (Northbound) at (961, 600) | ID:NONE"
08:29:07,2026-09-23T02:59:10Z,BOP-SECTOR-A,CAM-A-PERIMETER,INTRUSION_ALERT,4,human,person,0.723,-,0.0,UNKNOWN_INTRUDER,"UNKNOWN PERSON | INBOUND (Southbound) at (1533, 611) | ID:NONE"
08:29:08,2026-09-23T02:59:10Z,BOP-SECTOR-A,CAM-A-PERIMETER,INTRUSION_ALERT,59,human,person,0.807,-,0.0,UNKNOWN_INTRUDER,"UNKNOWN PERSON | INBOUND (Southbound) at (1095, 604) | ID:NONE"
08:29:09,2026-09-23T02:59:10Z,BOP-SECTOR-A,CAM-A-PERIMETER,INTRUSION_ALERT,124,human,person,0.706,-,0.0,UNKNOWN_INTRUDER,"UNKNOWN PERSON | OUTBOUND (Northbound) at (988, 586) | ID:NONE"
08:29:10,2026-09-23T02:59:10Z,BOP-SECTOR-A,CAM-A-PERIMETER,INTRUSION_ALERT,8,human,person,0.811,-,0.0,UNKNOWN_INTRUDER,"UNKNOWN PERSON | INBOUND (Southbound) at (774, 634) | ID:NONE"
08:29:10,2026-09-23T02:59:10Z,BOP-SECTOR-A,CAM-A-PERIMETER,INTRUSION_ALERT,91,human,person,0.727,-,0.0,UNKNOWN_INTRUDER,"UNKNOWN PERSON | OUTBOUND (Northbound) at (1832, 596) | ID:NONE"
08:29:10,2026-09-23T02:59:11Z,BOP-SECTOR-A,CAM-A-PERIMETER,LOITERING,71,human,person,0.65,-,0.0,WARNING,Stationary 8s within 0.17x height (movement 0.12 heights/s)
08:28:50,2026-09-23T02:59:12Z,BOP-SECTOR-B,CAM-B-TRIPWIRE,INTRUSION_ALERT,8,human,person,0.829,-,0.0,UNKNOWN_INTRUDER,"UNKNOWN PERSON | OUTBOUND (Northbound) at (442, 262) | ID:NONE"
08:28:51,2026-09-23T02:59:12Z,BOP-SECTOR-B,CAM-B-TRIPWIRE,AUTHORIZED_PATROL,2,human,person,0.798,-,0.0,AUTHORIZED_PATROL,"Constable R. Singh (SSB-4587) | OUTBOUND (Northbound) at (478, 279) | ID:SIMULATED_DEMO_ID"
08:28:51,2026-09-23T02:59:12Z,BOP-SECTOR-B,CAM-B-TRIPWIRE,INTRUSION_ALERT,11,human,person,0.817,-,0.0,UNKNOWN_INTRUDER,"UNKNOWN PERSON | INBOUND (Southbound) at (413, 282) | ID:NONE"
08:29:01,2026-09-23T02:59:12Z,BOP-SECTOR-B,CAM-B-TRIPWIRE,AUTHORIZED_PATROL,1,human,person,0.825,-,0.0,AUTHORIZED_PATROL,"Constable R. Singh (SSB-4587) | OUTBOUND (Northbound) at (476, 279) | ID:SIMULATED_DEMO_ID"
08:29:01,2026-09-23T02:59:12Z,BOP-SECTOR-B,CAM-B-TRIPWIRE,INTRUSION_ALERT,17,human,person,0.83,-,0.0,UNKNOWN_INTRUDER,"UNKNOWN PERSON | INBOUND (Southbound) at (412, 281) | ID:NONE"
08:29:08,2026-09-23T02:59:12Z,BOP-SECTOR-B,CAM-B-TRIPWIRE,RUNNING,8,human,person,0.7,-,0.0,WARNING,Running at 5.66 body-heights/s (threshold 1.60) for 1.0s
08:29:09,2026-09-23T02:59:12Z,BOP-SECTOR-B,CAM-B-TRIPWIRE,GROUP_CONVERGENCE,2,human,person,0.6,-,0.0,NOTICE,"3 persons converged within 1.6 body-lengths (tracks [2, 8, 17])"
08:29:11,2026-09-23T02:59:17Z,BOP-SECTOR-A,CAM-A-PERIMETER,INTRUSION_ALERT,67,human,person,0.778,-,0.0,UNKNOWN_INTRUDER,"UNKNOWN PERSON | OUTBOUND (Northbound) at (712, 580) | ID:NONE"
08:29:11,2026-09-23T02:59:17Z,BOP-SECTOR-A,CAM-A-PERIMETER,INTRUSION_ALERT,92,human,person,0.833,-,0.0,UNKNOWN_INTRUDER,"UNKNOWN PERSON | INBOUND (Southbound) at (264, 643) | ID:NONE"
08:29:12,2026-09-23T02:59:17Z,BOP-SECTOR-A,CAM-A-PERIMETER,LOITERING,49,human,person,0.65,-,0.0,WARNING,Stationary 12s within 0.33x height (movement 0.15 heights/s)
08:29:12,2026-09-23T02:59:17Z,BOP-SECTOR-A,CAM-A-PERIMETER,LOITERING,54,human,person,0.65,-,0.0,WARNING,Stationary 12s within 0.12x height (movement 0.02 heights/s)
08:29:12,2026-09-23T02:59:17Z,BOP-SECTOR-A,CAM-A-PERIMETER,LOITERING,42,human,person,0.65,-,0.0,WARNING,Stationary 12s within 0.12x height (movement 0.02 heights/s)
08:29:15,2026-09-23T02:59:17Z,BOP-SECTOR-A,CAM-A-PERIMETER,LOITERING,61,human,person,0.65,-,0.0,WARNING,Stationary 14s within 0.22x height (movement 0.02 heights/s)
08:29:15,2026-09-23T02:59:17Z,BOP-SECTOR-A,CAM-A-PERIMETER,LOITERING,57,human,person,0.65,-,0.0,WARNING,Stationary 14s within 0.27x height (movement 0.03 heights/s)
08:29:15,2026-09-23T02:59:17Z,BOP-SECTOR-A,CAM-A-PERIMETER,INTRUSION_ALERT,105,human,person,0.761,-,0.0,UNKNOWN_INTRUDER,"UNKNOWN PERSON | OUTBOUND (Northbound) at (948, 590) | ID:NONE"
08:29:16,2026-09-23T02:59:17Z,BOP-SECTOR-A,CAM-A-PERIMETER,LOITERING,38,human,person,0.65,-,0.0,WARNING,Stationary 14s within 0.22x height (movement 0.21 heights/s)
08:29:17,2026-09-23T02:59:18Z,BOP-SECTOR-A,CAM-A-PERIMETER,LOITERING,85,human,person,0.65,-,0.0,WARNING,Stationary 14s within 0.23x height (movement 0.05 heights/s)
08:29:18,2026-09-23T02:59:18Z,BOP-SECTOR-A,CAM-A-PERIMETER,AUTHORIZED_PATROL,2,human,person,0.74,-,0.0,AUTHORIZED_PATROL,"Constable R. Singh (SSB-4587) | INBOUND (Southbound) at (1534, 621) | ID:SIMULATED_DEMO_ID"
08:29:18,2026-09-23T02:59:19Z,BOP-SECTOR-A,CAM-A-PERIMETER,LOITERING,86,human,person,0.65,-,0.0,WARNING,Stationary 14s within 0.22x height (movement 0.02 heights/s)
08:29:19,2026-09-23T02:59:19Z,BOP-SECTOR-A,CAM-A-PERIMETER,LOITERING,119,human,person,0.65,-,0.0,WARNING,Stationary 11s within 0.02x height (movement 0.00 heights/s)
08:29:15,2026-09-23T02:59:22Z,BOP-SECTOR-B,CAM-B-TRIPWIRE,RUNNING,4,human,person,0.7,-,0.0,WARNING,Running at 9.02 body-heights/s (threshold 1.60) for 1.0s
08:29:22,2026-09-23T02:59:23Z,BOP-SECTOR-A,CAM-A-PERIMETER,INTRUSION_ALERT,141,human,person,0.785,-,0.0,UNKNOWN_INTRUDER,"UNKNOWN PERSON | INBOUND (Southbound) at (265, 612) | ID:NONE"
08:29:22,2026-09-23T02:59:23Z,BOP-SECTOR-A,CAM-A-PERIMETER,LOITERING,144,human,person,0.65,-,0.0,WARNING,Stationary 8s within 0.23x height (movement 0.03 heights/s)
08:29:23,2026-09-23T02:59:23Z,BOP-SECTOR-A,CAM-A-PERIMETER,LOITERING,137,human,person,0.65,-,0.0,WARNING,Stationary 9s within 0.35x height (movement 0.04 heights/s)
08:29:25,2026-09-23T02:59:26Z,BOP-SECTOR-A,CAM-A-PERIMETER,LOITERING,147,human,person,0.65,-,0.0,WARNING,Stationary 9s within 0.04x height (movement 0.00 heights/s)
08:29:27,2026-09-23T02:59:28Z,BOP-SECTOR-A,CAM-A-PERIMETER,LOITERING,153,human,person,0.65,-,0.0,WARNING,Stationary 9s within 0.18x height (movement 0.03 heights/s)
08:29:27,2026-09-23T02:59:28Z,BOP-SECTOR-A,CAM-A-PERIMETER,RUNNING,2,human,person,0.7,-,0.0,WARNING,Running at 12.61 body-heights/s (threshold 1.60) for 1.0s
08:29:27,2026-09-23T02:59:28Z,BOP-SECTOR-A,CAM-A-PERIMETER,LOITERING,139,human,person,0.65,-,0.0,WARNING,Stationary 9s within 0.11x height (movement 0.02 heights/s)
08:29:28,2026-09-23T02:59:28Z,BOP-SECTOR-A,CAM-A-PERIMETER,LOITERING,155,human,person,0.65,-,0.0,WARNING,Stationary 10s within 0.07x height (movement 0.01 heights/s)
08:29:28,2026-09-23T02:59:29Z,BOP-SECTOR-A,CAM-A-PERIMETER,INTRUSION_ALERT,65,human,person,0.776,-,0.0,UNKNOWN_INTRUDER,"UNKNOWN PERSON | OUTBOUND (Northbound) at (589, 586) | ID:NONE"
08:29:28,2026-09-23T02:59:29Z,BOP-SECTOR-A,CAM-A-PERIMETER,LOITERING,55,human,person,0.65,-,0.0,WARNING,Stationary 27s within 0.33x height (movement 0.01 heights/s)
08:29:29,2026-09-23T02:59:30Z,BOP-SECTOR-A,CAM-A-PERIMETER,GROUP_CONVERGENCE,14,human,person,0.6,-,0.0,NOTICE,"3 persons converged within 1.6 body-lengths (tracks [14, 107, 151])"
08:29:30,2026-09-23T02:59:30Z,BOP-SECTOR-A,CAM-A-PERIMETER,LOITERING,117,human,person,0.65,-,0.0,WARNING,Stationary 17s within 0.27x height (movement 0.02 heights/s)
08:29:31,2026-09-23T02:59:31Z,BOP-SECTOR-A,CAM-A-PERIMETER,LOITERING,71,human,person,0.65,-,0.0,WARNING,Stationary 28s within 0.17x height (movement 0.08 heights/s)
08:29:23,2026-09-23T02:59:32Z,BOP-SECTOR-B,CAM-B-TRIPWIRE,RUNNING,1,human,person,0.7,-,0.0,WARNING,Running at 12.76 body-heights/s (threshold 1.60) for 0.8s
08:29:31,2026-09-23T02:59:32Z,BOP-SECTOR-B,CAM-B-TRIPWIRE,INTRUSION_ALERT,29,human,person,0.798,-,0.0,UNKNOWN_INTRUDER,"UNKNOWN PERSON | OUTBOUND (Northbound) at (478, 279) | ID:NONE"
08:29:31,2026-09-23T02:59:32Z,BOP-SECTOR-B,CAM-B-TRIPWIRE,INTRUSION_ALERT,31,human,person,0.817,-,0.0,UNKNOWN_INTRUDER,"UNKNOWN PERSON | INBOUND (Southbound) at (413, 282) | ID:NONE"
08:29:33,2026-09-23T02:59:33Z,BOP-SECTOR-A,CAM-A-PERIMETER,INTRUSION_ALERT,104,human,person,0.825,-,0.0,UNKNOWN_INTRUDER,"UNKNOWN PERSON | INBOUND (Southbound) at (1095, 604) | ID:NONE"
08:29:34,2026-09-23T02:59:34Z,BOP-SECTOR-A,CAM-A-PERIMETER,LOITERING,73,human,person,0.65,-,0.0,WARNING,Stationary 9s within 0.07x height (movement 0.01 heights/s)
08:29:34,2026-09-23T02:59:34Z,BOP-SECTOR-A,CAM-A-PERIMETER,LOITERING,158,human,person,0.65,-,0.0,WARNING,Stationary 9s within 0.01x height (movement 0.00 heights/s)
08:29:35,2026-09-23T02:59:36Z,BOP-SECTOR-A,CAM-A-PERIMETER,LOITERING,159,human,person,0.65,-,0.0,WARNING,Stationary 9s within 0.26x height (movement 0.03 heights/s)
08:29:36,2026-09-23T02:59:37Z,BOP-SECTOR-A,CAM-A-PERIMETER,INTRUSION_ALERT,173,human,person,0.692,-,0.0,UNKNOWN_INTRUDER,"UNKNOWN PERSON | INBOUND (Southbound) at (1529, 605) | ID:NONE"
08:29:33,2026-09-23T02:59:38Z,BOP-SECTOR-B,CAM-B-TRIPWIRE,LOITERING,36,human,person,0.65,-,0.0,WARNING,Stationary 9s within 0.26x height (movement 0.03 heights/s)
08:29:40,2026-09-23T02:59:41Z,BOP-SECTOR-A,CAM-A-PERIMETER,LOITERING,85,human,person,0.65,-,0.0,WARNING,Stationary 37s within 0.21x height (movement 0.03 heights/s)
08:29:40,2026-09-23T02:59:41Z,BOP-SECTOR-A,CAM-A-PERIMETER,LOITERING,88,human,person,0.65,-,0.0,WARNING,Stationary 14s within 0.08x height (movement 0.01 heights/s)
08:29:41,2026-09-23T02:59:42Z,BOP-SECTOR-A,CAM-A-PERIMETER,LOITERING,174,human,person,0.65,-,0.0,WARNING,Stationary 9s within 0.03x height (movement 0.00 heights/s)
08:29:41,2026-09-23T02:59:42Z,BOP-SECTOR-A,CAM-A-PERIMETER,LOITERING,161,human,person,0.65,-,0.0,WARNING,Stationary 10s within 0.20x height (movement 0.00 heights/s)
08:29:42,2026-09-23T02:59:42Z,BOP-SECTOR-A,CAM-A-PERIMETER,LOITERING,176,human,person,0.65,-,0.0,WARNING,Stationary 9s within 0.02x height (movement 0.00 heights/s)
08:29:42,2026-09-23T02:59:43Z,BOP-SECTOR-A,CAM-A-PERIMETER,LOITERING,177,human,person,0.65,-,0.0,WARNING,Stationary 9s within 0.33x height (movement 0.13 heights/s)
08:29:42,2026-09-23T02:59:43Z,BOP-SECTOR-A,CAM-A-PERIMETER,LOITERING,52,human,person,0.65,-,0.0,WARNING,Stationary 9s within 0.01x height (movement 0.00 heights/s)
08:29:42,2026-09-23T02:59:43Z,BOP-SECTOR-A,CAM-A-PERIMETER,LOITERING,150,human,person,0.65,-,0.0,WARNING,Stationary 23s within 0.06x height (movement 0.00 heights/s)
08:29:44,2026-09-23T02:59:45Z,BOP-SECTOR-A,CAM-A-PERIMETER,LOITERING,179,human,person,0.65,-,0.0,WARNING,Stationary 9s within 0.08x height (movement 0.01 heights/s)
08:29:49,2026-09-23T02:59:49Z,BOP-SECTOR-A,CAM-A-PERIMETER,LOITERING,84,human,person,0.65,-,0.0,WARNING,Stationary 13s within 0.29x height (movement 0.03 heights/s)
08:29:50,2026-09-23T02:59:50Z,BOP-SECTOR-A,CAM-A-PERIMETER,RUNNING,8,human,person,0.7,-,0.0,WARNING,Running at 25.25 body-heights/s (threshold 1.60) for 0.9s
08:29:50,2026-09-23T02:59:50Z,BOP-SECTOR-A,CAM-A-PERIMETER,GROUP_CONVERGENCE,139,human,person,0.6,-,0.0,NOTICE,"3 persons converged within 1.6 body-lengths (tracks [139, 173, 187])"
08:29:50,2026-09-23T02:59:51Z,BOP-SECTOR-A,CAM-A-PERIMETER,INTRUSION_ALERT,189,human,person,0.791,-,0.0,UNKNOWN_INTRUDER,"UNKNOWN PERSON | INBOUND (Southbound) at (1802, 619) | ID:NONE"
08:29:51,2026-09-23T02:59:52Z,BOP-SECTOR-A,CAM-A-PERIMETER,INTRUSION_ALERT,151,human,person,0.723,-,0.0,UNKNOWN_INTRUDER,"UNKNOWN PERSON | OUTBOUND (Northbound) at (563, 579) | ID:NONE"
08:29:52,2026-09-23T02:59:53Z,BOP-SECTOR-A,CAM-A-PERIMETER,LOITERING,71,human,person,0.65,-,0.0,WARNING,Stationary 50s within 0.25x height (movement 0.08 heights/s)
08:29:53,2026-09-23T02:59:54Z,BOP-SECTOR-A,CAM-A-PERIMETER,LOITERING,186,human,person,0.65,-,0.0,WARNING,Stationary 8s within 0.21x height (movement 0.03 heights/s)
08:29:54,2026-09-23T02:59:54Z,BOP-SECTOR-A,CAM-A-PERIMETER,LOITERING,181,human,person,0.65,-,0.0,WARNING,Stationary 9s within 0.26x height (movement 0.08 heights/s)
08:29:48,2026-09-23T02:59:58Z,BOP-SECTOR-B,CAM-B-TRIPWIRE,LOITERING,31,human,person,0.65,-,0.0,WARNING,Stationary 17s within 0.23x height (movement 0.03 heights/s)
08:29:56,2026-09-23T02:59:58Z,BOP-SECTOR-B,CAM-B-TRIPWIRE,INTRUSION_ALERT,35,human,person,0.823,-,0.0,UNKNOWN_INTRUDER,"UNKNOWN PERSON | OUTBOUND (Northbound) at (468, 274) | ID:NONE"
08:29:59,2026-09-23T03:00:00Z,BOP-SECTOR-A,CAM-A-PERIMETER,LOITERING,192,human,person,0.65,-,0.0,WARNING,Stationary 10s within 0.34x height (movement 0.07 heights/s)
08:29:59,2026-09-23T03:00:10Z,BOP-SECTOR-A,CAM-A-PERIMETER,LOITERING,193,human,person,0.65,-,0.0,WARNING,Stationary 10s within 0.30x height (movement 0.03 heights/s)
08:30:01,2026-09-23T03:00:10Z,BOP-SECTOR-A,CAM-A-PERIMETER,LOITERING,68,human,person,0.65,-,0.0,WARNING,Stationary 10s within 0.08x height (movement 0.02 heights/s)
08:30:04,2026-09-23T03:00:10Z,BOP-SECTOR-A,CAM-A-PERIMETER,INTRUSION_ALERT,202,human,person,0.851,-,0.0,UNKNOWN_INTRUDER,"UNKNOWN PERSON | INBOUND (Southbound) at (960, 611) | ID:NONE"
08:30:05,2026-09-23T03:00:10Z,BOP-SECTOR-A,CAM-A-PERIMETER,LOITERING,194,human,person,0.65,-,0.0,WARNING,Stationary 15s within 0.31x height (movement 0.02 heights/s)
08:30:06,2026-09-23T03:00:10Z,BOP-SECTOR-A,CAM-A-PERIMETER,LOITERING,202,human,person,0.65,-,0.0,WARNING,Stationary 11s within 0.23x height (movement 0.03 heights/s)
08:30:08,2026-09-23T03:00:10Z,BOP-SECTOR-A,CAM-A-PERIMETER,LOITERING,85,human,person,0.65,-,0.0,WARNING,Stationary 65s within 0.32x height (movement 0.04 heights/s)
08:30:08,2026-09-23T03:00:10Z,BOP-SECTOR-A,CAM-A-PERIMETER,LOITERING,88,human,person,0.65,-,0.0,WARNING,Stationary 42s within 0.15x height (movement 0.01 heights/s)
08:30:09,2026-09-23T03:00:10Z,BOP-SECTOR-A,CAM-A-PERIMETER,INTRUSION_ALERT,201,human,person,0.708,-,0.0,UNKNOWN_INTRUDER,"UNKNOWN PERSON | INBOUND (Southbound) at (1526, 601) | ID:NONE"
08:30:10,2026-09-23T03:00:10Z,BOP-SECTOR-B,CAM-B-TRIPWIRE,GROUP_CONVERGENCE,8,human,person,0.6,-,0.0,NOTICE,"3 persons converged within 1.6 body-lengths (tracks [8, 22, 35])"
08:30:13,2026-09-23T03:00:15Z,BOP-SECTOR-A,CAM-A-PERIMETER,LOITERING,71,human,person,0.65,-,0.0,WARNING,Stationary 70s within 0.25x height (movement 0.08 heights/s)
08:30:13,2026-09-23T03:00:15Z,BOP-SECTOR-A,CAM-A-PERIMETER,LOITERING,179,human,person,0.65,-,0.0,WARNING,Stationary 38s within 0.31x height (movement 0.02 heights/s)
08:30:14,2026-09-23T03:00:19Z,BOP-SECTOR-A,CAM-A-PERIMETER,LOITERING,209,human,person,0.65,-,0.0,WARNING,Stationary 10s within 0.29x height (movement 0.03 heights/s)
08:30:14,2026-09-23T03:00:19Z,BOP-SECTOR-A,CAM-A-PERIMETER,LOITERING,208,human,person,0.65,-,0.0,WARNING,Stationary 10s within 0.34x height (movement 0.04 heights/s)
08:30:18,2026-09-23T03:00:19Z,BOP-SECTOR-A,CAM-A-PERIMETER,LOITERING,123,human,person,0.65,-,0.0,WARNING,Stationary 15s within 0.08x height (movement 0.01 heights/s)
08:30:18,2026-09-23T03:00:19Z,BOP-SECTOR-A,CAM-A-PERIMETER,LOITERING,72,human,person,0.65,-,0.0,WARNING,Stationary 10s within 0.01x height (movement 0.00 heights/s)
08:30:18,2026-09-23T03:00:26Z,BOP-SECTOR-A,CAM-A-PERIMETER,LOITERING,211,human,person,0.65,-,0.0,WARNING,Stationary 11s within 0.29x height (movement 0.03 heights/s)
08:30:18,2026-09-23T03:00:26Z,BOP-SECTOR-A,CAM-A-PERIMETER,LOITERING,181,human,person,0.65,-,0.0,WARNING,Stationary 34s within 0.26x height (movement 0.01 heights/s)
08:30:20,2026-09-23T03:00:26Z,BOP-SECTOR-A,CAM-A-PERIMETER,LOITERING,12,human,person,0.65,-,0.0,WARNING,Stationary 10s within 0.24x height (movement 0.03 heights/s)
08:30:20,2026-09-23T03:00:26Z,BOP-SECTOR-A,CAM-A-PERIMETER,INTRUSION_ALERT,89,human,person,0.736,-,0.0,UNKNOWN_INTRUDER,"UNKNOWN PERSON | OUTBOUND (Northbound) at (1093, 591) | ID:NONE"
08:30:20,2026-09-23T03:00:26Z,BOP-SECTOR-A,CAM-A-PERIMETER,LOITERING,213,human,person,0.65,-,0.0,WARNING,Stationary 11s within 0.35x height (movement 0.04 heights/s)
08:30:22,2026-09-23T03:00:26Z,BOP-SECTOR-A,CAM-A-PERIMETER,LOITERING,30,human,person,0.65,-,0.0,WARNING,Stationary 10s within 0.29x height (movement 0.03 heights/s)
08:30:25,2026-09-23T03:00:26Z,BOP-SECTOR-A,CAM-A-PERIMETER,LOITERING,214,human,person,0.65,-,0.0,WARNING,Stationary 9s within 0.23x height (movement 0.04 heights/s)
08:30:27,2026-09-23T03:00:28Z,BOP-SECTOR-B,CAM-B-TRIPWIRE,LOITERING,52,human,person,0.65,-,0.0,WARNING,Stationary 12s within 0.14x height (movement 0.01 heights/s)
08:30:28,2026-09-23T03:00:42Z,BOP-SECTOR-A,CAM-A-PERIMETER,LOITERING,85,human,person,0.65,-,0.0,WARNING,Stationary 85s within 0.32x height (movement 0.03 heights/s)
08:30:28,2026-09-23T03:00:42Z,BOP-SECTOR-A,CAM-A-PERIMETER,LOITERING,221,human,person,0.65,-,0.0,WARNING,Stationary 10s within 0.15x height (movement 0.05 heights/s)
08:30:30,2026-09-23T03:00:42Z,BOP-SECTOR-A,CAM-A-PERIMETER,GROUP_CONVERGENCE,71,human,person,0.6,-,0.0,NOTICE,"4 persons converged within 1.6 body-lengths (tracks [71, 151, 177, 215])"
08:30:32,2026-09-23T03:00:42Z,BOP-SECTOR-A,CAM-A-PERIMETER,LOITERING,71,human,person,0.65,-,0.0,WARNING,Stationary 91s within 0.25x height (movement 0.07 heights/s)
08:30:33,2026-09-23T03:00:42Z,BOP-SECTOR-A,CAM-A-PERIMETER,INTRUSION_ALERT,209,human,person,0.757,-,0.0,UNKNOWN_INTRUDER,"UNKNOWN PERSON | INBOUND (Southbound) at (264, 613) | ID:NONE"
08:30:38,2026-09-23T03:00:42Z,BOP-SECTOR-A,CAM-A-PERIMETER,LOITERING,227,human,person,0.65,-,0.0,WARNING,Stationary 9s within 0.01x height (movement 0.00 heights/s)
08:30:39,2026-09-23T03:00:42Z,BOP-SECTOR-A,CAM-A-PERIMETER,LOITERING,224,human,person,0.65,-,0.0,WARNING,Stationary 19s within 0.06x height (movement 0.01 heights/s)
08:30:41,2026-09-23T03:00:42Z,BOP-SECTOR-A,CAM-A-PERIMETER,LOITERING,220,human,person,0.65,-,0.0,WARNING,Stationary 9s within 0.24x height (movement 0.05 heights/s)
08:30:45,2026-09-23T03:00:46Z,BOP-SECTOR-B,CAM-B-TRIPWIRE,INTRUSION_ALERT,51,human,person,0.719,-,0.0,UNKNOWN_INTRUDER,"UNKNOWN PERSON | INBOUND (Southbound) at (463, 282) | ID:NONE"
08:30:52,2026-09-23T03:00:53Z,BOP-SECTOR-B,CAM-B-TRIPWIRE,GROUP_CONVERGENCE,8,human,person,0.6,-,0.0,NOTICE,"3 persons converged within 1.6 body-lengths (tracks [8, 17, 35])"
08:30:43,2026-09-23T03:00:58Z,BOP-SECTOR-A,CAM-A-PERIMETER,LOITERING,181,human,person,0.65,-,0.0,WARNING,Stationary 58s within 0.26x height (movement 0.02 heights/s)
08:30:50,2026-09-23T03:00:58Z,BOP-SECTOR-A,CAM-A-PERIMETER,LOITERING,221,human,person,0.65,-,0.0,WARNING,Stationary 31s within 0.34x height (movement 0.02 heights/s)
08:30:51,2026-09-23T03:00:58Z,BOP-SECTOR-A,CAM-A-PERIMETER,LOITERING,198,human,person,0.65,-,0.0,WARNING,Stationary 14s within 0.04x height (movement 0.00 heights/s)
08:30:53,2026-09-23T03:00:58Z,BOP-SECTOR-A,CAM-A-PERIMETER,LOITERING,57,human,person,0.65,-,0.0,WARNING,Stationary 9s within 0.32x height (movement 0.03 heights/s)
08:30:55,2026-09-23T03:00:58Z,BOP-SECTOR-A,CAM-A-PERIMETER,INTRUSION_ALERT,30,human,person,0.709,-,0.0,UNKNOWN_INTRUDER,"UNKNOWN PERSON | OUTBOUND (Northbound) at (1212, 569) | ID:NONE"
08:31:04,2026-09-23T03:01:05Z,BOP-SECTOR-B,CAM-B-TRIPWIRE,LOITERING,17,human,person,0.65,-,0.0,WARNING,Stationary 15s within 0.19x height (movement 0.02 heights/s)
08:31:11,2026-09-23T03:01:12Z,BOP-SECTOR-B,CAM-B-TRIPWIRE,INTRUSION_ALERT,22,human,person,0.792,-,0.0,UNKNOWN_INTRUDER,"UNKNOWN PERSON | OUTBOUND (Northbound) at (474, 277) | ID:NONE"
08:31:12,2026-09-23T03:01:13Z,BOP-SECTOR-B,CAM-B-TRIPWIRE,LOITERING,61,human,person,0.65,-,0.0,WARNING,Stationary 14s within 0.31x height (movement 0.01 heights/s)
08:30:57,2026-09-23T03:01:14Z,BOP-SECTOR-A,CAM-A-PERIMETER,LOITERING,85,human,person,0.65,-,0.0,WARNING,Stationary 114s within 0.32x height (movement 0.01 heights/s)
08:30:57,2026-09-23T03:01:14Z,BOP-SECTOR-A,CAM-A-PERIMETER,LOITERING,226,human,person,0.65,-,0.0,WARNING,Stationary 15s within 0.28x height (movement 0.02 heights/s)
08:30:58,2026-09-23T03:01:14Z,BOP-SECTOR-A,CAM-A-PERIMETER,INTRUSION_ALERT,235,human,person,0.758,-,0.0,UNKNOWN_INTRUDER,"UNKNOWN PERSON | INBOUND (Southbound) at (1801, 622) | ID:NONE"
08:30:58,2026-09-23T03:01:14Z,BOP-SECTOR-A,CAM-A-PERIMETER,LOITERING,40,human,person,0.65,-,0.0,WARNING,Stationary 10s within 0.32x height (movement 0.03 heights/s)
08:31:00,2026-09-23T03:01:14Z,BOP-SECTOR-A,CAM-A-PERIMETER,LOITERING,236,human,person,0.65,-,0.0,WARNING,Stationary 15s within 0.24x height (movement 0.06 heights/s)
08:31:00,2026-09-23T03:01:14Z,BOP-SECTOR-A,CAM-A-PERIMETER,LOITERING,238,human,person,0.65,-,0.0,WARNING,Stationary 10s within 0.10x height (movement 0.01 heights/s)
08:31:02,2026-09-23T03:01:14Z,BOP-SECTOR-A,CAM-A-PERIMETER,LOITERING,227,human,person,0.65,-,0.0,WARNING,Stationary 33s within 0.27x height (movement 0.00 heights/s)
08:31:04,2026-09-23T03:01:14Z,BOP-SECTOR-A,CAM-A-PERIMETER,LOITERING,104,human,person,0.65,-,0.0,WARNING,Stationary 10s within 0.05x height (movement 0.01 heights/s)
08:31:13,2026-09-23T03:01:14Z,BOP-SECTOR-B,CAM-B-TRIPWIRE,GROUP_CONVERGENCE,60,human,person,0.6,-,0.0,NOTICE,"4 persons converged within 1.6 body-lengths (tracks [60, 62, 64, 65])"
08:31:04,2026-09-23T03:01:14Z,BOP-SECTOR-A,CAM-A-PERIMETER,LOITERING,246,human,person,0.65,-,0.0,WARNING,Stationary 10s within 0.19x height (movement 0.02 heights/s)
08:31:05,2026-09-23T03:01:14Z,BOP-SECTOR-A,CAM-A-PERIMETER,LOITERING,220,human,person,0.65,-,0.0,WARNING,Stationary 34s within 0.31x height (movement 0.01 heights/s)
08:31:07,2026-09-23T03:01:14Z,BOP-SECTOR-A,CAM-A-PERIMETER,LOITERING,242,human,person,0.65,-,0.0,WARNING,Stationary 15s within 0.32x height (movement 0.02 heights/s)
08:31:07,2026-09-23T03:01:14Z,BOP-SECTOR-A,CAM-A-PERIMETER,LOITERING,181,human,person,0.65,-,0.0,WARNING,Stationary 82s within 0.27x height (movement 0.01 heights/s)
08:31:11,2026-09-23T03:01:14Z,BOP-SECTOR-A,CAM-A-PERIMETER,LOITERING,114,human,person,0.65,-,0.0,WARNING,Stationary 20s within 0.01x height (movement 0.00 heights/s)
08:31:18,2026-09-23T03:01:20Z,BOP-SECTOR-B,CAM-B-TRIPWIRE,LOITERING,63,human,person,0.65,-,0.0,WARNING,Stationary 15s within 0.04x height (movement 0.00 heights/s)
08:31:23,2026-09-23T03:01:24Z,BOP-SECTOR-B,CAM-B-TRIPWIRE,LOITERING,65,human,person,0.65,-,0.0,WARNING,Stationary 10s within 0.21x height (movement 0.02 heights/s)
08:31:26,2026-09-23T03:01:27Z,BOP-SECTOR-B,CAM-B-TRIPWIRE,LOITERING,17,human,person,0.65,-,0.0,WARNING,Stationary 37s within 0.27x height (movement 0.03 heights/s)
08:31:13,2026-09-23T03:01:29Z,BOP-SECTOR-A,CAM-A-PERIMETER,LOITERING,249,human,person,0.65,-,0.0,WARNING,Stationary 10s within 0.24x height (movement 0.05 heights/s)
08:31:14,2026-09-23T03:01:29Z,BOP-SECTOR-A,CAM-A-PERIMETER,LOITERING,252,human,person,0.65,-,0.0,WARNING,Stationary 10s within 0.23x height (movement 0.03 heights/s)
08:31:18,2026-09-23T03:01:29Z,BOP-SECTOR-A,CAM-A-PERIMETER,LOITERING,254,human,person,0.65,-,0.0,WARNING,Stationary 11s within 0.01x height (movement 0.00 heights/s)
08:31:18,2026-09-23T03:01:29Z,BOP-SECTOR-A,CAM-A-PERIMETER,LOITERING,157,human,person,0.65,-,0.0,WARNING,Stationary 11s within 0.04x height (movement 0.00 heights/s)
08:31:18,2026-09-23T03:01:29Z,BOP-SECTOR-A,CAM-A-PERIMETER,LOITERING,228,human,person,0.65,-,0.0,WARNING,Stationary 11s within 0.00x height (movement 0.00 heights/s)
08:31:19,2026-09-23T03:01:29Z,BOP-SECTOR-A,CAM-A-PERIMETER,LOITERING,250,human,person,0.65,-,0.0,WARNING,Stationary 16s within 0.26x height (movement 0.03 heights/s)
08:31:25,2026-09-23T03:01:29Z,BOP-SECTOR-A,CAM-A-PERIMETER,INTRUSION_ALERT,204,human,person,0.676,-,0.0,UNKNOWN_INTRUDER,"UNKNOWN PERSON | OUTBOUND (Northbound) at (733, 592) | ID:NONE"
08:31:27,2026-09-23T03:01:29Z,BOP-SECTOR-A,CAM-A-PERIMETER,LOITERING,257,human,person,0.65,-,0.0,WARNING,Stationary 9s within 0.21x height (movement 0.03 heights/s)
08:31:46,2026-09-23T03:01:47Z,BOP-SECTOR-B,CAM-B-TRIPWIRE,LOITERING,11,human,person,0.65,-,0.0,WARNING,Stationary 9s within 0.02x height (movement 0.00 heights/s)
08:31:57,2026-09-23T03:02:00Z,BOP-SECTOR-B,CAM-B-TRIPWIRE,INTRUSION_ALERT,13,human,person,0.855,-,0.0,UNKNOWN_INTRUDER,"UNKNOWN PERSON | INBOUND (Southbound) at (419, 286) | ID:NONE"
08:31:59,2026-09-23T03:02:00Z,BOP-SECTOR-B,CAM-B-TRIPWIRE,AUTHORIZED_PATROL,14,human,person,0.848,-,0.0,AUTHORIZED_PATROL,"Inspector A. Sharma (SSB-1044) | OUTBOUND (Northbound) at (462, 270) | ID:SIMULATED_DEMO_ID"
08:31:53,2026-09-23T03:02:01Z,BOP-SECTOR-B,CAM-B-TRIPWIRE,GROUP_CONVERGENCE,22,human,person,0.6,-,0.0,NOTICE,"3 persons converged within 1.6 body-lengths (tracks [22, 35, 64])"
08:32:05,2026-09-23T03:02:06Z,BOP-SECTOR-B,CAM-B-TRIPWIRE,LOITERING,4,human,person,0.65,-,0.0,WARNING,Stationary 14s within 0.06x height (movement 0.00 heights/s)
08:32:09,2026-09-23T03:02:12Z,BOP-SECTOR-B,CAM-B-TRIPWIRE,INTRUSION_ALERT,3,human,person,0.814,-,0.0,UNKNOWN_INTRUDER,"UNKNOWN PERSON | OUTBOUND (Northbound) at (436, 256) | ID:NONE"
08:32:19,2026-09-23T03:02:22Z,BOP-SECTOR-B,CAM-B-TRIPWIRE,INTRUSION_ALERT,22,human,person,0.885,-,0.0,UNKNOWN_INTRUDER,"UNKNOWN PERSON | INBOUND (Southbound) at (462, 307) | ID:NONE"
08:32:18,2026-09-23T03:02:27Z,BOP-SECTOR-B,CAM-B-TRIPWIRE,INTRUSION_ALERT,77,human,person,0.806,-,0.0,UNKNOWN_INTRUDER,"UNKNOWN PERSON | INBOUND (Southbound) at (412, 281) | ID:NONE"
08:32:22,2026-09-23T03:02:27Z,BOP-SECTOR-B,CAM-B-TRIPWIRE,LOITERING,73,human,person,0.65,-,0.0,WARNING,Stationary 25s within 0.24x height (movement 0.02 heights/s)
08:31:28,2026-09-23T03:02:29Z,BOP-SECTOR-A,CAM-A-PERIMETER,LOITERING,227,human,person,0.65,-,0.0,WARNING,Stationary 60s within 0.32x height (movement 0.00 heights/s)
08:31:28,2026-09-23T03:02:29Z,BOP-SECTOR-A,CAM-A-PERIMETER,LOITERING,181,human,person,0.65,-,0.0,WARNING,Stationary 104s within 0.28x height (movement 0.01 heights/s)
08:31:31,2026-09-23T03:02:29Z,BOP-SECTOR-A,CAM-A-PERIMETER,INTRUSION_ALERT,195,human,person,0.774,-,0.0,UNKNOWN_INTRUDER,"UNKNOWN PERSON | INBOUND (Southbound) at (1870, 627) | ID:NONE"
08:31:31,2026-09-23T03:02:29Z,BOP-SECTOR-A,CAM-A-PERIMETER,LOITERING,260,human,person,0.65,-,0.0,WARNING,Stationary 12s within 0.33x height (movement 0.05 heights/s)
08:31:33,2026-09-23T03:02:29Z,BOP-SECTOR-A,CAM-A-PERIMETER,GROUP_CONVERGENCE,81,human,person,0.6,-,0.0,NOTICE,"4 persons converged within 1.6 body-lengths (tracks [81, 140, 159, 227])"
08:31:34,2026-09-23T03:02:29Z,BOP-SECTOR-A,CAM-A-PERIMETER,LOITERING,267,human,person,0.65,-,0.0,WARNING,Stationary 11s within 0.30x height (movement 0.03 heights/s)
08:31:34,2026-09-23T03:02:29Z,BOP-SECTOR-A,CAM-A-PERIMETER,LOITERING,208,human,person,0.65,-,0.0,WARNING,Stationary 11s within 0.19x height (movement 0.02 heights/s)
08:31:35,2026-09-23T03:02:29Z,BOP-SECTOR-A,CAM-A-PERIMETER,LOITERING,268,human,person,0.65,-,0.0,WARNING,Stationary 11s within 0.30x height (movement 0.04 heights/s)
08:31:35,2026-09-23T03:02:29Z,BOP-SECTOR-A,CAM-A-PERIMETER,LOITERING,269,human,person,0.65,-,0.0,WARNING,Stationary 11s within 0.14x height (movement 0.02 heights/s)
08:31:36,2026-09-23T03:02:29Z,BOP-SECTOR-A,CAM-A-PERIMETER,LOITERING,43,human,person,0.65,-,0.0,WARNING,Stationary 11s within 0.00x height (movement 0.00 heights/s)
08:31:38,2026-09-23T03:02:29Z,BOP-SECTOR-A,CAM-A-PERIMETER,LOITERING,157,human,person,0.65,-,0.0,WARNING,Stationary 32s within 0.32x height (movement 0.00 heights/s)
08:31:45,2026-09-23T03:02:30Z,BOP-SECTOR-A,CAM-A-PERIMETER,LOITERING,254,human,person,0.65,-,0.0,WARNING,Stationary 38s within 0.20x height (movement 0.02 heights/s)
08:31:45,2026-09-23T03:02:30Z,BOP-SECTOR-A,CAM-A-PERIMETER,LOITERING,274,human,person,0.65,-,0.0,WARNING,Stationary 17s within 0.03x height (movement 0.00 heights/s)
08:31:49,2026-09-23T03:02:30Z,BOP-SECTOR-A,CAM-A-PERIMETER,LOITERING,257,human,person,0.65,-,0.0,WARNING,Stationary 31s within 0.22x height (movement 0.05 heights/s)
08:31:49,2026-09-23T03:02:30Z,BOP-SECTOR-A,CAM-A-PERIMETER,LOITERING,110,human,person,0.65,-,0.0,WARNING,Stationary 17s within 0.00x height (movement 0.00 heights/s)
08:31:51,2026-09-23T03:02:30Z,BOP-SECTOR-A,CAM-A-PERIMETER,LOITERING,181,human,person,0.65,-,0.0,WARNING,Stationary 127s within 0.31x height (movement 0.01 heights/s)
08:31:52,2026-09-23T03:02:30Z,BOP-SECTOR-A,CAM-A-PERIMETER,RUNNING,2,human,person,0.7,-,0.0,WARNING,Running at 11.06 body-heights/s (threshold 1.60) for 0.9s
08:31:53,2026-09-23T03:02:30Z,BOP-SECTOR-A,CAM-A-PERIMETER,INTRUSION_ALERT,43,human,person,0.694,-,0.0,UNKNOWN_INTRUDER,"UNKNOWN PERSON | INBOUND (Southbound) at (1047, 609) | ID:NONE"
08:31:54,2026-09-23T03:02:30Z,BOP-SECTOR-A,CAM-A-PERIMETER,LOITERING,282,human,person,0.65,-,0.0,WARNING,Stationary 13s within 0.33x height (movement 0.04 heights/s)
08:31:56,2026-09-23T03:02:30Z,BOP-SECTOR-A,CAM-A-PERIMETER,LOITERING,280,human,person,0.65,-,0.0,WARNING,Stationary 17s within 0.00x height (movement 0.00 heights/s)
08:31:56,2026-09-23T03:02:30Z,BOP-SECTOR-A,CAM-A-PERIMETER,LOITERING,87,human,person,0.65,-,0.0,WARNING,Stationary 17s within 0.02x height (movement 0.00 heights/s)
08:31:58,2026-09-23T03:02:30Z,BOP-SECTOR-A,CAM-A-PERIMETER,LOITERING,283,human,person,0.65,-,0.0,WARNING,Stationary 17s within 0.33x height (movement 0.03 heights/s)
08:31:58,2026-09-23T03:02:30Z,BOP-SECTOR-A,CAM-A-PERIMETER,LOITERING,21,human,person,0.65,-,0.0,WARNING,Stationary 11s within 0.04x height (movement 0.00 heights/s)
08:31:59,2026-09-23T03:02:30Z,BOP-SECTOR-A,CAM-A-PERIMETER,LOITERING,20,human,person,0.65,-,0.0,WARNING,Stationary 16s within 0.12x height (movement 0.01 heights/s)
08:31:59,2026-09-23T03:02:30Z,BOP-SECTOR-A,CAM-A-PERIMETER,LOITERING,50,human,person,0.65,-,0.0,WARNING,Stationary 16s within 0.19x height (movement 0.01 heights/s)
08:32:00,2026-09-23T03:02:30Z,BOP-SECTOR-A,CAM-A-PERIMETER,LOITERING,285,human,person,0.65,-,0.0,WARNING,Stationary 17s within 0.34x height (movement 0.04 heights/s)
08:32:02,2026-09-23T03:02:30Z,BOP-SECTOR-A,CAM-A-PERIMETER,INTRUSION_ALERT,276,human,person,0.744,-,0.0,UNKNOWN_INTRUDER,"UNKNOWN PERSON | OUTBOUND (Northbound) at (781, 579) | ID:NONE"
08:32:03,2026-09-23T03:02:31Z,BOP-SECTOR-A,CAM-A-PERIMETER,LOITERING,290,human,person,0.65,-,0.0,WARNING,Stationary 17s within 0.02x height (movement 0.00 heights/s)
08:32:07,2026-09-23T03:02:31Z,BOP-SECTOR-A,CAM-A-PERIMETER,LOITERING,293,human,person,0.65,-,0.0,WARNING,Stationary 14s within 0.21x height (movement 0.01 heights/s)
08:32:09,2026-09-23T03:02:31Z,BOP-SECTOR-A,CAM-A-PERIMETER,LOITERING,296,human,person,0.65,-,0.0,WARNING,Stationary 12s within 0.35x height (movement 0.05 heights/s)
08:32:09,2026-09-23T03:02:31Z,BOP-SECTOR-A,CAM-A-PERIMETER,LOITERING,292,human,person,0.65,-,0.0,WARNING,Stationary 17s within 0.29x height (movement 0.03 heights/s)
08:32:09,2026-09-23T03:02:31Z,BOP-SECTOR-A,CAM-A-PERIMETER,LOITERING,257,human,person,0.65,-,0.0,WARNING,Stationary 51s within 0.22x height (movement 0.03 heights/s)
08:32:13,2026-09-23T03:02:31Z,BOP-SECTOR-A,CAM-A-PERIMETER,INTRUSION_ALERT,20,human,person,0.835,-,0.0,UNKNOWN_INTRUDER,"UNKNOWN PERSON | INBOUND (Southbound) at (1275, 602) | ID:NONE"
08:32:13,2026-09-23T03:02:31Z,BOP-SECTOR-A,CAM-A-PERIMETER,LOITERING,44,human,person,0.65,-,0.0,WARNING,Stationary 20s within 0.20x height (movement 0.01 heights/s)
08:32:13,2026-09-23T03:02:31Z,BOP-SECTOR-A,CAM-A-PERIMETER,GROUP_CONVERGENCE,44,human,person,0.6,-,0.0,NOTICE,"3 persons converged within 1.6 body-lengths (tracks [44, 67, 107])"
08:32:14,2026-09-23T03:02:31Z,BOP-SECTOR-A,CAM-A-PERIMETER,LOITERING,298,human,person,0.65,-,0.0,WARNING,Stationary 14s within 0.02x height (movement 0.00 heights/s)
08:32:17,2026-09-23T03:02:32Z,BOP-SECTOR-A,CAM-A-PERIMETER,INTRUSION_ALERT,290,human,person,0.755,-,0.0,UNKNOWN_INTRUDER,"UNKNOWN PERSON | OUTBOUND (Northbound) at (270, 599) | ID:NONE"
08:32:19,2026-09-23T03:02:32Z,BOP-SECTOR-A,CAM-A-PERIMETER,LOITERING,300,human,person,0.65,-,0.0,WARNING,Stationary 15s within 0.23x height (movement 0.02 heights/s)
08:32:19,2026-09-23T03:02:32Z,BOP-SECTOR-A,CAM-A-PERIMETER,LOITERING,150,human,person,0.65,-,0.0,WARNING,Stationary 15s within 0.28x height (movement 0.02 heights/s)
08:32:24,2026-09-23T03:02:32Z,BOP-SECTOR-A,CAM-A-PERIMETER,LOITERING,226,human,person,0.65,-,0.0,WARNING,Stationary 14s within 0.09x height (movement 0.01 heights/s)
08:32:26,2026-09-23T03:02:32Z,BOP-SECTOR-A,CAM-A-PERIMETER,LOITERING,302,human,person,0.65,-,0.0,WARNING,Stationary 13s within 0.13x height (movement 0.01 heights/s)
08:32:26,2026-09-23T03:02:33Z,BOP-SECTOR-B,CAM-B-TRIPWIRE,LOITERING,51,human,person,0.65,-,0.0,WARNING,Stationary 18s within 0.05x height (movement 0.00 heights/s)
08:32:32,2026-09-23T03:02:43Z,BOP-SECTOR-B,CAM-B-TRIPWIRE,LOITERING,79,human,person,0.65,-,0.0,WARNING,Stationary 14s within 0.30x height (movement 0.05 heights/s)
08:32:38,2026-09-23T03:02:43Z,BOP-SECTOR-B,CAM-B-TRIPWIRE,LOITERING,81,human,person,0.65,-,0.0,WARNING,Stationary 13s within 0.27x height (movement 0.02 heights/s)
08:32:43,2026-09-23T03:02:45Z,BOP-SECTOR-B,CAM-B-TRIPWIRE,INTRUSION_ALERT,15,human,person,0.829,-,0.0,UNKNOWN_INTRUDER,"UNKNOWN PERSON | OUTBOUND (Northbound) at (460, 269) | ID:NONE"
08:32:49,2026-09-23T03:02:51Z,BOP-SECTOR-B,CAM-B-TRIPWIRE,LOITERING,4,human,person,0.65,-,0.0,WARNING,Stationary 13s within 0.15x height (movement 0.01 heights/s)
08:32:49,2026-09-23T03:02:51Z,BOP-SECTOR-B,CAM-B-TRIPWIRE,LOITERING,24,human,person,0.65,-,0.0,WARNING,Stationary 16s within 0.24x height (movement 0.04 heights/s)
08:32:49,2026-09-23T03:02:51Z,BOP-SECTOR-B,CAM-B-TRIPWIRE,LOITERING,25,human,person,0.65,-,0.0,WARNING,Stationary 13s within 0.25x height (movement 0.02 heights/s)
08:32:51,2026-09-23T03:02:55Z,BOP-SECTOR-B,CAM-B-TRIPWIRE,LOITERING,35,human,person,0.65,-,0.0,WARNING,Stationary 19s within 0.21x height (movement 0.02 heights/s)
08:32:57,2026-09-23T03:02:58Z,BOP-SECTOR-B,CAM-B-TRIPWIRE,INTRUSION_ALERT,30,human,person,0.83,-,0.0,UNKNOWN_INTRUDER,"UNKNOWN PERSON | INBOUND (Southbound) at (416, 285) | ID:NONE"
08:32:56,2026-09-23T03:03:00Z,BOP-SECTOR-B,CAM-B-TRIPWIRE,LOITERING,17,human,person,0.65,-,0.0,WARNING,Stationary 10s within 0.00x height (movement 0.00 heights/s)
08:33:03,2026-09-23T03:03:06Z,BOP-SECTOR-B,CAM-B-TRIPWIRE,LOITERING,73,human,person,0.65,-,0.0,WARNING,Stationary 15s within 0.30x height (movement 0.02 heights/s)
08:33:13,2026-09-23T03:03:15Z,BOP-SECTOR-B,CAM-B-TRIPWIRE,INTRUSION_ALERT,31,human,person,0.743,-,0.0,UNKNOWN_INTRUDER,"UNKNOWN PERSON | OUTBOUND (Northbound) at (451, 265) | ID:NONE"
08:33:13,2026-09-23T03:03:15Z,BOP-SECTOR-B,CAM-B-TRIPWIRE,LOITERING,31,human,person,0.65,-,0.0,WARNING,Stationary 17s within 0.32x height (movement 0.03 heights/s)
08:33:13,2026-09-23T03:03:15Z,BOP-SECTOR-B,CAM-B-TRIPWIRE,LOITERING,30,human,person,0.65,-,0.0,WARNING,Stationary 17s within 0.24x height (movement 0.01 heights/s)
08:33:23,2026-09-23T03:03:25Z,BOP-SECTOR-B,CAM-B-TRIPWIRE,INTRUSION_ALERT,35,human,person,0.815,-,0.0,UNKNOWN_INTRUDER,"UNKNOWN PERSON | INBOUND (Southbound) at (417, 285) | ID:NONE"
08:33:28,2026-09-23T03:03:32Z,BOP-SECTOR-B,CAM-B-TRIPWIRE,LOITERING,51,human,person,0.65,-,0.0,WARNING,Stationary 9s within 0.27x height (movement 0.03 heights/s)
08:32:30,2026-09-23T03:03:32Z,BOP-SECTOR-A,CAM-A-PERIMETER,LOITERING,257,human,person,0.65,-,0.0,WARNING,Stationary 73s within 0.22x height (movement 0.03 heights/s)
08:32:32,2026-09-23T03:03:32Z,BOP-SECTOR-A,CAM-A-PERIMETER,GROUP_CONVERGENCE,252,human,person,0.6,-,0.0,NOTICE,"3 persons converged within 1.6 body-lengths (tracks [252, 292, 314])"
08:32:34,2026-09-23T03:03:32Z,BOP-SECTOR-A,CAM-A-PERIMETER,LOITERING,204,human,person,0.65,-,0.0,WARNING,Stationary 17s within 0.20x height (movement 0.01 heights/s)
08:32:35,2026-09-23T03:03:32Z,BOP-SECTOR-A,CAM-A-PERIMETER,LOITERING,157,human,person,0.65,-,0.0,WARNING,Stationary 13s within 0.05x height (movement 0.00 heights/s)
08:32:35,2026-09-23T03:03:32Z,BOP-SECTOR-A,CAM-A-PERIMETER,LOITERING,59,human,person,0.65,-,0.0,WARNING,Stationary 13s within 0.32x height (movement 0.02 heights/s)
08:32:46,2026-09-23T03:03:32Z,BOP-SECTOR-A,CAM-A-PERIMETER,LOITERING,21,human,person,0.65,-,0.0,WARNING,Stationary 19s within 0.07x height (movement 0.00 heights/s)
08:32:47,2026-09-23T03:03:32Z,BOP-SECTOR-A,CAM-A-PERIMETER,LOITERING,307,human,person,0.65,-,0.0,WARNING,Stationary 13s within 0.01x height (movement 0.00 heights/s)
08:32:47,2026-09-23T03:03:32Z,BOP-SECTOR-A,CAM-A-PERIMETER,LOITERING,50,human,person,0.65,-,0.0,WARNING,Stationary 13s within 0.09x height (movement 0.01 heights/s)
08:32:47,2026-09-23T03:03:32Z,BOP-SECTOR-A,CAM-A-PERIMETER,LOITERING,312,human,person,0.65,-,0.0,WARNING,Stationary 14s within 0.34x height (movement 0.02 heights/s)
08:32:50,2026-09-23T03:03:32Z,BOP-SECTOR-A,CAM-A-PERIMETER,LOITERING,140,human,person,0.65,-,0.0,WARNING,Stationary 12s within 0.11x height (movement 0.01 heights/s)
08:32:50,2026-09-23T03:03:32Z,BOP-SECTOR-A,CAM-A-PERIMETER,LOITERING,274,human,person,0.65,-,0.0,WARNING,Stationary 19s within 0.23x height (movement 0.01 heights/s)
08:32:53,2026-09-23T03:03:32Z,BOP-SECTOR-A,CAM-A-PERIMETER,LOITERING,43,human,person,0.65,-,0.0,WARNING,Stationary 34s within 0.35x height (movement 0.02 heights/s)
08:32:53,2026-09-23T03:03:32Z,BOP-SECTOR-A,CAM-A-PERIMETER,LOITERING,305,human,person,0.65,-,0.0,WARNING,Stationary 10s within 0.19x height (movement 0.03 heights/s)
08:32:55,2026-09-23T03:03:32Z,BOP-SECTOR-A,CAM-A-PERIMETER,GROUP_CONVERGENCE,105,human,person,0.6,-,0.0,NOTICE,"3 persons converged within 1.6 body-lengths (tracks [105, 204, 285])"
08:32:56,2026-09-23T03:03:33Z,BOP-SECTOR-A,CAM-A-PERIMETER,INTRUSION_ALERT,178,human,person,0.745,-,0.0,UNKNOWN_INTRUDER,"UNKNOWN PERSON | INBOUND (Southbound) at (1241, 663) | ID:NONE"
08:32:56,2026-09-23T03:03:33Z,BOP-SECTOR-A,CAM-A-PERIMETER,LOITERING,257,human,person,0.65,-,0.0,WARNING,Stationary 98s within 0.22x height (movement 0.03 heights/s)
08:33:04,2026-09-23T03:03:33Z,BOP-SECTOR-A,CAM-A-PERIMETER,LOITERING,273,human,person,0.65,-,0.0,WARNING,Stationary 21s within 0.12x height (movement 0.01 heights/s)
08:33:07,2026-09-23T03:03:33Z,BOP-SECTOR-A,CAM-A-PERIMETER,LOITERING,306,human,person,0.65,-,0.0,WARNING,Stationary 14s within 0.01x height (movement 0.00 heights/s)
08:33:10,2026-09-23T03:03:33Z,BOP-SECTOR-A,CAM-A-PERIMETER,LOITERING,59,human,person,0.65,-,0.0,WARNING,Stationary 14s within 0.22x height (movement 0.02 heights/s)
08:33:10,2026-09-23T03:03:33Z,BOP-SECTOR-A,CAM-A-PERIMETER,LOITERING,114,human,person,0.65,-,0.0,WARNING,Stationary 20s within 0.26x height (movement 0.01 heights/s)
08:33:10,2026-09-23T03:03:33Z,BOP-SECTOR-A,CAM-A-PERIMETER,LOITERING,33,human,person,0.65,-,0.0,WARNING,Stationary 14s within 0.04x height (movement 0.00 heights/s)
08:33:12,2026-09-23T03:03:33Z,BOP-SECTOR-A,CAM-A-PERIMETER,LOITERING,274,human,person,0.65,-,0.0,WARNING,Stationary 41s within 0.31x height (movement 0.01 heights/s)
08:33:13,2026-09-23T03:03:33Z,BOP-SECTOR-A,CAM-A-PERIMETER,LOITERING,161,human,person,0.65,-,0.0,WARNING,Stationary 16s within 0.07x height (movement 0.00 heights/s)
08:33:14,2026-09-23T03:03:33Z,BOP-SECTOR-A,CAM-A-PERIMETER,LOITERING,215,human,person,0.65,-,0.0,WARNING,Stationary 14s within 0.16x height (movement 0.02 heights/s)
08:33:14,2026-09-23T03:03:33Z,BOP-SECTOR-A,CAM-A-PERIMETER,LOITERING,68,human,person,0.65,-,0.0,WARNING,Stationary 14s within 0.15x height (movement 0.01 heights/s)
08:33:14,2026-09-23T03:03:33Z,BOP-SECTOR-A,CAM-A-PERIMETER,LOITERING,329,human,person,0.65,-,0.0,WARNING,Stationary 14s within 0.09x height (movement 0.01 heights/s)
08:33:16,2026-09-23T03:03:33Z,BOP-SECTOR-A,CAM-A-PERIMETER,LOITERING,195,human,person,0.65,-,0.0,WARNING,Stationary 10s within 0.19x height (movement 0.03 heights/s)
08:33:16,2026-09-23T03:03:33Z,BOP-SECTOR-A,CAM-A-PERIMETER,GROUP_CONVERGENCE,285,human,person,0.6,-,0.0,NOTICE,"4 persons converged within 1.6 body-lengths (tracks [285, 311, 324, 325])"
08:33:17,2026-09-23T03:03:33Z,BOP-SECTOR-A,CAM-A-PERIMETER,LOITERING,257,human,person,0.65,-,0.0,WARNING,Stationary 120s within 0.26x height (movement 0.03 heights/s)
08:33:21,2026-09-23T03:03:33Z,BOP-SECTOR-A,CAM-A-PERIMETER,INTRUSION_ALERT,215,human,person,0.722,-,0.0,UNKNOWN_INTRUDER,"UNKNOWN PERSON | OUTBOUND (Northbound) at (596, 565) | ID:NONE"
08:33:21,2026-09-23T03:03:33Z,BOP-SECTOR-A,CAM-A-PERIMETER,LOITERING,332,human,person,0.65,-,0.0,WARNING,Stationary 14s within 0.17x height (movement 0.01 heights/s)
08:33:21,2026-09-23T03:03:33Z,BOP-SECTOR-A,CAM-A-PERIMETER,LOITERING,305,human,person,0.65,-,0.0,WARNING,Stationary 38s within 0.21x height (movement 0.02 heights/s)
08:33:22,2026-09-23T03:03:33Z,BOP-SECTOR-A,CAM-A-PERIMETER,INTRUSION_ALERT,214,human,person,0.774,-,0.0,UNKNOWN_INTRUDER,"UNKNOWN PERSON | INBOUND (Southbound) at (1870, 627) | ID:NONE"
08:33:22,2026-09-23T03:03:34Z,BOP-SECTOR-A,CAM-A-PERIMETER,LOITERING,62,human,person,0.65,-,0.0,WARNING,Stationary 14s within 0.20x height (movement 0.01 heights/s)
08:33:26,2026-09-23T03:03:34Z,BOP-SECTOR-A,CAM-A-PERIMETER,LOITERING,181,human,person,0.65,-,0.0,WARNING,Stationary 20s within 0.03x height (movement 0.00 heights/s)
08:33:26,2026-09-23T03:03:34Z,BOP-SECTOR-A,CAM-A-PERIMETER,LOITERING,201,human,person,0.65,-,0.0,WARNING,Stationary 20s within 0.09x height (movement 0.00 heights/s)
08:33:27,2026-09-23T03:03:34Z,BOP-SECTOR-A,CAM-A-PERIMETER,LOITERING,100,human,person,0.65,-,0.0,WARNING,Stationary 19s within 0.29x height (movement 0.01 heights/s)
08:33:28,2026-09-23T03:03:34Z,BOP-SECTOR-A,CAM-A-PERIMETER,LOITERING,178,human,person,0.65,-,0.0,WARNING,Stationary 17s within 0.20x height (movement 0.01 heights/s)
08:33:35,2026-09-23T03:05:48Z,BOP-SECTOR-B,CAM-B-TRIPWIRE,LOITERING,18,human,person,0.65,-,0.0,WARNING,Stationary 11s within 0.20x height (movement 0.04 heights/s)
08:33:36,2026-09-23T03:05:48Z,BOP-SECTOR-B,CAM-B-TRIPWIRE,LOITERING,31,human,person,0.65,-,0.0,WARNING,Stationary 38s within 0.33x height (movement 0.03 heights/s)
08:33:37,2026-09-23T03:05:48Z,BOP-SECTOR-B,CAM-B-TRIPWIRE,LOITERING,3,human,person,0.65,-,0.0,WARNING,Stationary 9s within 0.14x height (movement 0.02 heights/s)
08:33:43,2026-09-23T03:05:48Z,BOP-SECTOR-B,CAM-B-TRIPWIRE,LOITERING,23,human,person,0.65,-,0.0,WARNING,Stationary 14s within 0.08x height (movement 0.01 heights/s)
08:33:43,2026-09-23T03:05:48Z,BOP-SECTOR-B,CAM-B-TRIPWIRE,LOITERING,4,human,person,0.65,-,0.0,WARNING,Stationary 14s within 0.13x height (movement 0.01 heights/s)
08:33:59,2026-09-23T03:05:48Z,BOP-SECTOR-B,CAM-B-TRIPWIRE,LOITERING,31,human,person,0.65,-,0.0,WARNING,Stationary 61s within 0.33x height (movement 0.03 heights/s)
08:33:59,2026-09-23T03:05:49Z,BOP-SECTOR-B,CAM-B-TRIPWIRE,LOITERING,3,human,person,0.65,-,0.0,WARNING,Stationary 30s within 0.19x height (movement 0.03 heights/s)
08:34:02,2026-09-23T03:05:49Z,BOP-SECTOR-B,CAM-B-TRIPWIRE,LOITERING,41,human,person,0.65,-,0.0,WARNING,Stationary 9s within 0.25x height (movement 0.03 heights/s)
08:34:05,2026-09-23T03:05:49Z,BOP-SECTOR-B,CAM-B-TRIPWIRE,INTRUSION_ALERT,18,human,person,0.832,-,0.0,UNKNOWN_INTRUDER,"UNKNOWN PERSON | OUTBOUND (Northbound) at (457, 269) | ID:NONE"
08:34:12,2026-09-23T03:05:49Z,BOP-SECTOR-B,CAM-B-TRIPWIRE,INTRUSION_ALERT,32,human,person,0.808,-,0.0,UNKNOWN_INTRUDER,"UNKNOWN PERSON | OUTBOUND (Northbound) at (479, 279) | ID:NONE"
08:34:18,2026-09-23T03:05:49Z,BOP-SECTOR-B,CAM-B-TRIPWIRE,GROUP_CONVERGENCE,18,human,person,0.6,-,0.0,NOTICE,"3 persons converged within 1.6 body-lengths (tracks [18, 32, 48])"
08:34:26,2026-09-23T03:05:49Z,BOP-SECTOR-B,CAM-B-TRIPWIRE,RUNNING,50,human,person,0.7,-,0.0,WARNING,Running at 8.25 body-heights/s (threshold 1.60) for 0.9s
08:34:30,2026-09-23T03:05:49Z,BOP-SECTOR-B,CAM-B-TRIPWIRE,INTRUSION_ALERT,54,human,person,0.857,-,0.0,UNKNOWN_INTRUDER,"UNKNOWN PERSON | INBOUND (Southbound) at (416, 284) | ID:NONE"
08:34:37,2026-09-23T03:05:49Z,BOP-SECTOR-B,CAM-B-TRIPWIRE,LOITERING,3,human,person,0.65,-,0.0,WARNING,Stationary 9s within 0.06x height (movement 0.01 heights/s)
08:34:50,2026-09-23T03:05:49Z,BOP-SECTOR-B,CAM-B-TRIPWIRE,LOITERING,60,human,person,0.65,-,0.0,WARNING,Stationary 9s within 0.24x height (movement 0.03 heights/s)
08:34:54,2026-09-23T03:05:49Z,BOP-SECTOR-B,CAM-B-TRIPWIRE,INTRUSION_ALERT,61,human,person,0.857,-,0.0,UNKNOWN_INTRUDER,"UNKNOWN PERSON | INBOUND (Southbound) at (416, 284) | ID:NONE"
08:34:54,2026-09-23T03:05:49Z,BOP-SECTOR-B,CAM-B-TRIPWIRE,LOITERING,61,human,person,0.65,-,0.0,WARNING,Stationary 11s within 0.24x height (movement 0.07 heights/s)
08:34:58,2026-09-23T03:05:49Z,BOP-SECTOR-B,CAM-B-TRIPWIRE,GROUP_CONVERGENCE,4,human,person,0.6,-,0.0,NOTICE,"4 persons converged within 1.6 body-lengths (tracks [4, 40, 58, 65])"
08:35:09,2026-09-23T03:05:49Z,BOP-SECTOR-B,CAM-B-TRIPWIRE,LOITERING,67,human,person,0.65,-,0.0,WARNING,Stationary 9s within 0.28x height (movement 0.06 heights/s)
08:35:10,2026-09-23T03:05:49Z,BOP-SECTOR-B,CAM-B-TRIPWIRE,INTRUSION_ALERT,68,human,person,0.748,-,0.0,UNKNOWN_INTRUDER,"UNKNOWN PERSON | OUTBOUND (Northbound) at (452, 265) | ID:NONE"
08:35:20,2026-09-23T03:05:49Z,BOP-SECTOR-B,CAM-B-TRIPWIRE,INTRUSION_ALERT,48,human,person,0.835,-,0.0,UNKNOWN_INTRUDER,"UNKNOWN PERSON | OUTBOUND (Northbound) at (461, 269) | ID:NONE"
08:35:26,2026-09-23T03:05:49Z,BOP-SECTOR-B,CAM-B-TRIPWIRE,LOITERING,71,human,person,0.65,-,0.0,WARNING,Stationary 10s within 0.11x height (movement 0.01 heights/s)
08:35:29,2026-09-23T03:05:49Z,BOP-SECTOR-B,CAM-B-TRIPWIRE,INTRUSION_ALERT,47,human,person,0.808,-,0.0,UNKNOWN_INTRUDER,"UNKNOWN PERSON | OUTBOUND (Northbound) at (479, 279) | ID:NONE"
08:35:39,2026-09-23T03:05:49Z,BOP-SECTOR-B,CAM-B-TRIPWIRE,GROUP_CONVERGENCE,40,human,person,0.6,-,0.0,NOTICE,"3 persons converged within 1.6 body-lengths (tracks [40, 47, 71])"
08:33:32,2026-09-23T03:06:46Z,BOP-SECTOR-A,CAM-A-PERIMETER,LOITERING,33,human,person,0.65,-,0.0,WARNING,Stationary 35s within 0.19x height (movement 0.00 heights/s)
08:33:33,2026-09-23T03:06:46Z,BOP-SECTOR-A,CAM-A-PERIMETER,LOITERING,336,human,person,0.65,-,0.0,WARNING,Stationary 10s within 0.03x height (movement 0.00 heights/s)
08:33:33,2026-09-23T03:06:46Z,BOP-SECTOR-A,CAM-A-PERIMETER,LOITERING,337,human,person,0.65,-,0.0,WARNING,Stationary 10s within 0.11x height (movement 0.01 heights/s)
08:33:33,2026-09-23T03:06:46Z,BOP-SECTOR-A,CAM-A-PERIMETER,LOITERING,302,human,person,0.65,-,0.0,WARNING,Stationary 10s within 0.02x height (movement 0.00 heights/s)
08:33:33,2026-09-23T03:06:46Z,BOP-SECTOR-A,CAM-A-PERIMETER,LOITERING,107,human,person,0.65,-,0.0,WARNING,Stationary 10s within 0.29x height (movement 0.06 heights/s)
08:33:33,2026-09-23T03:06:46Z,BOP-SECTOR-A,CAM-A-PERIMETER,LOITERING,117,human,person,0.65,-,0.0,WARNING,Stationary 10s within 0.13x height (movement 0.01 heights/s)
08:33:35,2026-09-23T03:06:46Z,BOP-SECTOR-A,CAM-A-PERIMETER,LOITERING,299,human,person,0.65,-,0.0,WARNING,Stationary 10s within 0.04x height (movement 0.00 heights/s)
08:33:35,2026-09-23T03:06:46Z,BOP-SECTOR-A,CAM-A-PERIMETER,LOITERING,161,human,person,0.65,-,0.0,WARNING,Stationary 37s within 0.31x height (movement 0.00 heights/s)
08:33:36,2026-09-23T03:06:46Z,BOP-SECTOR-A,CAM-A-PERIMETER,INTRUSION_ALERT,339,human,person,0.739,-,0.0,UNKNOWN_INTRUDER,"UNKNOWN PERSON | INBOUND (Southbound) at (1522, 601) | ID:NONE"
08:33:36,2026-09-23T03:06:46Z,BOP-SECTOR-A,CAM-A-PERIMETER,LOITERING,342,human,person,0.65,-,0.0,WARNING,Stationary 9s within 0.15x height (movement 0.02 heights/s)
08:33:36,2026-09-23T03:06:46Z,BOP-SECTOR-A,CAM-A-PERIMETER,LOITERING,339,human,person,0.65,-,0.0,WARNING,Stationary 9s within 0.30x height (movement 0.03 heights/s)
08:33:37,2026-09-23T03:06:46Z,BOP-SECTOR-A,CAM-A-PERIMETER,LOITERING,329,human,person,0.65,-,0.0,WARNING,Stationary 36s within 0.25x height (movement 0.02 heights/s)
08:33:37,2026-09-23T03:06:46Z,BOP-SECTOR-A,CAM-A-PERIMETER,GROUP_CONVERGENCE,322,human,person,0.6,-,0.0,NOTICE,"3 persons converged within 1.6 body-lengths (tracks [322, 329, 348])"
08:33:39,2026-09-23T03:06:47Z,BOP-SECTOR-A,CAM-A-PERIMETER,LOITERING,257,human,person,0.65,-,0.0,WARNING,Stationary 141s within 0.26x height (movement 0.02 heights/s)
08:33:42,2026-09-23T03:06:47Z,BOP-SECTOR-A,CAM-A-PERIMETER,LOITERING,306,human,person,0.65,-,0.0,WARNING,Stationary 48s within 0.01x height (movement 0.00 heights/s)
08:33:42,2026-09-23T03:06:47Z,BOP-SECTOR-A,CAM-A-PERIMETER,LOITERING,21,human,person,0.65,-,0.0,WARNING,Stationary 9s within 0.30x height (movement 0.03 heights/s)
08:33:42,2026-09-23T03:06:47Z,BOP-SECTOR-A,CAM-A-PERIMETER,LOITERING,346,human,person,0.65,-,0.0,WARNING,Stationary 8s within 0.35x height (movement 0.06 heights/s)
08:33:42,2026-09-23T03:06:47Z,BOP-SECTOR-A,CAM-A-PERIMETER,LOITERING,44,human,person,0.65,-,0.0,WARNING,Stationary 12s within 0.18x height (movement 0.01 heights/s)
08:33:43,2026-09-23T03:06:47Z,BOP-SECTOR-A,CAM-A-PERIMETER,LOITERING,301,human,person,0.65,-,0.0,WARNING,Stationary 12s within 0.27x height (movement 0.04 heights/s)
08:33:45,2026-09-23T03:06:47Z,BOP-SECTOR-A,CAM-A-PERIMETER,LOITERING,71,human,person,0.65,-,0.0,WARNING,Stationary 10s within 0.04x height (movement 0.01 heights/s)
08:33:49,2026-09-23T03:06:47Z,BOP-SECTOR-A,CAM-A-PERIMETER,LOITERING,28,human,person,0.65,-,0.0,WARNING,Stationary 9s within 0.03x height (movement 0.00 heights/s)
08:33:49,2026-09-23T03:06:47Z,BOP-SECTOR-A,CAM-A-PERIMETER,LOITERING,347,human,person,0.65,-,0.0,WARNING,Stationary 14s within 0.32x height (movement 0.04 heights/s)
08:33:50,2026-09-23T03:06:47Z,BOP-SECTOR-A,CAM-A-PERIMETER,LOITERING,201,human,person,0.65,-,0.0,WARNING,Stationary 43s within 0.34x height (movement 0.01 heights/s)
08:33:50,2026-09-23T03:06:47Z,BOP-SECTOR-A,CAM-A-PERIMETER,LOITERING,353,human,person,0.65,-,0.0,WARNING,Stationary 9s within 0.20x height (movement 0.03 heights/s)
08:33:51,2026-09-23T03:06:47Z,BOP-SECTOR-A,CAM-A-PERIMETER,LOITERING,331,human,person,0.65,-,0.0,WARNING,Stationary 23s within 0.15x height (movement 0.02 heights/s)
08:33:51,2026-09-23T03:06:47Z,BOP-SECTOR-A,CAM-A-PERIMETER,LOITERING,348,human,person,0.65,-,0.0,WARNING,Stationary 14s within 0.04x height (movement 0.00 heights/s)
08:33:52,2026-09-23T03:06:47Z,BOP-SECTOR-A,CAM-A-PERIMETER,LOITERING,356,human,person,0.65,-,0.0,WARNING,Stationary 8s within 0.22x height (movement 0.03 heights/s)
08:33:52,2026-09-23T03:06:47Z,BOP-SECTOR-A,CAM-A-PERIMETER,LOITERING,357,human,person,0.65,-,0.0,WARNING,Stationary 8s within 0.15x height (movement 0.02 heights/s)
08:34:00,2026-09-23T03:06:47Z,BOP-SECTOR-A,CAM-A-PERIMETER,LOITERING,257,human,person,0.65,-,0.0,WARNING,Stationary 161s within 0.26x height (movement 0.03 heights/s)
08:34:00,2026-09-23T03:06:47Z,BOP-SECTOR-A,CAM-A-PERIMETER,LOITERING,358,human,person,0.65,-,0.0,WARNING,Stationary 8s within 0.16x height (movement 0.02 heights/s)
08:34:01,2026-09-23T03:06:47Z,BOP-SECTOR-A,CAM-A-PERIMETER,LOITERING,362,human,person,0.65,-,0.0,WARNING,Stationary 10s within 0.32x height (movement 0.03 heights/s)
08:34:03,2026-09-23T03:06:47Z,BOP-SECTOR-A,CAM-A-PERIMETER,LOITERING,204,human,person,0.65,-,0.0,WARNING,Stationary 9s within 0.06x height (movement 0.01 heights/s)
08:34:04,2026-09-23T03:06:47Z,BOP-SECTOR-A,CAM-A-PERIMETER,LOITERING,361,human,person,0.65,-,0.0,WARNING,Stationary 14s within 0.22x height (movement 0.03 heights/s)
08:34:04,2026-09-23T03:06:47Z,BOP-SECTOR-A,CAM-A-PERIMETER,LOITERING,360,human,person,0.65,-,0.0,WARNING,Stationary 14s within 0.29x height (movement 0.04 heights/s)
08:34:04,2026-09-23T03:06:47Z,BOP-SECTOR-A,CAM-A-PERIMETER,LOITERING,364,human,person,0.65,-,0.0,WARNING,Stationary 9s within 0.34x height (movement 0.06 heights/s)
08:34:04,2026-09-23T03:06:47Z,BOP-SECTOR-A,CAM-A-PERIMETER,LOITERING,59,human,person,0.65,-,0.0,WARNING,Stationary 11s within 0.28x height (movement 0.03 heights/s)
08:34:05,2026-09-23T03:06:48Z,BOP-SECTOR-A,CAM-A-PERIMETER,INTRUSION_ALERT,100,human,person,0.696,-,0.0,UNKNOWN_INTRUDER,"UNKNOWN PERSON | INBOUND (Southbound) at (575, 619) | ID:NONE"
08:34:05,2026-09-23T03:06:48Z,BOP-SECTOR-A,CAM-A-PERIMETER,LOITERING,21,human,person,0.65,-,0.0,WARNING,Stationary 33s within 0.30x height (movement 0.00 heights/s)
08:34:05,2026-09-23T03:06:48Z,BOP-SECTOR-A,CAM-A-PERIMETER,LOITERING,350,human,person,0.65,-,0.0,WARNING,Stationary 9s within 0.00x height (movement 0.00 heights/s)
08:34:08,2026-09-23T03:06:48Z,BOP-SECTOR-A,CAM-A-PERIMETER,LOITERING,367,human,person,0.65,-,0.0,WARNING,Stationary 9s within 0.06x height (movement 0.01 heights/s)
08:34:08,2026-09-23T03:06:48Z,BOP-SECTOR-A,CAM-A-PERIMETER,LOITERING,71,human,person,0.65,-,0.0,WARNING,Stationary 33s within 0.07x height (movement 0.00 heights/s)
08:34:09,2026-09-23T03:06:48Z,BOP-SECTOR-A,CAM-A-PERIMETER,LOITERING,370,human,person,0.65,-,0.0,WARNING,Stationary 9s within 0.02x height (movement 0.00 heights/s)
08:34:09,2026-09-23T03:06:48Z,BOP-SECTOR-A,CAM-A-PERIMETER,LOITERING,306,human,person,0.65,-,0.0,WARNING,Stationary 75s within 0.24x height (movement 0.00 heights/s)
08:34:10,2026-09-23T03:06:48Z,BOP-SECTOR-A,CAM-A-PERIMETER,LOITERING,349,human,person,0.65,-,0.0,WARNING,Stationary 14s within 0.24x height (movement 0.02 heights/s)
08:34:11,2026-09-23T03:06:48Z,BOP-SECTOR-A,CAM-A-PERIMETER,INTRUSION_ALERT,322,human,person,0.792,-,0.0,UNKNOWN_INTRUDER,"UNKNOWN PERSON | INBOUND (Southbound) at (1867, 610) | ID:NONE"
08:34:12,2026-09-23T03:06:48Z,BOP-SECTOR-A,CAM-A-PERIMETER,LOITERING,353,human,person,0.65,-,0.0,WARNING,Stationary 30s within 0.24x height (movement 0.02 heights/s)
08:34:17,2026-09-23T03:06:48Z,BOP-SECTOR-A,CAM-A-PERIMETER,LOITERING,366,human,person,0.65,-,0.0,WARNING,Stationary 19s within 0.16x height (movement 0.01 heights/s)
08:34:19,2026-09-23T03:06:48Z,BOP-SECTOR-A,CAM-A-PERIMETER,LOITERING,372,human,person,0.65,-,0.0,WARNING,Stationary 10s within 0.25x height (movement 0.03 heights/s)
08:34:20,2026-09-23T03:06:48Z,BOP-SECTOR-A,CAM-A-PERIMETER,LOITERING,117,human,person,0.65,-,0.0,WARNING,Stationary 19s within 0.25x height (movement 0.01 heights/s)
08:34:20,2026-09-23T03:06:48Z,BOP-SECTOR-A,CAM-A-PERIMETER,LOITERING,257,human,person,0.65,-,0.0,WARNING,Stationary 182s within 0.26x height (movement 0.03 heights/s)
08:34:20,2026-09-23T03:06:48Z,BOP-SECTOR-A,CAM-A-PERIMETER,LOITERING,377,human,person,0.65,-,0.0,WARNING,Stationary 10s within 0.13x height (movement 0.01 heights/s)
08:34:28,2026-09-23T03:06:48Z,BOP-SECTOR-A,CAM-A-PERIMETER,LOITERING,348,human,person,0.65,-,0.0,WARNING,Stationary 9s within 0.15x height (movement 0.02 heights/s)
08:34:28,2026-09-23T03:06:48Z,BOP-SECTOR-A,CAM-A-PERIMETER,LOITERING,350,human,person,0.65,-,0.0,WARNING,Stationary 32s within 0.34x height (movement 0.04 heights/s)
08:34:28,2026-09-23T03:06:48Z,BOP-SECTOR-A,CAM-A-PERIMETER,LOITERING,21,human,person,0.65,-,0.0,WARNING,Stationary 56s within 0.30x height (movement 0.01 heights/s)
08:34:30,2026-09-23T03:06:48Z,BOP-SECTOR-A,CAM-A-PERIMETER,LOITERING,383,human,person,0.65,-,0.0,WARNING,Stationary 9s within 0.30x height (movement 0.03 heights/s)
08:34:33,2026-09-23T03:06:48Z,BOP-SECTOR-A,CAM-A-PERIMETER,LOITERING,306,human,person,0.65,-,0.0,WARNING,Stationary 99s within 0.21x height (movement 0.00 heights/s)
08:34:33,2026-09-23T03:06:48Z,BOP-SECTOR-A,CAM-A-PERIMETER,LOITERING,353,human,person,0.65,-,0.0,WARNING,Stationary 51s within 0.33x height (movement 0.02 heights/s)
08:34:36,2026-09-23T03:06:48Z,BOP-SECTOR-A,CAM-A-PERIMETER,LOITERING,71,human,person,0.65,-,0.0,WARNING,Stationary 61s within 0.07x height (movement 0.00 heights/s)
08:34:38,2026-09-23T03:06:48Z,BOP-SECTOR-A,CAM-A-PERIMETER,GROUP_CONVERGENCE,100,human,person,0.6,-,0.0,NOTICE,"4 persons converged within 1.6 body-lengths (tracks [100, 257, 372, 388])"
08:34:40,2026-09-23T03:06:49Z,BOP-SECTOR-A,CAM-A-PERIMETER,LOITERING,366,human,person,0.65,-,0.0,WARNING,Stationary 42s within 0.24x height (movement 0.01 heights/s)
08:34:41,2026-09-23T03:06:49Z,BOP-SECTOR-A,CAM-A-PERIMETER,LOITERING,257,human,person,0.65,-,0.0,WARNING,Stationary 202s within 0.26x height (movement 0.03 heights/s)
08:34:44,2026-09-23T03:06:49Z,BOP-SECTOR-A,CAM-A-PERIMETER,LOITERING,382,human,person,0.65,-,0.0,WARNING,Stationary 19s within 0.04x height (movement 0.00 heights/s)
08:34:47,2026-09-23T03:06:49Z,BOP-SECTOR-A,CAM-A-PERIMETER,LOITERING,396,human,person,0.65,-,0.0,WARNING,Stationary 8s within 0.34x height (movement 0.05 heights/s)
08:34:47,2026-09-23T03:06:49Z,BOP-SECTOR-A,CAM-A-PERIMETER,LOITERING,381,human,person,0.65,-,0.0,WARNING,Stationary 9s within 0.34x height (movement 0.04 heights/s)
08:34:51,2026-09-23T03:06:49Z,BOP-SECTOR-A,CAM-A-PERIMETER,LOITERING,398,human,person,0.65,-,0.0,WARNING,Stationary 9s within 0.17x height (movement 0.02 heights/s)
08:34:51,2026-09-23T03:06:49Z,BOP-SECTOR-A,CAM-A-PERIMETER,LOITERING,348,human,person,0.65,-,0.0,WARNING,Stationary 33s within 0.29x height (movement 0.02 heights/s)
08:34:52,2026-09-23T03:06:49Z,BOP-SECTOR-A,CAM-A-PERIMETER,LOITERING,21,human,person,0.65,-,0.0,WARNING,Stationary 80s within 0.30x height (movement 0.01 heights/s)
08:34:53,2026-09-23T03:06:49Z,BOP-SECTOR-A,CAM-A-PERIMETER,INTRUSION_ALERT,302,human,person,0.761,-,0.0,UNKNOWN_INTRUDER,"UNKNOWN PERSON | OUTBOUND (Northbound) at (948, 590) | ID:NONE"
08:34:53,2026-09-23T03:06:49Z,BOP-SECTOR-A,CAM-A-PERIMETER,INTRUSION_ALERT,365,human,person,0.78,-,0.0,UNKNOWN_INTRUDER,"UNKNOWN PERSON | INBOUND (Southbound) at (1272, 623) | ID:NONE"
08:34:55,2026-09-23T03:06:49Z,BOP-SECTOR-A,CAM-A-PERIMETER,INTRUSION_ALERT,110,human,person,0.83,-,0.0,UNKNOWN_INTRUDER,"UNKNOWN PERSON | INBOUND (Southbound) at (774, 636) | ID:NONE"
08:34:56,2026-09-23T03:06:49Z,BOP-SECTOR-A,CAM-A-PERIMETER,INTRUSION_ALERT,348,human,person,0.794,-,0.0,UNKNOWN_INTRUDER,"UNKNOWN PERSON | INBOUND (Southbound) at (1806, 630) | ID:NONE"
08:34:57,2026-09-23T03:06:49Z,BOP-SECTOR-A,CAM-A-PERIMETER,INTRUSION_ALERT,21,human,person,0.682,-,0.0,UNKNOWN_INTRUDER,"UNKNOWN PERSON | INBOUND (Southbound) at (1096, 627) | ID:NONE"
08:34:58,2026-09-23T03:06:49Z,BOP-SECTOR-A,CAM-A-PERIMETER,INTRUSION_ALERT,404,human,person,0.755,-,0.0,UNKNOWN_INTRUDER,"UNKNOWN PERSON | OUTBOUND (Northbound) at (1863, 584) | ID:NONE"
08:34:59,2026-09-23T03:06:49Z,BOP-SECTOR-A,CAM-A-PERIMETER,LOITERING,114,human,person,0.65,-,0.0,WARNING,Stationary 10s within 0.18x height (movement 0.02 heights/s)
08:34:59,2026-09-23T03:06:49Z,BOP-SECTOR-A,CAM-A-PERIMETER,LOITERING,405,human,person,0.65,-,0.0,WARNING,Stationary 9s within 0.30x height (movement 0.03 heights/s)
08:35:02,2026-09-23T03:06:49Z,BOP-SECTOR-A,CAM-A-PERIMETER,LOITERING,408,human,person,0.65,-,0.0,WARNING,Stationary 10s within 0.24x height (movement 0.03 heights/s)
08:35:02,2026-09-23T03:06:49Z,BOP-SECTOR-A,CAM-A-PERIMETER,LOITERING,331,human,person,0.65,-,0.0,WARNING,Stationary 12s within 0.10x height (movement 0.01 heights/s)
08:35:02,2026-09-23T03:06:49Z,BOP-SECTOR-A,CAM-A-PERIMETER,LOITERING,257,human,person,0.65,-,0.0,WARNING,Stationary 224s within 0.26x height (movement 0.04 heights/s)
08:35:05,2026-09-23T03:06:49Z,BOP-SECTOR-A,CAM-A-PERIMETER,LOITERING,6,human,person,0.65,-,0.0,WARNING,Stationary 15s within 0.03x height (movement 0.00 heights/s)
08:35:06,2026-09-23T03:06:49Z,BOP-SECTOR-A,CAM-A-PERIMETER,INTRUSION_ALERT,117,human,person,0.777,-,0.0,UNKNOWN_INTRUDER,"UNKNOWN PERSON | INBOUND (Southbound) at (708, 621) | ID:NONE"
08:35:07,2026-09-23T03:06:49Z,BOP-SECTOR-A,CAM-A-PERIMETER,LOITERING,329,human,person,0.65,-,0.0,WARNING,Stationary 10s within 0.28x height (movement 0.03 heights/s)
08:35:07,2026-09-23T03:06:49Z,BOP-SECTOR-A,CAM-A-PERIMETER,INTRUSION_ALERT,387,human,person,0.728,-,0.0,UNKNOWN_INTRUDER,"UNKNOWN PERSON | OUTBOUND (Northbound) at (556, 595) | ID:NONE"
08:35:09,2026-09-23T03:06:49Z,BOP-SECTOR-A,CAM-A-PERIMETER,LOITERING,368,human,person,0.65,-,0.0,WARNING,Stationary 9s within 0.16x height (movement 0.02 heights/s)
08:35:09,2026-09-23T03:06:50Z,BOP-SECTOR-A,CAM-A-PERIMETER,INTRUSION_ALERT,416,human,person,0.84,-,0.0,UNKNOWN_INTRUDER,"UNKNOWN PERSON | OUTBOUND (Northbound) at (961, 600) | ID:NONE"
08:35:10,2026-09-23T03:06:50Z,BOP-SECTOR-A,CAM-A-PERIMETER,INTRUSION_ALERT,362,human,person,0.674,-,0.0,UNKNOWN_INTRUDER,"UNKNOWN PERSON | OUTBOUND (Northbound) at (288, 525) | ID:NONE"
08:35:10,2026-09-23T03:06:50Z,BOP-SECTOR-A,CAM-A-PERIMETER,INTRUSION_ALERT,419,human,person,0.792,-,0.0,UNKNOWN_INTRUDER,"UNKNOWN PERSON | OUTBOUND (Northbound) at (1509, 564) | ID:NONE"
08:35:12,2026-09-23T03:06:50Z,BOP-SECTOR-A,CAM-A-PERIMETER,AUTHORIZED_PATROL,7,human,person,0.672,-,0.0,AUTHORIZED_PATROL,"Head Constable S. Yadav (SSB-3120) | INBOUND (Southbound) at (1048, 602) | ID:SIMULATED_DEMO_ID"
08:35:19,2026-09-23T03:06:50Z,BOP-SECTOR-A,CAM-A-PERIMETER,LOITERING,429,human,person,0.65,-,0.0,WARNING,Stationary 8s within 0.25x height (movement 0.04 heights/s)
08:35:22,2026-09-23T03:06:50Z,BOP-SECTOR-A,CAM-A-PERIMETER,INTRUSION_ALERT,48,human,person,0.684,-,0.0,UNKNOWN_INTRUDER,"UNKNOWN PERSON | INBOUND (Southbound) at (741, 602) | ID:NONE"
08:35:23,2026-09-23T03:06:50Z,BOP-SECTOR-A,CAM-A-PERIMETER,LOITERING,257,human,person,0.65,-,0.0,WARNING,Stationary 244s within 0.26x height (movement 0.04 heights/s)
08:35:23,2026-09-23T03:06:50Z,BOP-SECTOR-A,CAM-A-PERIMETER,LOITERING,420,human,person,0.65,-,0.0,WARNING,Stationary 15s within 0.35x height (movement 0.04 heights/s)
08:35:23,2026-09-23T03:06:50Z,BOP-SECTOR-A,CAM-A-PERIMETER,LOITERING,274,human,person,0.65,-,0.0,WARNING,Stationary 24s within 0.07x height (movement 0.00 heights/s)
08:35:24,2026-09-23T03:06:50Z,BOP-SECTOR-A,CAM-A-PERIMETER,LOITERING,410,human,person,0.65,-,0.0,WARNING,Stationary 19s within 0.14x height (movement 0.01 heights/s)
08:35:24,2026-09-23T03:06:50Z,BOP-SECTOR-A,CAM-A-PERIMETER,LOITERING,417,human,person,0.65,-,0.0,WARNING,Stationary 13s within 0.12x height (movement 0.01 heights/s)
08:35:25,2026-09-23T03:06:50Z,BOP-SECTOR-A,CAM-A-PERIMETER,INTRUSION_ALERT,428,human,person,0.743,-,0.0,UNKNOWN_INTRUDER,"UNKNOWN PERSON | OUTBOUND (Northbound) at (275, 572) | ID:NONE"
08:35:26,2026-09-23T03:06:50Z,BOP-SECTOR-A,CAM-A-PERIMETER,INTRUSION_ALERT,421,human,person,0.776,-,0.0,UNKNOWN_INTRUDER,"UNKNOWN PERSON | OUTBOUND (Northbound) at (584, 593) | ID:NONE"
08:35:26,2026-09-23T03:06:50Z,BOP-SECTOR-A,CAM-A-PERIMETER,LOITERING,440,human,person,0.65,-,0.0,WARNING,Stationary 8s within 0.34x height (movement 0.13 heights/s)
08:35:29,2026-09-23T03:06:50Z,BOP-SECTOR-A,CAM-A-PERIMETER,INTRUSION_ALERT,361,human,person,0.822,-,0.0,UNKNOWN_INTRUDER,"UNKNOWN PERSON | OUTBOUND (Northbound) at (1502, 555) | ID:NONE"
08:35:38,2026-09-23T03:06:50Z,BOP-SECTOR-A,CAM-A-PERIMETER,LOITERING,445,human,person,0.65,-,0.0,WARNING,Stationary 9s within 0.11x height (movement 0.01 heights/s)
08:35:39,2026-09-23T03:06:50Z,BOP-SECTOR-A,CAM-A-PERIMETER,INTRUSION_ALERT,228,human,person,0.791,-,0.0,UNKNOWN_INTRUDER,"UNKNOWN PERSON | INBOUND (Southbound) at (707, 629) | ID:NONE"
08:35:39,2026-09-23T03:06:50Z,BOP-SECTOR-A,CAM-A-PERIMETER,INTRUSION_ALERT,296,human,person,0.755,-,0.0,UNKNOWN_INTRUDER,"UNKNOWN PERSON | OUTBOUND (Northbound) at (270, 599) | ID:NONE"
08:35:40,2026-09-23T03:06:50Z,BOP-SECTOR-A,CAM-A-PERIMETER,LOITERING,291,human,person,0.65,-,0.0,WARNING,Stationary 19s within 0.24x height (movement 0.01 heights/s)
08:35:41,2026-09-23T03:06:50Z,BOP-SECTOR-A,CAM-A-PERIMETER,INTRUSION_ALERT,383,human,person,0.781,-,0.0,UNKNOWN_INTRUDER,"UNKNOWN PERSON | OUTBOUND (Northbound) at (1283, 558) | ID:NONE"
08:35:41,2026-09-23T03:06:50Z,BOP-SECTOR-A,CAM-A-PERIMETER,INTRUSION_ALERT,449,human,person,0.673,-,0.0,UNKNOWN_INTRUDER,"UNKNOWN PERSON | OUTBOUND (Northbound) at (558, 595) | ID:NONE"
08:35:42,2026-09-23T03:06:50Z,BOP-SECTOR-A,CAM-A-PERIMETER,LOITERING,425,human,person,0.65,-,0.0,WARNING,Stationary 9s within 0.20x height (movement 0.02 heights/s)
08:35:43,2026-09-23T03:06:50Z,BOP-SECTOR-A,CAM-A-PERIMETER,LOITERING,454,human,person,0.65,-,0.0,WARNING,Stationary 15s within 0.24x height (movement 0.02 heights/s)
08:35:43,2026-09-23T03:06:50Z,BOP-SECTOR-A,CAM-A-PERIMETER,LOITERING,257,human,person,0.65,-,0.0,WARNING,Stationary 264s within 0.26x height (movement 0.05 heights/s)
08:35:43,2026-09-23T03:06:51Z,BOP-SECTOR-A,CAM-A-PERIMETER,LOITERING,198,human,person,0.65,-,0.0,WARNING,Stationary 9s within 0.03x height (movement 0.00 heights/s)
08:35:44,2026-09-23T03:06:51Z,BOP-SECTOR-A,CAM-A-PERIMETER,INTRUSION_ALERT,447,human,person,0.506,-,0.0,UNKNOWN_INTRUDER,"UNKNOWN PERSON | OUTBOUND (Northbound) at (1514, 578) | ID:NONE"
08:35:45,2026-09-23T03:06:51Z,BOP-SECTOR-A,CAM-A-PERIMETER,LOITERING,456,human,person,0.65,-,0.0,WARNING,Stationary 15s within 0.22x height (movement 0.07 heights/s)
08:35:46,2026-09-23T03:06:51Z,BOP-SECTOR-A,CAM-A-PERIMETER,INTRUSION_ALERT,433,human,person,0.743,-,0.0,UNKNOWN_INTRUDER,"UNKNOWN PERSON | OUTBOUND (Northbound) at (949, 588) | ID:NONE"
08:35:48,2026-09-23T03:06:51Z,BOP-SECTOR-A,CAM-A-PERIMETER,INTRUSION_ALERT,410,human,person,0.83,-,0.0,UNKNOWN_INTRUDER,"UNKNOWN PERSON | INBOUND (Southbound) at (774, 636) | ID:NONE"
08:35:54,2026-09-23T03:06:51Z,BOP-SECTOR-A,CAM-A-PERIMETER,LOITERING,472,human,person,0.65,-,0.0,WARNING,Stationary 11s within 0.23x height (movement 0.04 heights/s)
08:35:57,2026-09-23T03:06:51Z,BOP-SECTOR-A,CAM-A-PERIMETER,LOITERING,469,human,person,0.65,-,0.0,WARNING,Stationary 16s within 0.00x height (movement 0.00 heights/s)
08:35:57,2026-09-23T03:06:51Z,BOP-SECTOR-A,CAM-A-PERIMETER,LOITERING,7,human,person,0.65,-,0.0,WARNING,Stationary 16s within 0.24x height (movement 0.03 heights/s)
08:35:58,2026-09-23T03:06:51Z,BOP-SECTOR-A,CAM-A-PERIMETER,LOITERING,474,human,person,0.65,-,0.0,WARNING,Stationary 12s within 0.10x height (movement 0.01 heights/s)
08:35:59,2026-09-23T03:06:51Z,BOP-SECTOR-A,CAM-A-PERIMETER,GROUP_CONVERGENCE,361,human,person,0.6,-,0.0,NOTICE,"4 persons converged within 1.6 body-lengths (tracks [361, 454, 465, 466])"
08:36:00,2026-09-23T03:06:51Z,BOP-SECTOR-A,CAM-A-PERIMETER,LOITERING,477,human,person,0.65,-,0.0,WARNING,Stationary 10s within 0.06x height (movement 0.01 heights/s)
08:36:02,2026-09-23T03:06:51Z,BOP-SECTOR-A,CAM-A-PERIMETER,LOITERING,470,human,person,0.65,-,0.0,WARNING,Stationary 19s within 0.30x height (movement 0.06 heights/s)
08:36:02,2026-09-23T03:06:51Z,BOP-SECTOR-A,CAM-A-PERIMETER,LOITERING,481,human,person,0.65,-,0.0,WARNING,Stationary 10s within 0.23x height (movement 0.05 heights/s)
08:36:04,2026-09-23T03:06:51Z,BOP-SECTOR-A,CAM-A-PERIMETER,LOITERING,257,human,person,0.65,-,0.0,WARNING,Stationary 285s within 0.26x height (movement 0.05 heights/s)
08:36:08,2026-09-23T03:06:51Z,BOP-SECTOR-A,CAM-A-PERIMETER,LOITERING,483,human,person,0.65,-,0.0,WARNING,Stationary 10s within 0.34x height (movement 0.07 heights/s)
08:36:08,2026-09-23T03:06:51Z,BOP-SECTOR-A,CAM-A-PERIMETER,LOITERING,480,human,person,0.65,-,0.0,WARNING,Stationary 10s within 0.06x height (movement 0.01 heights/s)
08:36:09,2026-09-23T03:06:51Z,BOP-SECTOR-A,CAM-A-PERIMETER,LOITERING,484,human,person,0.65,-,0.0,WARNING,Stationary 10s within 0.08x height (movement 0.01 heights/s)
08:36:10,2026-09-23T03:06:51Z,BOP-SECTOR-A,CAM-A-PERIMETER,LOITERING,485,human,person,0.65,-,0.0,WARNING,Stationary 10s within 0.12x height (movement 0.02 heights/s)
08:36:11,2026-09-23T03:06:51Z,BOP-SECTOR-A,CAM-A-PERIMETER,LOITERING,486,human,person,0.65,-,0.0,WARNING,Stationary 10s within 0.26x height (movement 0.05 heights/s)
08:36:11,2026-09-23T03:06:51Z,BOP-SECTOR-A,CAM-A-PERIMETER,LOITERING,441,human,person,0.65,-,0.0,WARNING,Stationary 10s within 0.18x height (movement 0.04 heights/s)
08:36:14,2026-09-23T03:06:51Z,BOP-SECTOR-A,CAM-A-PERIMETER,LOITERING,254,human,person,0.65,-,0.0,WARNING,Stationary 10s within 0.07x height (movement 0.01 heights/s)
08:36:15,2026-09-23T03:06:51Z,BOP-SECTOR-A,CAM-A-PERIMETER,LOITERING,488,human,person,0.65,-,0.0,WARNING,Stationary 10s within 0.17x height (movement 0.03 heights/s)
08:36:16,2026-09-23T03:06:52Z,BOP-SECTOR-A,CAM-A-PERIMETER,LOITERING,489,human,person,0.65,-,0.0,WARNING,Stationary 10s within 0.08x height (movement 0.01 heights/s)
08:36:16,2026-09-23T03:06:52Z,BOP-SECTOR-A,CAM-A-PERIMETER,LOITERING,124,human,person,0.65,-,0.0,WARNING,Stationary 10s within 0.01x height (movement 0.00 heights/s)
08:36:16,2026-09-23T03:06:52Z,BOP-SECTOR-A,CAM-A-PERIMETER,LOITERING,464,human,person,0.65,-,0.0,WARNING,Stationary 10s within 0.02x height (movement 0.00 heights/s)
08:36:16,2026-09-23T03:06:52Z,BOP-SECTOR-A,CAM-A-PERIMETER,LOITERING,136,human,person,0.65,-,0.0,WARNING,Stationary 10s within 0.08x height (movement 0.01 heights/s)
08:36:16,2026-09-23T03:06:52Z,BOP-SECTOR-A,CAM-A-PERIMETER,LOITERING,248,human,person,0.65,-,0.0,WARNING,Stationary 15s within 0.11x height (movement 0.01 heights/s)
08:36:18,2026-09-23T03:06:52Z,BOP-SECTOR-A,CAM-A-PERIMETER,LOITERING,493,human,person,0.65,-,0.0,WARNING,Stationary 10s within 0.25x height (movement 0.03 heights/s)
08:36:19,2026-09-23T03:06:52Z,BOP-SECTOR-A,CAM-A-PERIMETER,LOITERING,198,human,person,0.65,-,0.0,WARNING,Stationary 45s within 0.03x height (movement 0.00 heights/s)
08:36:21,2026-09-23T03:06:52Z,BOP-SECTOR-A,CAM-A-PERIMETER,INTRUSION_ALERT,486,human,person,0.71,-,0.0,UNKNOWN_INTRUDER,"UNKNOWN PERSON | OUTBOUND (Northbound) at (595, 581) | ID:NONE"
08:36:23,2026-09-23T03:06:52Z,BOP-SECTOR-A,CAM-A-PERIMETER,LOITERING,461,human,person,0.65,-,0.0,WARNING,Stationary 9s within 0.05x height (movement 0.01 heights/s)
08:36:25,2026-09-23T03:06:52Z,BOP-SECTOR-A,CAM-A-PERIMETER,LOITERING,470,human,person,0.65,-,0.0,WARNING,Stationary 43s within 0.30x height (movement 0.04 heights/s)
08:36:27,2026-09-23T03:06:52Z,BOP-SECTOR-A,CAM-A-PERIMETER,INTRUSION_ALERT,503,human,person,0.843,-,0.0,UNKNOWN_INTRUDER,"UNKNOWN PERSON | INBOUND (Southbound) at (1866, 607) | ID:NONE"
08:36:27,2026-09-23T03:06:52Z,BOP-SECTOR-A,CAM-A-PERIMETER,LOITERING,257,human,person,0.65,-,0.0,WARNING,Stationary 283s within 0.26x height (movement 0.05 heights/s)
08:36:28,2026-09-23T03:06:52Z,BOP-SECTOR-A,CAM-A-PERIMETER,INTRUSION_ALERT,371,human,person,0.815,-,0.0,UNKNOWN_INTRUDER,"UNKNOWN PERSON | INBOUND (Southbound) at (776, 629) | ID:NONE"
08:36:29,2026-09-23T03:06:52Z,BOP-SECTOR-A,CAM-A-PERIMETER,LOITERING,181,human,person,0.65,-,0.0,WARNING,Stationary 10s within 0.05x height (movement 0.01 heights/s)
08:36:30,2026-09-23T03:06:52Z,BOP-SECTOR-A,CAM-A-PERIMETER,INTRUSION_ALERT,466,human,person,0.766,-,0.0,UNKNOWN_INTRUDER,"UNKNOWN PERSON | OUTBOUND (Northbound) at (1560, 553) | ID:NONE"
08:36:35,2026-09-23T03:06:52Z,BOP-SECTOR-A,CAM-A-PERIMETER,INTRUSION_ALERT,517,human,person,0.807,-,0.0,UNKNOWN_INTRUDER,"UNKNOWN PERSON | INBOUND (Southbound) at (1095, 604) | ID:NONE"
08:36:37,2026-09-23T03:06:52Z,BOP-SECTOR-A,CAM-A-PERIMETER,LOITERING,481,human,person,0.65,-,0.0,WARNING,Stationary 44s within 0.21x height (movement 0.01 heights/s)
08:36:38,2026-09-23T03:06:52Z,BOP-SECTOR-A,CAM-A-PERIMETER,LOITERING,512,human,person,0.65,-,0.0,WARNING,Stationary 9s within 0.23x height (movement 0.03 heights/s)
08:36:38,2026-09-23T03:06:52Z,BOP-SECTOR-A,CAM-A-PERIMETER,LOITERING,254,human,person,0.65,-,0.0,WARNING,Stationary 34s within 0.35x height (movement 0.01 heights/s)
08:36:42,2026-09-23T03:06:52Z,BOP-SECTOR-A,CAM-A-PERIMETER,LOITERING,439,human,person,0.65,-,0.0,WARNING,Stationary 10s within 0.18x height (movement 0.02 heights/s)
08:36:43,2026-09-23T03:06:52Z,BOP-SECTOR-A,CAM-A-PERIMETER,LOITERING,198,human,person,0.65,-,0.0,WARNING,Stationary 69s within 0.04x height (movement 0.00 heights/s)
08:33:41,2026-09-23T03:07:27Z,BOP-SECTOR-B,CAM-B-TRIPWIRE,LOITERING,73,human,person,0.65,-,0.0,WARNING,Stationary 13s within 0.24x height (movement 0.02 heights/s)
08:33:49,2026-09-23T03:07:27Z,BOP-SECTOR-B,CAM-B-TRIPWIRE,LOITERING,88,human,person,0.65,-,0.0,WARNING,Stationary 15s within 0.20x height (movement 0.01 heights/s)
08:33:52,2026-09-23T03:07:27Z,BOP-SECTOR-B,CAM-B-TRIPWIRE,INTRUSION_ALERT,79,human,person,0.786,-,0.0,UNKNOWN_INTRUDER,"UNKNOWN PERSON | OUTBOUND (Northbound) at (474, 278) | ID:NONE"
08:33:58,2026-09-23T03:07:27Z,BOP-SECTOR-B,CAM-B-TRIPWIRE,LOITERING,90,human,person,0.65,-,0.0,WARNING,Stationary 9s within 0.30x height (movement 0.03 heights/s)
08:33:58,2026-09-23T03:07:27Z,BOP-SECTOR-B,CAM-B-TRIPWIRE,LOITERING,64,human,person,0.65,-,0.0,WARNING,Stationary 9s within 0.17x height (movement 0.02 heights/s)
08:33:58,2026-09-23T03:07:27Z,BOP-SECTOR-B,CAM-B-TRIPWIRE,GROUP_CONVERGENCE,64,human,person,0.6,-,0.0,NOTICE,"4 persons converged within 1.6 body-lengths (tracks [64, 73, 90, 91])"
08:34:09,2026-09-23T03:07:27Z,BOP-SECTOR-B,CAM-B-TRIPWIRE,LOITERING,86,human,person,0.65,-,0.0,WARNING,Stationary 19s within 0.29x height (movement 0.02 heights/s)
08:34:25,2026-09-23T03:07:27Z,BOP-SECTOR-B,CAM-B-TRIPWIRE,INTRUSION_ALERT,86,human,person,0.858,-,0.0,UNKNOWN_INTRUDER,"UNKNOWN PERSON | INBOUND (Southbound) at (419, 286) | ID:NONE"
08:34:33,2026-09-23T03:07:27Z,BOP-SECTOR-B,CAM-B-TRIPWIRE,LOITERING,99,human,person,0.65,-,0.0,WARNING,Stationary 11s within 0.33x height (movement 0.03 heights/s)
08:34:36,2026-09-23T03:07:27Z,BOP-SECTOR-B,CAM-B-TRIPWIRE,INTRUSION_ALERT,92,human,person,0.878,-,0.0,UNKNOWN_INTRUDER,"UNKNOWN PERSON | INBOUND (Southbound) at (427, 290) | ID:NONE"
08:34:51,2026-09-23T03:07:27Z,BOP-SECTOR-B,CAM-B-TRIPWIRE,INTRUSION_ALERT,93,human,person,0.857,-,0.0,UNKNOWN_INTRUDER,"UNKNOWN PERSON | INBOUND (Southbound) at (416, 284) | ID:NONE"
08:34:58,2026-09-23T03:07:27Z,BOP-SECTOR-B,CAM-B-TRIPWIRE,LOITERING,102,human,person,0.65,-,0.0,WARNING,Stationary 17s within 0.02x height (movement 0.00 heights/s)
08:35:19,2026-09-23T03:07:27Z,BOP-SECTOR-B,CAM-B-TRIPWIRE,GROUP_CONVERGENCE,17,human,person,0.6,-,0.0,NOTICE,"3 persons converged within 1.6 body-lengths (tracks [17, 92, 100])"
08:36:04,2026-09-23T03:07:27Z,BOP-SECTOR-B,CAM-B-TRIPWIRE,INTRUSION_ALERT,102,human,person,0.86,-,0.0,UNKNOWN_INTRUDER,"UNKNOWN PERSON | INBOUND (Southbound) at (422, 288) | ID:NONE"
08:36:18,2026-09-23T03:07:27Z,BOP-SECTOR-B,CAM-B-TRIPWIRE,INTRUSION_ALERT,100,human,person,0.835,-,0.0,UNKNOWN_INTRUDER,"UNKNOWN PERSON | OUTBOUND (Northbound) at (458, 269) | ID:NONE"
08:36:18,2026-09-23T03:07:27Z,BOP-SECTOR-B,CAM-B-TRIPWIRE,LOITERING,37,human,person,0.65,-,0.0,WARNING,Stationary 20s within 0.14x height (movement 0.03 heights/s)
08:36:20,2026-09-23T03:07:27Z,BOP-SECTOR-B,CAM-B-TRIPWIRE,GROUP_CONVERGENCE,17,human,person,0.6,-,0.0,NOTICE,"3 persons converged within 1.6 body-lengths (tracks [17, 100, 102])"
08:36:34,2026-09-23T03:07:27Z,BOP-SECTOR-B,CAM-B-TRIPWIRE,LOITERING,123,human,person,0.65,-,0.0,WARNING,Stationary 10s within 0.11x height (movement 0.01 heights/s)
08:36:37,2026-09-23T03:07:27Z,BOP-SECTOR-B,CAM-B-TRIPWIRE,INTRUSION_ALERT,127,human,person,0.803,-,0.0,UNKNOWN_INTRUDER,"UNKNOWN PERSON | OUTBOUND (Northbound) at (443, 263) | ID:NONE"
08:36:48,2026-09-23T03:07:28Z,BOP-SECTOR-B,CAM-B-TRIPWIRE,LOITERING,127,human,person,0.65,-,0.0,WARNING,Stationary 11s within 0.22x height (movement 0.05 heights/s)
08:36:50,2026-09-23T03:07:28Z,BOP-SECTOR-B,CAM-B-TRIPWIRE,LOITERING,130,human,person,0.65,-,0.0,WARNING,Stationary 13s within 0.27x height (movement 0.02 heights/s)
08:37:02,2026-09-23T03:07:28Z,BOP-SECTOR-B,CAM-B-TRIPWIRE,LOITERING,133,human,person,0.65,-,0.0,WARNING,Stationary 13s within 0.16x height (movement 0.03 heights/s)
08:37:19,2026-09-23T03:07:28Z,BOP-SECTOR-B,CAM-B-TRIPWIRE,INTRUSION_ALERT,139,human,person,0.813,-,0.0,UNKNOWN_INTRUDER,"UNKNOWN PERSON | INBOUND (Southbound) at (418, 285) | ID:NONE"
08:37:25,2026-09-23T03:07:28Z,BOP-SECTOR-B,CAM-B-TRIPWIRE,INTRUSION_ALERT,123,human,person,0.792,-,0.0,UNKNOWN_INTRUDER,"UNKNOWN PERSON | OUTBOUND (Northbound) at (474, 277) | ID:NONE"
08:37:25,2026-09-23T03:07:28Z,BOP-SECTOR-B,CAM-B-TRIPWIRE,LOITERING,139,human,person,0.65,-,0.0,WARNING,Stationary 14s within 0.30x height (movement 0.03 heights/s)
08:39:18,2026-09-23T03:09:41Z,BOP-SECTOR-B,CAM-B-TRIPWIRE,GROUP_CONVERGENCE,1,human,person,0.6,-,0.0,NOTICE,"4 persons converged within 1.6 body-lengths (tracks [1, 2, 3, 4])"
08:39:23,2026-09-23T03:09:41Z,BOP-SECTOR-B,CAM-B-TRIPWIRE,INTRUSION_ALERT,9,human,person,0.867,-,0.0,UNKNOWN_INTRUDER,"UNKNOWN PERSON | INBOUND (Southbound) at (497, 320) | ID:NONE"
08:39:25,2026-09-23T03:09:41Z,BOP-SECTOR-B,CAM-B-TRIPWIRE,INTRUSION_ALERT,10,human,person,0.802,-,0.0,UNKNOWN_INTRUDER,"UNKNOWN PERSON | OUTBOUND (Northbound) at (423, 273) | ID:NONE"
08:39:36,2026-09-23T03:09:41Z,BOP-SECTOR-B,CAM-B-TRIPWIRE,LOITERING,10,human,person,0.65,-,0.0,WARNING,Stationary 15s within 0.35x height (movement 0.03 heights/s)
08:39:53,2026-09-23T03:09:55Z,BOP-SECTOR-B,CAM-B-TRIPWIRE,INTRUSION_ALERT,8,human,person,0.879,-,0.0,UNKNOWN_INTRUDER,"UNKNOWN PERSON | INBOUND (Southbound) at (421, 288) | ID:NONE"
08:39:23,2026-09-23T03:10:03Z,BOP-SECTOR-B,CAM-B-TRIPWIRE,INTRUSION_ALERT,9,human,person,0.866,-,0.0,UNKNOWN_INTRUDER,"UNKNOWN PERSON | INBOUND (Southbound) at (434, 293) | ID:NONE"
08:39:24,2026-09-23T03:10:03Z,BOP-SECTOR-B,CAM-B-TRIPWIRE,RUNNING,4,human,person,0.7,-,0.0,WARNING,Running at 7.18 body-heights/s (threshold 1.60) for 0.8s
08:39:30,2026-09-23T03:10:03Z,BOP-SECTOR-B,CAM-B-TRIPWIRE,AUTHORIZED_PATROL,2,human,person,0.841,-,0.0,AUTHORIZED_PATROL,"Constable R. Singh (SSB-4587) | OUTBOUND (Northbound) at (482, 280) | ID:SIMULATED_DEMO_ID"
08:39:36,2026-09-23T03:10:03Z,BOP-SECTOR-B,CAM-B-TRIPWIRE,INTRUSION_ALERT,13,human,person,0.761,-,0.0,UNKNOWN_INTRUDER,"UNKNOWN PERSON | OUTBOUND (Northbound) at (449, 278) | ID:NONE"
08:39:22,2026-09-23T03:10:13Z,BOP-SECTOR-A,CAM-A-PERIMETER,INTRUSION_ALERT,3,human,person,0.789,-,0.0,UNKNOWN_INTRUDER,"UNKNOWN PERSON | INBOUND (Southbound) at (269, 605) | ID:NONE"
08:39:22,2026-09-23T03:10:13Z,BOP-SECTOR-A,CAM-A-PERIMETER,INTRUSION_ALERT,6,human,person,0.777,-,0.0,UNKNOWN_INTRUDER,"UNKNOWN PERSON | INBOUND (Southbound) at (708, 621) | ID:NONE"
08:39:24,2026-09-23T03:10:13Z,BOP-SECTOR-A,CAM-A-PERIMETER,INTRUSION_ALERT,51,human,person,0.799,-,0.0,UNKNOWN_INTRUDER,"UNKNOWN PERSON | OUTBOUND (Northbound) at (1055, 558) | ID:NONE"
08:39:30,2026-09-23T03:10:13Z,BOP-SECTOR-A,CAM-A-PERIMETER,CROUCH_INTRUSION,33,human,person,0.7,-,0.0,WARNING,"Low crawl posture: torso 4 deg, box aspect 0.94 over 0.7s"
08:39:31,2026-09-23T03:10:13Z,BOP-SECTOR-A,CAM-A-PERIMETER,INTRUSION_ALERT,53,human,person,0.665,-,0.0,UNKNOWN_INTRUDER,"UNKNOWN PERSON | INBOUND (Southbound) at (574, 618) | ID:NONE"
08:39:32,2026-09-23T03:10:13Z,BOP-SECTOR-A,CAM-A-PERIMETER,INTRUSION_ALERT,30,human,person,0.521,-,0.0,UNKNOWN_INTRUDER,"UNKNOWN PERSON | OUTBOUND (Northbound) at (982, 572) | ID:NONE"
08:39:34,2026-09-23T03:10:13Z,BOP-SECTOR-A,CAM-A-PERIMETER,AUTHORIZED_PATROL,1,human,person,0.393,-,0.0,AUTHORIZED_PATROL,"Constable R. Singh (SSB-4587) | INBOUND (Southbound) at (1604, 627) | ID:SIMULATED_DEMO_ID"
08:39:36,2026-09-23T03:10:13Z,BOP-SECTOR-A,CAM-A-PERIMETER,INTRUSION_ALERT,63,human,person,0.741,-,0.0,UNKNOWN_INTRUDER,"UNKNOWN PERSON | INBOUND (Southbound) at (1272, 641) | ID:NONE"
08:39:36,2026-09-23T03:10:13Z,BOP-SECTOR-A,CAM-A-PERIMETER,LOITERING,63,human,person,0.65,-,0.0,WARNING,Stationary 12s within 0.23x height (movement 0.02 heights/s)
08:39:36,2026-09-23T03:10:13Z,BOP-SECTOR-A,CAM-A-PERIMETER,LOITERING,71,human,person,0.65,-,0.0,WARNING,Stationary 12s within 0.27x height (movement 0.02 heights/s)
08:39:36,2026-09-23T03:10:13Z,BOP-SECTOR-A,CAM-A-PERIMETER,LOITERING,54,human,person,0.65,-,0.0,WARNING,Stationary 12s within 0.24x height (movement 0.02 heights/s)
08:39:37,2026-09-23T03:10:13Z,BOP-SECTOR-A,CAM-A-PERIMETER,LOITERING,31,human,person,0.65,-,0.0,WARNING,Stationary 16s within 0.30x height (movement 0.02 heights/s)
08:39:38,2026-09-23T03:10:13Z,BOP-SECTOR-A,CAM-A-PERIMETER,LOITERING,43,human,person,0.65,-,0.0,WARNING,Stationary 16s within 0.01x height (movement 0.00 heights/s)
08:39:39,2026-09-23T03:10:13Z,BOP-SECTOR-A,CAM-A-PERIMETER,LOITERING,112,human,person,0.65,-,0.0,WARNING,Stationary 9s within 0.30x height (movement 0.20 heights/s)
08:39:39,2026-09-23T03:10:13Z,BOP-SECTOR-A,CAM-A-PERIMETER,LOITERING,83,human,person,0.65,-,0.0,WARNING,Stationary 9s within 0.31x height (movement 0.04 heights/s)
08:39:39,2026-09-23T03:10:13Z,BOP-SECTOR-A,CAM-A-PERIMETER,LOITERING,49,human,person,0.65,-,0.0,WARNING,Stationary 16s within 0.15x height (movement 0.01 heights/s)
08:39:40,2026-09-23T03:10:13Z,BOP-SECTOR-A,CAM-A-PERIMETER,GROUP_CONVERGENCE,4,human,person,0.6,-,0.0,NOTICE,"3 persons converged within 1.6 body-lengths (tracks [4, 64, 76])"
08:39:43,2026-09-23T03:10:13Z,BOP-SECTOR-A,CAM-A-PERIMETER,LOITERING,110,human,person,0.65,-,0.0,WARNING,Stationary 13s within 0.25x height (movement 0.02 heights/s)
08:39:43,2026-09-23T03:10:14Z,BOP-SECTOR-A,CAM-A-PERIMETER,LOITERING,111,human,person,0.65,-,0.0,WARNING,Stationary 13s within 0.26x height (movement 0.02 heights/s)
08:39:44,2026-09-23T03:10:14Z,BOP-SECTOR-A,CAM-A-PERIMETER,INTRUSION_ALERT,123,human,person,0.687,-,0.0,UNKNOWN_INTRUDER,"UNKNOWN PERSON | INBOUND (Southbound) at (1042, 635) | ID:NONE"
08:39:48,2026-09-23T03:10:14Z,BOP-SECTOR-A,CAM-A-PERIMETER,LOITERING,130,human,person,0.65,-,0.0,WARNING,Stationary 9s within 0.23x height (movement 0.02 heights/s)
08:39:49,2026-09-23T03:10:14Z,BOP-SECTOR-A,CAM-A-PERIMETER,INTRUSION_ALERT,131,human,person,0.765,-,0.0,UNKNOWN_INTRUDER,"UNKNOWN PERSON | INBOUND (Southbound) at (1867, 620) | ID:NONE"
08:39:49,2026-09-23T03:10:14Z,BOP-SECTOR-A,CAM-A-PERIMETER,LOITERING,102,human,person,0.65,-,0.0,WARNING,Stationary 22s within 0.22x height (movement 0.03 heights/s)
08:39:54,2026-09-23T03:10:14Z,BOP-SECTOR-A,CAM-A-PERIMETER,LOITERING,135,human,person,0.65,-,0.0,WARNING,Stationary 11s within 0.27x height (movement 0.03 heights/s)
08:40:00,2026-09-23T03:10:14Z,BOP-SECTOR-A,CAM-A-PERIMETER,GROUP_CONVERGENCE,87,human,person,0.6,-,0.0,NOTICE,"4 persons converged within 1.6 body-lengths (tracks [87, 94, 97, 100])"
08:40:01,2026-09-23T03:10:14Z,BOP-SECTOR-A,CAM-A-PERIMETER,LOITERING,136,human,person,0.65,-,0.0,WARNING,Stationary 17s within 0.21x height (movement 0.01 heights/s)
08:40:01,2026-09-23T03:10:14Z,BOP-SECTOR-A,CAM-A-PERIMETER,LOITERING,71,human,person,0.65,-,0.0,WARNING,Stationary 38s within 0.30x height (movement 0.00 heights/s)
08:40:03,2026-09-23T03:10:14Z,BOP-SECTOR-A,CAM-A-PERIMETER,LOITERING,134,human,person,0.65,-,0.0,WARNING,Stationary 20s within 0.31x height (movement 0.02 heights/s)
08:40:05,2026-09-23T03:10:14Z,BOP-SECTOR-A,CAM-A-PERIMETER,LOITERING,143,human,person,0.65,-,0.0,WARNING,Stationary 11s within 0.06x height (movement 0.01 heights/s)
08:40:05,2026-09-23T03:10:14Z,BOP-SECTOR-A,CAM-A-PERIMETER,LOITERING,117,human,person,0.65,-,0.0,WARNING,Stationary 11s within 0.01x height (movement 0.00 heights/s)
08:40:07,2026-09-23T03:10:14Z,BOP-SECTOR-A,CAM-A-PERIMETER,LOITERING,45,human,person,0.65,-,0.0,WARNING,Stationary 17s within 0.27x height (movement 0.02 heights/s)
08:40:08,2026-09-23T03:10:14Z,BOP-SECTOR-A,CAM-A-PERIMETER,LOITERING,43,human,person,0.65,-,0.0,WARNING,Stationary 46s within 0.12x height (movement 0.00 heights/s)
08:40:09,2026-09-23T03:10:14Z,BOP-SECTOR-A,CAM-A-PERIMETER,LOITERING,100,human,person,0.65,-,0.0,WARNING,Stationary 9s within 0.02x height (movement 0.00 heights/s)
08:40:11,2026-09-23T03:10:15Z,BOP-SECTOR-A,CAM-A-PERIMETER,LOITERING,88,human,person,0.65,-,0.0,WARNING,Stationary 15s within 0.09x height (movement 0.01 heights/s)
08:40:19,2026-09-23T03:10:22Z,BOP-SECTOR-B,CAM-B-TRIPWIRE,RUNNING,1,human,person,0.7,-,0.0,WARNING,Running at 42.60 body-heights/s (threshold 1.60) for 0.8s
08:40:22,2026-09-23T03:10:25Z,BOP-SECTOR-B,CAM-B-TRIPWIRE,LOITERING,10,human,person,0.65,-,0.0,WARNING,Stationary 19s within 0.20x height (movement 0.01 heights/s)
08:40:18,2026-09-23T03:10:25Z,BOP-SECTOR-A,CAM-A-PERIMETER,LOITERING,145,human,person,0.65,-,0.0,WARNING,Stationary 15s within 0.03x height (movement 0.00 heights/s)
08:40:18,2026-09-23T03:10:25Z,BOP-SECTOR-A,CAM-A-PERIMETER,LOITERING,60,human,person,0.65,-,0.0,WARNING,Stationary 15s within 0.00x height (movement 0.00 heights/s)
08:40:18,2026-09-23T03:10:25Z,BOP-SECTOR-A,CAM-A-PERIMETER,LOITERING,39,human,person,0.65,-,0.0,WARNING,Stationary 15s within 0.13x height (movement 0.02 heights/s)
08:40:20,2026-09-23T03:10:26Z,BOP-SECTOR-A,CAM-A-PERIMETER,LOITERING,55,human,person,0.65,-,0.0,WARNING,Stationary 10s within 0.19x height (movement 0.02 heights/s)
08:40:20,2026-09-23T03:10:26Z,BOP-SECTOR-A,CAM-A-PERIMETER,LOITERING,138,human,person,0.65,-,0.0,WARNING,Stationary 22s within 0.35x height (movement 0.03 heights/s)
08:40:20,2026-09-23T03:10:26Z,BOP-SECTOR-A,CAM-A-PERIMETER,LOITERING,53,human,person,0.65,-,0.0,WARNING,Stationary 10s within 0.05x height (movement 0.00 heights/s)
08:40:20,2026-09-23T03:10:26Z,BOP-SECTOR-A,CAM-A-PERIMETER,LOITERING,123,human,person,0.65,-,0.0,WARNING,Stationary 10s within 0.02x height (movement 0.00 heights/s)
08:40:20,2026-09-23T03:10:26Z,BOP-SECTOR-A,CAM-A-PERIMETER,INTRUSION_ALERT,151,human,person,0.729,-,0.0,UNKNOWN_INTRUDER,"UNKNOWN PERSON | OUTBOUND (Northbound) at (1285, 548) | ID:NONE"
08:40:20,2026-09-23T03:10:26Z,BOP-SECTOR-A,CAM-A-PERIMETER,GROUP_CONVERGENCE,6,human,person,0.6,-,0.0,NOTICE,"3 persons converged within 1.6 body-lengths (tracks [6, 30, 64])"
08:40:22,2026-09-23T03:10:26Z,BOP-SECTOR-A,CAM-A-PERIMETER,LOITERING,139,human,person,0.65,-,0.0,WARNING,Stationary 20s within 0.07x height (movement 0.01 heights/s)
08:40:32,2026-09-23T03:10:34Z,BOP-SECTOR-B,CAM-B-TRIPWIRE,LOITERING,35,human,person,0.65,-,0.0,WARNING,Stationary 17s within 0.25x height (movement 0.08 heights/s)
08:40:36,2026-09-23T03:10:37Z,BOP-SECTOR-B,CAM-B-TRIPWIRE,INTRUSION_ALERT,35,human,person,0.79,-,0.0,UNKNOWN_INTRUDER,"UNKNOWN PERSON | OUTBOUND (Northbound) at (474, 278) | ID:NONE"
08:40:24,2026-09-23T03:10:38Z,BOP-SECTOR-A,CAM-A-PERIMETER,LOITERING,148,human,person,0.65,-,0.0,WARNING,Stationary 10s within 0.17x height (movement 0.02 heights/s)
08:40:24,2026-09-23T03:10:38Z,BOP-SECTOR-A,CAM-A-PERIMETER,LOITERING,103,human,person,0.65,-,0.0,WARNING,Stationary 10s within 0.27x height (movement 0.03 heights/s)
08:40:26,2026-09-23T03:10:38Z,BOP-SECTOR-A,CAM-A-PERIMETER,INTRUSION_ALERT,97,human,person,0.673,-,0.0,UNKNOWN_INTRUDER,"UNKNOWN PERSON | OUTBOUND (Northbound) at (558, 595) | ID:NONE"
08:40:26,2026-09-23T03:10:39Z,BOP-SECTOR-A,CAM-A-PERIMETER,LOITERING,151,human,person,0.65,-,0.0,WARNING,Stationary 11s within 0.30x height (movement 0.03 heights/s)
08:40:32,2026-09-23T03:10:39Z,BOP-SECTOR-A,CAM-A-PERIMETER,LOITERING,143,human,person,0.65,-,0.0,WARNING,Stationary 38s within 0.20x height (movement 0.01 heights/s)
08:40:35,2026-09-23T03:10:39Z,BOP-SECTOR-A,CAM-A-PERIMETER,LOITERING,93,human,person,0.65,-,0.0,WARNING,Stationary 14s within 0.21x height (movement 0.01 heights/s)
08:40:37,2026-09-23T03:10:39Z,BOP-SECTOR-A,CAM-A-PERIMETER,INTRUSION_ALERT,155,human,person,0.785,-,0.0,UNKNOWN_INTRUDER,"UNKNOWN PERSON | INBOUND (Southbound) at (709, 616) | ID:NONE"
08:40:37,2026-09-23T03:10:39Z,BOP-SECTOR-A,CAM-A-PERIMETER,LOITERING,43,human,person,0.65,-,0.0,WARNING,Stationary 75s within 0.15x height (movement 0.00 heights/s)
08:40:29,2026-09-23T03:10:41Z,BOP-SECTOR-B,CAM-B-TRIPWIRE,LOITERING,18,human,person,0.65,-,0.0,WARNING,Stationary 15s within 0.17x height (movement 0.01 heights/s)
08:40:40,2026-09-23T03:10:47Z,BOP-SECTOR-A,CAM-A-PERIMETER,GROUP_CONVERGENCE,49,human,person,0.6,-,0.0,NOTICE,"5 persons converged within 1.6 body-lengths (tracks [49, 76, 102, 156, 166])"
08:40:42,2026-09-23T03:10:47Z,BOP-SECTOR-A,CAM-A-PERIMETER,LOITERING,118,human,person,0.65,-,0.0,WARNING,Stationary 9s within 0.09x height (movement 0.01 heights/s)
08:40:42,2026-09-23T03:10:47Z,BOP-SECTOR-A,CAM-A-PERIMETER,LOITERING,44,human,person,0.65,-,0.0,WARNING,Stationary 18s within 0.12x height (movement 0.01 heights/s)
08:40:42,2026-09-23T03:10:47Z,BOP-SECTOR-A,CAM-A-PERIMETER,LOITERING,139,human,person,0.65,-,0.0,WARNING,Stationary 40s within 0.28x height (movement 0.01 heights/s)
08:40:54,2026-09-23T03:10:56Z,BOP-SECTOR-B,CAM-B-TRIPWIRE,LOITERING,19,human,person,0.65,-,0.0,WARNING,Stationary 10s within 0.30x height (movement 0.03 heights/s)
08:40:48,2026-09-23T03:10:57Z,BOP-SECTOR-A,CAM-A-PERIMETER,LOITERING,141,human,person,0.65,-,0.0,WARNING,Stationary 13s within 0.02x height (movement 0.00 heights/s)
08:40:50,2026-09-23T03:10:57Z,BOP-SECTOR-A,CAM-A-PERIMETER,INTRUSION_ALERT,52,human,person,0.775,-,0.0,UNKNOWN_INTRUDER,"UNKNOWN PERSON | INBOUND (Southbound) at (1805, 628) | ID:NONE"
08:40:54,2026-09-23T03:10:57Z,BOP-SECTOR-A,CAM-A-PERIMETER,LOITERING,168,human,person,0.65,-,0.0,WARNING,Stationary 11s within 0.27x height (movement 0.02 heights/s)
08:40:55,2026-09-23T03:11:03Z,BOP-SECTOR-A,CAM-A-PERIMETER,LOITERING,60,human,person,0.65,-,0.0,WARNING,Stationary 14s within 0.04x height (movement 0.00 heights/s)
08:40:58,2026-09-23T03:11:03Z,BOP-SECTOR-A,CAM-A-PERIMETER,LOITERING,143,human,person,0.65,-,0.0,WARNING,Stationary 64s within 0.28x height (movement 0.01 heights/s)
08:41:00,2026-09-23T03:11:03Z,BOP-SECTOR-A,CAM-A-PERIMETER,LOITERING,166,human,person,0.65,-,0.0,WARNING,Stationary 19s within 0.03x height (movement 0.00 heights/s)
08:41:03,2026-09-23T03:11:12Z,BOP-SECTOR-B,CAM-B-TRIPWIRE,GROUP_CONVERGENCE,29,human,person,0.6,-,0.0,NOTICE,"4 persons converged within 1.6 body-lengths (tracks [29, 35, 39, 40])"
08:41:02,2026-09-23T03:11:29Z,BOP-SECTOR-A,CAM-A-PERIMETER,LOITERING,118,human,person,0.65,-,0.0,WARNING,Stationary 30s within 0.26x height (movement 0.01 heights/s)
08:41:02,2026-09-23T03:11:29Z,BOP-SECTOR-A,CAM-A-PERIMETER,LOITERING,45,human,person,0.65,-,0.0,WARNING,Stationary 20s within 0.03x height (movement 0.00 heights/s)
08:41:02,2026-09-23T03:11:29Z,BOP-SECTOR-A,CAM-A-PERIMETER,LOITERING,40,human,person,0.65,-,0.0,WARNING,Stationary 20s within 0.01x height (movement 0.00 heights/s)
08:41:04,2026-09-23T03:11:29Z,BOP-SECTOR-A,CAM-A-PERIMETER,LOITERING,172,human,person,0.65,-,0.0,WARNING,Stationary 16s within 0.10x height (movement 0.01 heights/s)
08:41:16,2026-09-23T03:11:29Z,BOP-SECTOR-A,CAM-A-PERIMETER,AUTHORIZED_PATROL,2,human,person,0.772,-,0.0,AUTHORIZED_PATROL,"Constable R. Singh (SSB-4587) | INBOUND (Southbound) at (1522, 602) | ID:SIMULATED_DEMO_ID"
08:41:13,2026-09-23T03:11:30Z,BOP-SECTOR-B,CAM-B-TRIPWIRE,LOITERING,29,human,person,0.65,-,0.0,WARNING,Stationary 9s within 0.18x height (movement 0.02 heights/s)
08:41:13,2026-09-23T03:11:30Z,BOP-SECTOR-B,CAM-B-TRIPWIRE,LOITERING,28,human,person,0.65,-,0.0,WARNING,Stationary 16s within 0.19x height (movement 0.01 heights/s)
08:41:16,2026-09-23T03:11:30Z,BOP-SECTOR-A,CAM-A-PERIMETER,LOITERING,158,human,person,0.65,-,0.0,WARNING,Stationary 19s within 0.08x height (movement 0.00 heights/s)
08:41:20,2026-09-23T03:11:30Z,BOP-SECTOR-B,CAM-B-TRIPWIRE,INTRUSION_ALERT,41,human,person,0.788,-,0.0,UNKNOWN_INTRUDER,"UNKNOWN PERSON | OUTBOUND (Northbound) at (474, 275) | ID:NONE"
08:41:16,2026-09-23T03:11:30Z,BOP-SECTOR-A,CAM-A-PERIMETER,LOITERING,173,human,person,0.65,-,0.0,WARNING,Stationary 19s within 0.06x height (movement 0.00 heights/s)
08:41:17,2026-09-23T03:11:30Z,BOP-SECTOR-A,CAM-A-PERIMETER,LOITERING,55,human,person,0.65,-,0.0,WARNING,Stationary 13s within 0.19x height (movement 0.02 heights/s)
08:41:17,2026-09-23T03:11:30Z,BOP-SECTOR-A,CAM-A-PERIMETER,LOITERING,137,human,person,0.65,-,0.0,WARNING,Stationary 13s within 0.12x height (movement 0.01 heights/s)
08:41:17,2026-09-23T03:11:30Z,BOP-SECTOR-A,CAM-A-PERIMETER,LOITERING,97,human,person,0.65,-,0.0,WARNING,Stationary 13s within 0.06x height (movement 0.00 heights/s)
08:41:17,2026-09-23T03:11:30Z,BOP-SECTOR-A,CAM-A-PERIMETER,LOITERING,123,human,person,0.65,-,0.0,WARNING,Stationary 13s within 0.02x height (movement 0.00 heights/s)
08:41:20,2026-09-23T03:11:30Z,BOP-SECTOR-A,CAM-A-PERIMETER,LOITERING,6,human,person,0.65,-,0.0,WARNING,Stationary 8s within 0.33x height (movement 0.06 heights/s)
08:41:24,2026-09-23T03:11:31Z,BOP-SECTOR-A,CAM-A-PERIMETER,GROUP_CONVERGENCE,62,human,person,0.6,-,0.0,NOTICE,"3 persons converged within 1.6 body-lengths (tracks [62, 64, 117])"
08:41:27,2026-09-23T03:11:31Z,BOP-SECTOR-A,CAM-A-PERIMETER,LOITERING,118,human,person,0.65,-,0.0,WARNING,Stationary 54s within 0.31x height (movement 0.03 heights/s)
08:41:27,2026-09-23T03:11:31Z,BOP-SECTOR-A,CAM-A-PERIMETER,LOITERING,167,human,person,0.65,-,0.0,WARNING,Stationary 17s within 0.30x height (movement 0.02 heights/s)
08:41:30,2026-09-23T03:11:32Z,BOP-SECTOR-B,CAM-B-TRIPWIRE,AUTHORIZED_PATROL,2,human,person,0.815,-,0.0,AUTHORIZED_PATROL,"Constable R. Singh (SSB-4587) | OUTBOUND (Northbound) at (481, 280) | ID:SIMULATED_DEMO_ID"
08:41:30,2026-09-23T03:11:32Z,BOP-SECTOR-B,CAM-B-TRIPWIRE,LOITERING,10,human,person,0.65,-,0.0,WARNING,Stationary 13s within 0.28x height (movement 0.02 heights/s)
08:41:29,2026-09-23T03:12:29Z,BOP-SECTOR-A,CAM-A-PERIMETER,LOITERING,178,human,person,0.65,-,0.0,WARNING,Stationary 20s within 0.09x height (movement 0.00 heights/s)
08:41:33,2026-09-23T03:12:29Z,BOP-SECTOR-B,CAM-B-TRIPWIRE,LOITERING,18,human,person,0.65,-,0.0,WARNING,Stationary 13s within 0.22x height (movement 0.02 heights/s)
08:41:29,2026-09-23T03:12:29Z,BOP-SECTOR-A,CAM-A-PERIMETER,LOITERING,131,human,person,0.65,-,0.0,WARNING,Stationary 20s within 0.14x height (movement 0.01 heights/s)
08:41:54,2026-09-23T03:12:29Z,BOP-SECTOR-B,CAM-B-TRIPWIRE,RUNNING,2,human,person,0.7,-,0.0,WARNING,Running at 14.33 body-heights/s (threshold 1.60) for 0.9s
08:41:34,2026-09-23T03:12:29Z,BOP-SECTOR-A,CAM-A-PERIMETER,LOITERING,127,human,person,0.65,-,0.0,WARNING,Stationary 25s within 0.33x height (movement 0.03 heights/s)
08:42:21,2026-09-23T03:12:29Z,BOP-SECTOR-B,CAM-B-TRIPWIRE,LOITERING,44,human,person,0.65,-,0.0,WARNING,Stationary 9s within 0.15x height (movement 0.02 heights/s)
08:41:34,2026-09-23T03:12:29Z,BOP-SECTOR-A,CAM-A-PERIMETER,LOITERING,7,human,person,0.65,-,0.0,WARNING,Stationary 11s within 0.22x height (movement 0.04 heights/s)
08:41:34,2026-09-23T03:12:29Z,BOP-SECTOR-A,CAM-A-PERIMETER,LOITERING,56,human,person,0.65,-,0.0,WARNING,Stationary 9s within 0.35x height (movement 0.04 heights/s)
08:41:36,2026-09-23T03:12:30Z,BOP-SECTOR-A,CAM-A-PERIMETER,LOITERING,67,human,person,0.65,-,0.0,WARNING,Stationary 13s within 0.13x height (movement 0.01 heights/s)
08:41:38,2026-09-23T03:12:30Z,BOP-SECTOR-A,CAM-A-PERIMETER,LOITERING,76,human,person,0.65,-,0.0,WARNING,Stationary 13s within 0.28x height (movement 0.02 heights/s)
08:41:40,2026-09-23T03:12:30Z,BOP-SECTOR-A,CAM-A-PERIMETER,LOITERING,161,human,person,0.65,-,0.0,WARNING,Stationary 14s within 0.08x height (movement 0.01 heights/s)
08:41:40,2026-09-23T03:12:30Z,BOP-SECTOR-A,CAM-A-PERIMETER,LOITERING,54,human,person,0.65,-,0.0,WARNING,Stationary 14s within 0.00x height (movement 0.00 heights/s)
08:41:40,2026-09-23T03:12:30Z,BOP-SECTOR-A,CAM-A-PERIMETER,LOITERING,60,human,person,0.65,-,0.0,WARNING,Stationary 14s within 0.04x height (movement 0.00 heights/s)
08:41:44,2026-09-23T03:12:30Z,BOP-SECTOR-A,CAM-A-PERIMETER,GROUP_CONVERGENCE,62,human,person,0.6,-,0.0,NOTICE,"6 persons converged within 1.6 body-lengths (tracks [62, 74, 76, 153, 166, 183])"
08:41:46,2026-09-23T03:12:30Z,BOP-SECTOR-A,CAM-A-PERIMETER,LOITERING,173,human,person,0.65,-,0.0,WARNING,Stationary 49s within 0.32x height (movement 0.01 heights/s)
08:41:46,2026-09-23T03:12:30Z,BOP-SECTOR-A,CAM-A-PERIMETER,LOITERING,139,human,person,0.65,-,0.0,WARNING,Stationary 19s within 0.14x height (movement 0.01 heights/s)
08:41:49,2026-09-23T03:12:30Z,BOP-SECTOR-A,CAM-A-PERIMETER,INTRUSION_ALERT,64,human,person,0.704,-,0.0,UNKNOWN_INTRUDER,"UNKNOWN PERSON | OUTBOUND (Northbound) at (558, 593) | ID:NONE"
08:41:51,2026-09-23T03:12:30Z,BOP-SECTOR-A,CAM-A-PERIMETER,LOITERING,5,human,person,0.65,-,0.0,WARNING,Stationary 18s within 0.29x height (movement 0.02 heights/s)
08:41:58,2026-09-23T03:12:31Z,BOP-SECTOR-A,CAM-A-PERIMETER,LOITERING,6,human,person,0.65,-,0.0,WARNING,Stationary 8s within 0.33x height (movement 0.06 heights/s)
08:41:59,2026-09-23T03:12:31Z,BOP-SECTOR-A,CAM-A-PERIMETER,INTRUSION_ALERT,45,human,person,0.785,-,0.0,UNKNOWN_INTRUDER,"UNKNOWN PERSON | INBOUND (Southbound) at (709, 616) | ID:NONE"
08:41:59,2026-09-23T03:12:31Z,BOP-SECTOR-A,CAM-A-PERIMETER,INTRUSION_ALERT,181,human,person,0.799,-,0.0,UNKNOWN_INTRUDER,"UNKNOWN PERSON | INBOUND (Southbound) at (266, 610) | ID:NONE"
08:42:01,2026-09-23T03:12:31Z,BOP-SECTOR-A,CAM-A-PERIMETER,LOITERING,143,human,person,0.65,-,0.0,WARNING,Stationary 18s within 0.16x height (movement 0.01 heights/s)
08:42:03,2026-09-23T03:12:31Z,BOP-SECTOR-A,CAM-A-PERIMETER,LOITERING,30,human,person,0.65,-,0.0,WARNING,Stationary 16s within 0.31x height (movement 0.04 heights/s)
08:42:06,2026-09-23T03:12:31Z,BOP-SECTOR-A,CAM-A-PERIMETER,LOITERING,42,human,person,0.65,-,0.0,WARNING,Stationary 9s within 0.32x height (movement 0.07 heights/s)
08:42:06,2026-09-23T03:12:31Z,BOP-SECTOR-A,CAM-A-PERIMETER,GROUP_CONVERGENCE,2,human,person,0.6,-,0.0,NOTICE,"5 persons converged within 1.6 body-lengths (tracks [2, 7, 42, 43, 159])"
08:42:07,2026-09-23T03:12:31Z,BOP-SECTOR-A,CAM-A-PERIMETER,LOITERING,193,human,person,0.65,-,0.0,WARNING,Stationary 13s within 0.30x height (movement 0.04 heights/s)
08:42:09,2026-09-23T03:12:31Z,BOP-SECTOR-A,CAM-A-PERIMETER,LOITERING,173,human,person,0.65,-,0.0,WARNING,Stationary 72s within 0.31x height (movement 0.01 heights/s)
08:42:16,2026-09-23T03:12:31Z,BOP-SECTOR-A,CAM-A-PERIMETER,LOITERING,145,human,person,0.65,-,0.0,WARNING,Stationary 19s within 0.08x height (movement 0.00 heights/s)
08:42:16,2026-09-23T03:12:31Z,BOP-SECTOR-A,CAM-A-PERIMETER,LOITERING,141,human,person,0.65,-,0.0,WARNING,Stationary 19s within 0.10x height (movement 0.01 heights/s)
08:42:18,2026-09-23T03:12:31Z,BOP-SECTOR-A,CAM-A-PERIMETER,INTRUSION_ALERT,137,human,person,0.811,-,0.0,UNKNOWN_INTRUDER,"UNKNOWN PERSON | INBOUND (Southbound) at (1801, 615) | ID:NONE"
08:42:18,2026-09-23T03:12:31Z,BOP-SECTOR-A,CAM-A-PERIMETER,INTRUSION_ALERT,190,human,person,0.817,-,0.0,UNKNOWN_INTRUDER,"UNKNOWN PERSON | OUTBOUND (Northbound) at (1564, 565) | ID:NONE"
08:42:20,2026-09-23T03:12:31Z,BOP-SECTOR-A,CAM-A-PERIMETER,LOITERING,174,human,person,0.65,-,0.0,WARNING,Stationary 13s within 0.28x height (movement 0.03 heights/s)
08:42:20,2026-09-23T03:12:31Z,BOP-SECTOR-A,CAM-A-PERIMETER,LOITERING,67,human,person,0.65,-,0.0,WARNING,Stationary 13s within 0.25x height (movement 0.02 heights/s)
08:42:23,2026-09-23T03:12:31Z,BOP-SECTOR-A,CAM-A-PERIMETER,LOITERING,103,human,person,0.65,-,0.0,WARNING,Stationary 10s within 0.12x height (movement 0.01 heights/s)
08:42:24,2026-09-23T03:12:32Z,BOP-SECTOR-A,CAM-A-PERIMETER,LOITERING,190,human,person,0.65,-,0.0,WARNING,Stationary 12s within 0.34x height (movement 0.06 heights/s)
08:42:27,2026-09-23T03:12:32Z,BOP-SECTOR-A,CAM-A-PERIMETER,LOITERING,112,human,person,0.65,-,0.0,WARNING,Stationary 12s within 0.27x height (movement 0.03 heights/s)
08:42:27,2026-09-23T03:12:32Z,BOP-SECTOR-A,CAM-A-PERIMETER,LOITERING,151,human,person,0.65,-,0.0,WARNING,Stationary 12s within 0.07x height (movement 0.01 heights/s)
08:42:27,2026-09-23T03:12:32Z,BOP-SECTOR-A,CAM-A-PERIMETER,GROUP_CONVERGENCE,6,human,person,0.6,-,0.0,NOTICE,"3 persons converged within 1.6 body-lengths (tracks [6, 30, 102])"
08:42:40,2026-09-23T03:12:41Z,BOP-SECTOR-B,CAM-B-TRIPWIRE,LOITERING,8,human,person,0.65,-,0.0,WARNING,Stationary 14s within 0.28x height (movement 0.05 heights/s)
08:42:51,2026-09-23T03:12:52Z,BOP-SECTOR-B,CAM-B-TRIPWIRE,LOITERING,19,human,person,0.65,-,0.0,WARNING,Stationary 15s within 0.05x height (movement 0.00 heights/s)
08:43:00,2026-09-23T03:13:02Z,BOP-SECTOR-B,CAM-B-TRIPWIRE,INTRUSION_ALERT,44,human,person,0.858,-,0.0,UNKNOWN_INTRUDER,"UNKNOWN PERSON | INBOUND (Southbound) at (415, 285) | ID:NONE"
08:43:00,2026-09-23T03:13:02Z,BOP-SECTOR-B,CAM-B-TRIPWIRE,INTRUSION_ALERT,48,human,person,0.841,-,0.0,UNKNOWN_INTRUDER,"UNKNOWN PERSON | OUTBOUND (Northbound) at (482, 280) | ID:NONE"
08:42:29,2026-09-23T03:13:29Z,BOP-SECTOR-A,CAM-A-PERIMETER,LOITERING,173,human,person,0.65,-,0.0,WARNING,Stationary 93s within 0.32x height (movement 0.01 heights/s)
08:42:42,2026-09-23T03:13:29Z,BOP-SECTOR-B,CAM-B-TRIPWIRE,LOITERING,44,human,person,0.65,-,0.0,WARNING,Stationary 30s within 0.32x height (movement 0.02 heights/s)
08:42:31,2026-09-23T03:13:29Z,BOP-SECTOR-A,CAM-A-PERIMETER,LOITERING,202,human,person,0.65,-,0.0,WARNING,Stationary 10s within 0.22x height (movement 0.03 heights/s)
08:42:47,2026-09-23T03:13:29Z,BOP-SECTOR-B,CAM-B-TRIPWIRE,GROUP_CONVERGENCE,20,human,person,0.6,-,0.0,NOTICE,"3 persons converged within 1.6 body-lengths (tracks [20, 29, 41])"
08:42:33,2026-09-23T03:13:29Z,BOP-SECTOR-A,CAM-A-PERIMETER,INTRUSION_ALERT,126,human,person,0.623,-,0.0,UNKNOWN_INTRUDER,"UNKNOWN PERSON | INBOUND (Southbound) at (1232, 610) | ID:NONE"
08:42:50,2026-09-23T03:13:29Z,BOP-SECTOR-B,CAM-B-TRIPWIRE,LOITERING,49,human,person,0.65,-,0.0,WARNING,Stationary 15s within 0.19x height (movement 0.01 heights/s)
08:42:38,2026-09-23T03:13:29Z,BOP-SECTOR-A,CAM-A-PERIMETER,LOITERING,54,human,person,0.65,-,0.0,WARNING,Stationary 8s within 0.00x height (movement 0.00 heights/s)
08:42:38,2026-09-23T03:13:29Z,BOP-SECTOR-A,CAM-A-PERIMETER,LOITERING,85,human,person,0.65,-,0.0,WARNING,Stationary 12s within 0.23x height (movement 0.02 heights/s)
08:42:57,2026-09-23T03:13:29Z,BOP-SECTOR-B,CAM-B-TRIPWIRE,INTRUSION_ALERT,44,human,person,0.782,-,0.0,UNKNOWN_INTRUDER,"UNKNOWN PERSON | OUTBOUND (Northbound) at (419, 273) | ID:NONE"
08:42:40,2026-09-23T03:13:29Z,BOP-SECTOR-A,CAM-A-PERIMETER,LOITERING,4,human,person,0.65,-,0.0,WARNING,Stationary 19s within 0.30x height (movement 0.02 heights/s)
08:43:23,2026-09-23T03:13:29Z,BOP-SECTOR-B,CAM-B-TRIPWIRE,LOITERING,57,human,person,0.65,-,0.0,WARNING,Stationary 11s within 0.20x height (movement 0.02 heights/s)
08:42:41,2026-09-23T03:13:29Z,BOP-SECTOR-A,CAM-A-PERIMETER,LOITERING,39,human,person,0.65,-,0.0,WARNING,Stationary 18s within 0.14x height (movement 0.01 heights/s)
08:42:41,2026-09-23T03:13:29Z,BOP-SECTOR-A,CAM-A-PERIMETER,LOITERING,60,human,person,0.65,-,0.0,WARNING,Stationary 11s within 0.04x height (movement 0.00 heights/s)
08:42:44,2026-09-23T03:13:29Z,BOP-SECTOR-A,CAM-A-PERIMETER,INTRUSION_ALERT,76,human,person,0.712,-,0.0,UNKNOWN_INTRUDER,"UNKNOWN PERSON | OUTBOUND (Northbound) at (1050, 598) | ID:NONE"
08:42:49,2026-09-23T03:13:30Z,BOP-SECTOR-A,CAM-A-PERIMETER,LOITERING,143,human,person,0.65,-,0.0,WARNING,Stationary 17s within 0.11x height (movement 0.01 heights/s)
08:42:49,2026-09-23T03:13:30Z,BOP-SECTOR-A,CAM-A-PERIMETER,LOITERING,97,human,person,0.65,-,0.0,WARNING,Stationary 17s within 0.27x height (movement 0.02 heights/s)
08:42:49,2026-09-23T03:13:30Z,BOP-SECTOR-A,CAM-A-PERIMETER,LOITERING,123,human,person,0.65,-,0.0,WARNING,Stationary 17s within 0.28x height (movement 0.02 heights/s)
08:42:53,2026-09-23T03:13:30Z,BOP-SECTOR-A,CAM-A-PERIMETER,LOITERING,118,human,person,0.65,-,0.0,WARNING,Stationary 12s within 0.32x height (movement 0.03 heights/s)
08:42:53,2026-09-23T03:13:30Z,BOP-SECTOR-A,CAM-A-PERIMETER,LOITERING,33,human,person,0.65,-,0.0,WARNING,Stationary 23s within 0.22x height (movement 0.02 heights/s)
08:42:55,2026-09-23T03:13:30Z,BOP-SECTOR-A,CAM-A-PERIMETER,LOITERING,212,human,person,0.65,-,0.0,WARNING,Stationary 12s within 0.14x height (movement 0.01 heights/s)
08:42:56,2026-09-23T03:13:31Z,BOP-SECTOR-A,CAM-A-PERIMETER,LOITERING,126,human,person,0.65,-,0.0,WARNING,Stationary 12s within 0.30x height (movement 0.02 heights/s)
08:42:57,2026-09-23T03:13:31Z,BOP-SECTOR-A,CAM-A-PERIMETER,LOITERING,213,human,person,0.65,-,0.0,WARNING,Stationary 13s within 0.20x height (movement 0.02 heights/s)
08:42:57,2026-09-23T03:13:31Z,BOP-SECTOR-A,CAM-A-PERIMETER,LOITERING,214,human,person,0.65,-,0.0,WARNING,Stationary 13s within 0.22x height (movement 0.02 heights/s)
08:43:00,2026-09-23T03:13:31Z,BOP-SECTOR-A,CAM-A-PERIMETER,LOITERING,190,human,person,0.65,-,0.0,WARNING,Stationary 12s within 0.08x height (movement 0.01 heights/s)
08:43:00,2026-09-23T03:13:31Z,BOP-SECTOR-A,CAM-A-PERIMETER,LOITERING,219,human,person,0.65,-,0.0,WARNING,Stationary 12s within 0.06x height (movement 0.00 heights/s)
08:43:01,2026-09-23T03:13:31Z,BOP-SECTOR-A,CAM-A-PERIMETER,LOITERING,172,human,person,0.65,-,0.0,WARNING,Stationary 15s within 0.06x height (movement 0.00 heights/s)
08:43:01,2026-09-23T03:13:31Z,BOP-SECTOR-A,CAM-A-PERIMETER,LOITERING,220,human,person,0.65,-,0.0,WARNING,Stationary 12s within 0.11x height (movement 0.01 heights/s)
08:43:01,2026-09-23T03:13:31Z,BOP-SECTOR-A,CAM-A-PERIMETER,LOITERING,156,human,person,0.65,-,0.0,WARNING,Stationary 15s within 0.11x height (movement 0.01 heights/s)
08:43:03,2026-09-23T03:13:31Z,BOP-SECTOR-A,CAM-A-PERIMETER,LOITERING,30,human,person,0.65,-,0.0,WARNING,Stationary 13s within 0.33x height (movement 0.08 heights/s)
08:43:08,2026-09-23T03:13:31Z,BOP-SECTOR-A,CAM-A-PERIMETER,GROUP_CONVERGENCE,61,human,person,0.6,-,0.0,NOTICE,"4 persons converged within 1.6 body-lengths (tracks [61, 67, 165, 174])"
08:43:10,2026-09-23T03:13:31Z,BOP-SECTOR-A,CAM-A-PERIMETER,LOITERING,226,human,person,0.65,-,0.0,WARNING,Stationary 12s within 0.29x height (movement 0.02 heights/s)
08:43:10,2026-09-23T03:13:31Z,BOP-SECTOR-A,CAM-A-PERIMETER,LOITERING,60,human,person,0.65,-,0.0,WARNING,Stationary 41s within 0.06x height (movement 0.00 heights/s)
08:43:15,2026-09-23T03:13:31Z,BOP-SECTOR-A,CAM-A-PERIMETER,LOITERING,93,human,person,0.65,-,0.0,WARNING,Stationary 10s within 0.25x height (movement 0.04 heights/s)
08:43:20,2026-09-23T03:13:31Z,BOP-SECTOR-A,CAM-A-PERIMETER,LOITERING,213,human,person,0.65,-,0.0,WARNING,Stationary 36s within 0.23x height (movement 0.02 heights/s)
08:43:20,2026-09-23T03:13:31Z,BOP-SECTOR-A,CAM-A-PERIMETER,LOITERING,214,human,person,0.65,-,0.0,WARNING,Stationary 36s within 0.27x height (movement 0.02 heights/s)
08:43:24,2026-09-23T03:13:32Z,BOP-SECTOR-A,CAM-A-PERIMETER,LOITERING,157,human,person,0.65,-,0.0,WARNING,Stationary 12s within 0.16x height (movement 0.04 heights/s)
08:43:24,2026-09-23T03:13:32Z,BOP-SECTOR-A,CAM-A-PERIMETER,LOITERING,230,human,person,0.65,-,0.0,WARNING,Stationary 14s within 0.34x height (movement 0.03 heights/s)
08:43:43,2026-09-23T03:13:45Z,BOP-SECTOR-B,CAM-B-TRIPWIRE,LOITERING,8,human,person,0.65,-,0.0,WARNING,Stationary 11s within 0.11x height (movement 0.01 heights/s)
08:43:33,2026-09-23T03:14:29Z,BOP-SECTOR-B,CAM-B-TRIPWIRE,LOITERING,49,human,person,0.65,-,0.0,WARNING,Stationary 20s within 0.10x height (movement 0.01 heights/s)
08:43:26,2026-09-23T03:14:29Z,BOP-SECTOR-A,CAM-A-PERIMETER,GROUP_CONVERGENCE,145,human,person,0.6,-,0.0,NOTICE,"4 persons converged within 1.6 body-lengths (tracks [145, 168, 201, 205])"
08:44:08,2026-09-23T03:14:29Z,BOP-SECTOR-B,CAM-B-TRIPWIRE,LOITERING,29,human,person,0.65,-,0.0,WARNING,Stationary 16s within 0.19x height (movement 0.01 heights/s)
08:44:14,2026-09-23T03:14:29Z,BOP-SECTOR-B,CAM-B-TRIPWIRE,INTRUSION_ALERT,20,human,person,0.808,-,0.0,UNKNOWN_INTRUDER,"UNKNOWN PERSON | OUTBOUND (Northbound) at (479, 279) | ID:NONE"
08:43:33,2026-09-23T03:14:29Z,BOP-SECTOR-A,CAM-A-PERIMETER,LOITERING,235,human,person,0.65,-,0.0,WARNING,Stationary 17s within 0.29x height (movement 0.02 heights/s)
08:44:22,2026-09-23T03:14:29Z,BOP-SECTOR-B,CAM-B-TRIPWIRE,LOITERING,18,human,person,0.65,-,0.0,WARNING,Stationary 18s within 0.23x height (movement 0.01 heights/s)
08:43:33,2026-09-23T03:14:29Z,BOP-SECTOR-A,CAM-A-PERIMETER,LOITERING,221,human,person,0.65,-,0.0,WARNING,Stationary 17s within 0.23x height (movement 0.01 heights/s)
08:43:33,2026-09-23T03:14:29Z,BOP-SECTOR-A,CAM-A-PERIMETER,LOITERING,223,human,person,0.65,-,0.0,WARNING,Stationary 17s within 0.09x height (movement 0.00 heights/s)
08:43:33,2026-09-23T03:14:29Z,BOP-SECTOR-A,CAM-A-PERIMETER,LOITERING,222,human,person,0.65,-,0.0,WARNING,Stationary 17s within 0.12x height (movement 0.01 heights/s)
08:43:33,2026-09-23T03:14:29Z,BOP-SECTOR-A,CAM-A-PERIMETER,LOITERING,207,human,person,0.65,-,0.0,WARNING,Stationary 17s within 0.07x height (movement 0.01 heights/s)
08:43:33,2026-09-23T03:14:29Z,BOP-SECTOR-A,CAM-A-PERIMETER,LOITERING,60,human,person,0.65,-,0.0,WARNING,Stationary 64s within 0.06x height (movement 0.00 heights/s)
08:43:33,2026-09-23T03:14:29Z,BOP-SECTOR-A,CAM-A-PERIMETER,LOITERING,45,human,person,0.65,-,0.0,WARNING,Stationary 17s within 0.20x height (movement 0.01 heights/s)
08:43:40,2026-09-23T03:14:30Z,BOP-SECTOR-A,CAM-A-PERIMETER,LOITERING,240,human,person,0.65,-,0.0,WARNING,Stationary 18s within 0.32x height (movement 0.02 heights/s)
08:43:42,2026-09-23T03:14:30Z,BOP-SECTOR-A,CAM-A-PERIMETER,INTRUSION_ALERT,244,human,person,0.792,-,0.0,UNKNOWN_INTRUDER,"UNKNOWN PERSON | OUTBOUND (Northbound) at (1865, 589) | ID:NONE"
08:43:42,2026-09-23T03:14:30Z,BOP-SECTOR-A,CAM-A-PERIMETER,LOITERING,242,human,person,0.65,-,0.0,WARNING,Stationary 11s within 0.09x height (movement 0.01 heights/s)
08:43:42,2026-09-23T03:14:30Z,BOP-SECTOR-A,CAM-A-PERIMETER,LOITERING,185,human,person,0.65,-,0.0,WARNING,Stationary 11s within 0.01x height (movement 0.00 heights/s)
08:43:44,2026-09-23T03:14:30Z,BOP-SECTOR-A,CAM-A-PERIMETER,LOITERING,157,human,person,0.65,-,0.0,WARNING,Stationary 32s within 0.16x height (movement 0.02 heights/s)
08:43:46,2026-09-23T03:14:30Z,BOP-SECTOR-A,CAM-A-PERIMETER,LOITERING,219,human,person,0.65,-,0.0,WARNING,Stationary 10s within 0.23x height (movement 0.04 heights/s)
08:43:46,2026-09-23T03:14:30Z,BOP-SECTOR-A,CAM-A-PERIMETER,LOITERING,118,human,person,0.65,-,0.0,WARNING,Stationary 10s within 0.22x height (movement 0.02 heights/s)
08:43:46,2026-09-23T03:14:30Z,BOP-SECTOR-A,CAM-A-PERIMETER,LOITERING,64,human,person,0.65,-,0.0,WARNING,Stationary 10s within 0.24x height (movement 0.02 heights/s)
08:43:46,2026-09-23T03:14:30Z,BOP-SECTOR-A,CAM-A-PERIMETER,LOITERING,67,human,person,0.65,-,0.0,WARNING,Stationary 10s within 0.26x height (movement 0.03 heights/s)
08:43:49,2026-09-23T03:14:30Z,BOP-SECTOR-A,CAM-A-PERIMETER,GROUP_CONVERGENCE,145,human,person,0.6,-,0.0,NOTICE,"4 persons converged within 1.6 body-lengths (tracks [145, 226, 231, 241])"
08:43:51,2026-09-23T03:14:30Z,BOP-SECTOR-A,CAM-A-PERIMETER,LOITERING,232,human,person,0.65,-,0.0,WARNING,Stationary 11s within 0.33x height (movement 0.03 heights/s)
08:43:53,2026-09-23T03:14:30Z,BOP-SECTOR-A,CAM-A-PERIMETER,INTRUSION_ALERT,230,human,person,0.827,-,0.0,UNKNOWN_INTRUDER,"UNKNOWN PERSON | INBOUND (Southbound) at (951, 615) | ID:NONE"
08:43:54,2026-09-23T03:14:30Z,BOP-SECTOR-A,CAM-A-PERIMETER,LOITERING,167,human,person,0.65,-,0.0,WARNING,Stationary 15s within 0.00x height (movement 0.00 heights/s)
08:43:54,2026-09-23T03:14:31Z,BOP-SECTOR-A,CAM-A-PERIMETER,LOITERING,141,human,person,0.65,-,0.0,WARNING,Stationary 15s within 0.00x height (movement 0.00 heights/s)
08:43:55,2026-09-23T03:14:31Z,BOP-SECTOR-A,CAM-A-PERIMETER,LOITERING,223,human,person,0.65,-,0.0,WARNING,Stationary 38s within 0.32x height (movement 0.02 heights/s)
08:43:55,2026-09-23T03:14:31Z,BOP-SECTOR-A,CAM-A-PERIMETER,LOITERING,60,human,person,0.65,-,0.0,WARNING,Stationary 85s within 0.06x height (movement 0.00 heights/s)
08:43:57,2026-09-23T03:14:31Z,BOP-SECTOR-A,CAM-A-PERIMETER,LOITERING,117,human,person,0.65,-,0.0,WARNING,Stationary 10s within 0.18x height (movement 0.02 heights/s)
08:43:59,2026-09-23T03:14:31Z,BOP-SECTOR-A,CAM-A-PERIMETER,LOITERING,241,human,person,0.65,-,0.0,WARNING,Stationary 10s within 0.14x height (movement 0.01 heights/s)
08:44:04,2026-09-23T03:14:31Z,BOP-SECTOR-A,CAM-A-PERIMETER,INTRUSION_ALERT,248,human,person,0.799,-,0.0,UNKNOWN_INTRUDER,"UNKNOWN PERSON | INBOUND (Southbound) at (1231, 630) | ID:NONE"
08:44:04,2026-09-23T03:14:31Z,BOP-SECTOR-A,CAM-A-PERIMETER,LOITERING,249,human,person,0.65,-,0.0,WARNING,Stationary 11s within 0.21x height (movement 0.03 heights/s)
08:44:05,2026-09-23T03:14:31Z,BOP-SECTOR-A,CAM-A-PERIMETER,LOITERING,33,human,person,0.65,-,0.0,WARNING,Stationary 10s within 0.19x height (movement 0.02 heights/s)
08:44:06,2026-09-23T03:14:31Z,BOP-SECTOR-A,CAM-A-PERIMETER,LOITERING,193,human,person,0.65,-,0.0,WARNING,Stationary 10s within 0.29x height (movement 0.03 heights/s)
08:44:07,2026-09-23T03:14:31Z,BOP-SECTOR-A,CAM-A-PERIMETER,LOITERING,194,human,person,0.65,-,0.0,WARNING,Stationary 20s within 0.26x height (movement 0.03 heights/s)
08:44:07,2026-09-23T03:14:31Z,BOP-SECTOR-A,CAM-A-PERIMETER,LOITERING,4,human,person,0.65,-,0.0,WARNING,Stationary 15s within 0.18x height (movement 0.02 heights/s)
08:44:07,2026-09-23T03:14:31Z,BOP-SECTOR-A,CAM-A-PERIMETER,LOITERING,230,human,person,0.65,-,0.0,WARNING,Stationary 18s within 0.11x height (movement 0.02 heights/s)
08:44:07,2026-09-23T03:14:31Z,BOP-SECTOR-A,CAM-A-PERIMETER,LOITERING,248,human,person,0.65,-,0.0,WARNING,Stationary 15s within 0.34x height (movement 0.05 heights/s)
08:44:09,2026-09-23T03:14:31Z,BOP-SECTOR-A,CAM-A-PERIMETER,LOITERING,242,human,person,0.65,-,0.0,WARNING,Stationary 37s within 0.10x height (movement 0.01 heights/s)
08:44:09,2026-09-23T03:14:31Z,BOP-SECTOR-A,CAM-A-PERIMETER,LOITERING,157,human,person,0.65,-,0.0,WARNING,Stationary 57s within 0.16x height (movement 0.02 heights/s)
08:44:09,2026-09-23T03:14:32Z,BOP-SECTOR-A,CAM-A-PERIMETER,LOITERING,93,human,person,0.65,-,0.0,WARNING,Stationary 19s within 0.28x height (movement 0.01 heights/s)
08:44:10,2026-09-23T03:14:32Z,BOP-SECTOR-A,CAM-A-PERIMETER,LOITERING,221,human,person,0.65,-,0.0,WARNING,Stationary 15s within 0.00x height (movement 0.00 heights/s)
08:44:10,2026-09-23T03:14:32Z,BOP-SECTOR-A,CAM-A-PERIMETER,LOITERING,207,human,person,0.65,-,0.0,WARNING,Stationary 15s within 0.00x height (movement 0.00 heights/s)
08:44:10,2026-09-23T03:14:32Z,BOP-SECTOR-A,CAM-A-PERIMETER,LOITERING,198,human,person,0.65,-,0.0,WARNING,Stationary 15s within 0.00x height (movement 0.00 heights/s)
08:44:10,2026-09-23T03:14:32Z,BOP-SECTOR-A,CAM-A-PERIMETER,GROUP_CONVERGENCE,33,human,person,0.6,-,0.0,NOTICE,"4 persons converged within 1.6 body-lengths (tracks [33, 207, 221, 235])"
08:44:12,2026-09-23T03:14:32Z,BOP-SECTOR-A,CAM-A-PERIMETER,LOITERING,250,human,person,0.65,-,0.0,WARNING,Stationary 15s within 0.07x height (movement 0.00 heights/s)
08:44:12,2026-09-23T03:14:32Z,BOP-SECTOR-A,CAM-A-PERIMETER,LOITERING,172,human,person,0.65,-,0.0,WARNING,Stationary 15s within 0.15x height (movement 0.01 heights/s)
08:44:12,2026-09-23T03:14:32Z,BOP-SECTOR-A,CAM-A-PERIMETER,LOITERING,131,human,person,0.65,-,0.0,WARNING,Stationary 15s within 0.08x height (movement 0.01 heights/s)
08:44:12,2026-09-23T03:14:32Z,BOP-SECTOR-A,CAM-A-PERIMETER,LOITERING,123,human,person,0.65,-,0.0,WARNING,Stationary 15s within 0.16x height (movement 0.01 heights/s)
08:44:15,2026-09-23T03:14:32Z,BOP-SECTOR-A,CAM-A-PERIMETER,LOITERING,167,human,person,0.65,-,0.0,WARNING,Stationary 36s within 0.29x height (movement 0.00 heights/s)
08:44:16,2026-09-23T03:14:32Z,BOP-SECTOR-A,CAM-A-PERIMETER,LOITERING,235,human,person,0.65,-,0.0,WARNING,Stationary 10s within 0.28x height (movement 0.04 heights/s)
08:44:16,2026-09-23T03:14:32Z,BOP-SECTOR-A,CAM-A-PERIMETER,LOITERING,223,human,person,0.65,-,0.0,WARNING,Stationary 59s within 0.32x height (movement 0.01 heights/s)
08:44:16,2026-09-23T03:14:33Z,BOP-SECTOR-A,CAM-A-PERIMETER,LOITERING,60,human,person,0.65,-,0.0,WARNING,Stationary 106s within 0.06x height (movement 0.00 heights/s)
08:44:17,2026-09-23T03:14:33Z,BOP-SECTOR-A,CAM-A-PERIMETER,LOITERING,117,human,person,0.65,-,0.0,WARNING,Stationary 31s within 0.22x height (movement 0.00 heights/s)
08:44:24,2026-09-23T03:14:33Z,BOP-SECTOR-A,CAM-A-PERIMETER,LOITERING,132,human,person,0.65,-,0.0,WARNING,Stationary 11s within 0.15x height (movement 0.02 heights/s)
08:44:40,2026-09-23T03:14:42Z,BOP-SECTOR-B,CAM-B-TRIPWIRE,LOITERING,19,human,person,0.65,-,0.0,WARNING,Stationary 9s within 0.19x height (movement 0.02 heights/s)
08:44:40,2026-09-23T03:14:42Z,BOP-SECTOR-B,CAM-B-TRIPWIRE,LOITERING,35,human,person,0.65,-,0.0,WARNING,Stationary 9s within 0.11x height (movement 0.01 heights/s)
08:45:25,2026-09-23T03:15:35Z,BOP-SECTOR-B,CAM-B-TRIPWIRE,INTRUSION_ALERT,8,human,person,0.879,-,0.0,UNKNOWN_INTRUDER,"UNKNOWN PERSON | INBOUND (Southbound) at (421, 288) | ID:NONE"
08:45:24,2026-09-23T03:15:35Z,BOP-SECTOR-B,CAM-B-TRIPWIRE,LOITERING,55,human,person,0.65,-,0.0,WARNING,Stationary 9s within 0.02x height (movement 0.00 heights/s)
08:44:30,2026-09-23T03:15:35Z,BOP-SECTOR-B,CAM-B-TRIPWIRE,GROUP_CONVERGENCE,41,human,person,0.6,-,0.0,NOTICE,"4 persons converged within 1.6 body-lengths (tracks [41, 62, 63, 64])"
08:44:28,2026-09-23T03:15:35Z,BOP-SECTOR-A,CAM-A-PERIMETER,LOITERING,157,human,person,0.65,-,0.0,WARNING,Stationary 77s within 0.16x height (movement 0.02 heights/s)
08:45:30,2026-09-23T03:15:35Z,BOP-SECTOR-B,CAM-B-TRIPWIRE,LOITERING,11,human,person,0.65,-,0.0,WARNING,Stationary 9s within 0.18x height (movement 0.02 heights/s)
08:44:33,2026-09-23T03:15:35Z,BOP-SECTOR-A,CAM-A-PERIMETER,LOITERING,221,human,person,0.65,-,0.0,WARNING,Stationary 38s within 0.24x height (movement 0.00 heights/s)
08:44:39,2026-09-23T03:15:35Z,BOP-SECTOR-B,CAM-B-TRIPWIRE,LOITERING,62,human,person,0.65,-,0.0,WARNING,Stationary 9s within 0.11x height (movement 0.01 heights/s)
08:44:33,2026-09-23T03:15:35Z,BOP-SECTOR-A,CAM-A-PERIMETER,LOITERING,33,human,person,0.65,-,0.0,WARNING,Stationary 38s within 0.21x height (movement 0.02 heights/s)
08:45:30,2026-09-23T03:15:35Z,BOP-SECTOR-B,CAM-B-TRIPWIRE,LOITERING,1,human,person,0.65,-,0.0,WARNING,Stationary 12s within 0.24x height (movement 0.04 heights/s)
08:44:39,2026-09-23T03:15:35Z,BOP-SECTOR-B,CAM-B-TRIPWIRE,LOITERING,41,human,person,0.65,-,0.0,WARNING,Stationary 9s within 0.29x height (movement 0.03 heights/s)
08:44:34,2026-09-23T03:15:35Z,BOP-SECTOR-A,CAM-A-PERIMETER,LOITERING,172,human,person,0.65,-,0.0,WARNING,Stationary 38s within 0.32x height (movement 0.01 heights/s)
08:44:57,2026-09-23T03:15:36Z,BOP-SECTOR-B,CAM-B-TRIPWIRE,LOITERING,65,human,person,0.65,-,0.0,WARNING,Stationary 18s within 0.25x height (movement 0.01 heights/s)
08:44:34,2026-09-23T03:15:36Z,BOP-SECTOR-A,CAM-A-PERIMETER,LOITERING,123,human,person,0.65,-,0.0,WARNING,Stationary 38s within 0.16x height (movement 0.01 heights/s)
08:45:18,2026-09-23T03:15:36Z,BOP-SECTOR-B,CAM-B-TRIPWIRE,INTRUSION_ALERT,67,human,person,0.81,-,0.0,UNKNOWN_INTRUDER,"UNKNOWN PERSON | OUTBOUND (Northbound) at (479, 279) | ID:NONE"
08:44:34,2026-09-23T03:15:36Z,BOP-SECTOR-A,CAM-A-PERIMETER,LOITERING,250,human,person,0.65,-,0.0,WARNING,Stationary 38s within 0.33x height (movement 0.02 heights/s)
08:45:18,2026-09-23T03:15:36Z,BOP-SECTOR-B,CAM-B-TRIPWIRE,LOITERING,67,human,person,0.65,-,0.0,WARNING,Stationary 11s within 0.26x height (movement 0.02 heights/s)
08:44:34,2026-09-23T03:15:36Z,BOP-SECTOR-A,CAM-A-PERIMETER,LOITERING,165,human,person,0.65,-,0.0,WARNING,Stationary 12s within 0.03x height (movement 0.00 heights/s)
08:45:18,2026-09-23T03:15:36Z,BOP-SECTOR-B,CAM-B-TRIPWIRE,LOITERING,13,human,person,0.65,-,0.0,WARNING,Stationary 11s within 0.19x height (movement 0.02 heights/s)
08:44:39,2026-09-23T03:15:36Z,BOP-SECTOR-A,CAM-A-PERIMETER,LOITERING,235,human,person,0.65,-,0.0,WARNING,Stationary 34s within 0.32x height (movement 0.04 heights/s)
08:45:27,2026-09-23T03:15:36Z,BOP-SECTOR-B,CAM-B-TRIPWIRE,LOITERING,18,human,person,0.65,-,0.0,WARNING,Stationary 14s within 0.34x height (movement 0.02 heights/s)
08:45:32,2026-09-23T03:15:36Z,BOP-SECTOR-B,CAM-B-TRIPWIRE,LOITERING,63,human,person,0.65,-,0.0,WARNING,Stationary 16s within 0.25x height (movement 0.02 heights/s)
08:44:39,2026-09-23T03:15:36Z,BOP-SECTOR-A,CAM-A-PERIMETER,LOITERING,253,human,person,0.65,-,0.0,WARNING,Stationary 11s within 0.19x height (movement 0.02 heights/s)
08:44:39,2026-09-23T03:15:36Z,BOP-SECTOR-A,CAM-A-PERIMETER,LOITERING,242,human,person,0.65,-,0.0,WARNING,Stationary 68s within 0.24x height (movement 0.01 heights/s)
08:45:33,2026-09-23T03:15:37Z,BOP-SECTOR-B,CAM-B-TRIPWIRE,INTRUSION_ALERT,12,human,person,0.856,-,0.0,UNKNOWN_INTRUDER,"UNKNOWN PERSON | OUTBOUND (Northbound) at (470, 274) | ID:NONE"
08:44:43,2026-09-23T03:15:37Z,BOP-SECTOR-A,CAM-A-PERIMETER,LOITERING,201,human,person,0.65,-,0.0,WARNING,Stationary 18s within 0.01x height (movement 0.00 heights/s)
08:44:44,2026-09-23T03:15:37Z,BOP-SECTOR-A,CAM-A-PERIMETER,LOITERING,190,human,person,0.65,-,0.0,WARNING,Stationary 23s within 0.17x height (movement 0.01 heights/s)
08:44:44,2026-09-23T03:15:37Z,BOP-SECTOR-A,CAM-A-PERIMETER,LOITERING,181,human,person,0.65,-,0.0,WARNING,Stationary 23s within 0.07x height (movement 0.00 heights/s)
08:44:44,2026-09-23T03:15:37Z,BOP-SECTOR-A,CAM-A-PERIMETER,LOITERING,143,human,person,0.65,-,0.0,WARNING,Stationary 23s within 0.17x height (movement 0.01 heights/s)
08:44:46,2026-09-23T03:15:37Z,BOP-SECTOR-A,CAM-A-PERIMETER,LOITERING,85,human,person,0.65,-,0.0,WARNING,Stationary 17s within 0.31x height (movement 0.07 heights/s)
08:44:47,2026-09-23T03:15:37Z,BOP-SECTOR-A,CAM-A-PERIMETER,LOITERING,254,human,person,0.65,-,0.0,WARNING,Stationary 16s within 0.03x height (movement 0.00 heights/s)
08:44:47,2026-09-23T03:15:38Z,BOP-SECTOR-A,CAM-A-PERIMETER,LOITERING,243,human,person,0.65,-,0.0,WARNING,Stationary 16s within 0.17x height (movement 0.01 heights/s)
08:44:50,2026-09-23T03:15:38Z,BOP-SECTOR-A,CAM-A-PERIMETER,LOITERING,268,human,person,0.65,-,0.0,WARNING,Stationary 10s within 0.16x height (movement 0.02 heights/s)
08:44:50,2026-09-23T03:15:38Z,BOP-SECTOR-A,CAM-A-PERIMETER,GROUP_CONVERGENCE,174,human,person,0.6,-,0.0,NOTICE,"3 persons converged within 1.6 body-lengths (tracks [174, 235, 262])"
08:44:52,2026-09-23T03:15:38Z,BOP-SECTOR-A,CAM-A-PERIMETER,LOITERING,132,human,person,0.65,-,0.0,WARNING,Stationary 39s within 0.32x height (movement 0.02 heights/s)
08:44:53,2026-09-23T03:15:39Z,BOP-SECTOR-A,CAM-A-PERIMETER,LOITERING,157,human,person,0.65,-,0.0,WARNING,Stationary 101s within 0.16x height (movement 0.02 heights/s)
08:44:55,2026-09-23T03:15:39Z,BOP-SECTOR-A,CAM-A-PERIMETER,LOITERING,159,human,person,0.65,-,0.0,WARNING,Stationary 10s within 0.11x height (movement 0.01 heights/s)
08:44:56,2026-09-23T03:15:39Z,BOP-SECTOR-A,CAM-A-PERIMETER,LOITERING,271,human,person,0.65,-,0.0,WARNING,Stationary 11s within 0.11x height (movement 0.01 heights/s)
08:44:56,2026-09-23T03:15:39Z,BOP-SECTOR-A,CAM-A-PERIMETER,LOITERING,270,human,person,0.65,-,0.0,WARNING,Stationary 11s within 0.06x height (movement 0.01 heights/s)
08:44:56,2026-09-23T03:15:39Z,BOP-SECTOR-A,CAM-A-PERIMETER,LOITERING,269,human,person,0.65,-,0.0,WARNING,Stationary 11s within 0.07x height (movement 0.01 heights/s)
08:44:58,2026-09-23T03:15:39Z,BOP-SECTOR-A,CAM-A-PERIMETER,LOITERING,257,human,person,0.65,-,0.0,WARNING,Stationary 11s within 0.15x height (movement 0.01 heights/s)
08:44:59,2026-09-23T03:15:39Z,BOP-SECTOR-A,CAM-A-PERIMETER,LOITERING,33,human,person,0.65,-,0.0,WARNING,Stationary 64s within 0.22x height (movement 0.01 heights/s)
08:45:01,2026-09-23T03:15:39Z,BOP-SECTOR-A,CAM-A-PERIMETER,LOITERING,262,human,person,0.65,-,0.0,WARNING,Stationary 10s within 0.06x height (movement 0.01 heights/s)
08:45:01,2026-09-23T03:15:39Z,BOP-SECTOR-A,CAM-A-PERIMETER,LOITERING,235,human,person,0.65,-,0.0,WARNING,Stationary 55s within 0.33x height (movement 0.03 heights/s)
08:45:02,2026-09-23T03:15:39Z,BOP-SECTOR-A,CAM-A-PERIMETER,LOITERING,151,human,person,0.65,-,0.0,WARNING,Stationary 10s within 0.02x height (movement 0.00 heights/s)
08:45:04,2026-09-23T03:15:39Z,BOP-SECTOR-A,CAM-A-PERIMETER,LOITERING,201,human,person,0.65,-,0.0,WARNING,Stationary 38s within 0.15x height (movement 0.01 heights/s)
08:45:04,2026-09-23T03:15:39Z,BOP-SECTOR-A,CAM-A-PERIMETER,LOITERING,251,human,person,0.65,-,0.0,WARNING,Stationary 10s within 0.25x height (movement 0.02 heights/s)
08:45:05,2026-09-23T03:15:39Z,BOP-SECTOR-A,CAM-A-PERIMETER,LOITERING,190,human,person,0.65,-,0.0,WARNING,Stationary 44s within 0.27x height (movement 0.01 heights/s)
08:45:05,2026-09-23T03:15:39Z,BOP-SECTOR-A,CAM-A-PERIMETER,LOITERING,181,human,person,0.65,-,0.0,WARNING,Stationary 44s within 0.19x height (movement 0.00 heights/s)
08:45:06,2026-09-23T03:15:40Z,BOP-SECTOR-A,CAM-A-PERIMETER,LOITERING,85,human,person,0.65,-,0.0,WARNING,Stationary 38s within 0.32x height (movement 0.06 heights/s)
08:45:06,2026-09-23T03:15:40Z,BOP-SECTOR-A,CAM-A-PERIMETER,LOITERING,273,human,person,0.65,-,0.0,WARNING,Stationary 10s within 0.01x height (movement 0.00 heights/s)
08:45:08,2026-09-23T03:15:40Z,BOP-SECTOR-A,CAM-A-PERIMETER,LOITERING,254,human,person,0.65,-,0.0,WARNING,Stationary 37s within 0.08x height (movement 0.00 heights/s)
08:45:08,2026-09-23T03:15:40Z,BOP-SECTOR-A,CAM-A-PERIMETER,LOITERING,243,human,person,0.65,-,0.0,WARNING,Stationary 37s within 0.26x height (movement 0.01 heights/s)
08:45:09,2026-09-23T03:15:40Z,BOP-SECTOR-A,CAM-A-PERIMETER,LOITERING,223,human,person,0.65,-,0.0,WARNING,Stationary 10s within 0.25x height (movement 0.03 heights/s)
08:45:11,2026-09-23T03:15:40Z,BOP-SECTOR-A,CAM-A-PERIMETER,GROUP_CONVERGENCE,14,human,person,0.6,-,0.0,NOTICE,"5 persons converged within 1.6 body-lengths (tracks [14, 122, 157, 242, 281])"
08:45:14,2026-09-23T03:15:40Z,BOP-SECTOR-A,CAM-A-PERIMETER,LOITERING,157,human,person,0.65,-,0.0,WARNING,Stationary 121s within 0.17x height (movement 0.03 heights/s)
08:45:21,2026-09-23T03:15:40Z,BOP-SECTOR-A,CAM-A-PERIMETER,LOITERING,33,human,person,0.65,-,0.0,WARNING,Stationary 86s within 0.35x height (movement 0.02 heights/s)
08:45:21,2026-09-23T03:15:41Z,BOP-SECTOR-A,CAM-A-PERIMETER,LOITERING,280,human,person,0.65,-,0.0,WARNING,Stationary 12s within 0.02x height (movement 0.00 heights/s)
08:45:21,2026-09-23T03:15:41Z,BOP-SECTOR-A,CAM-A-PERIMETER,LOITERING,253,human,person,0.65,-,0.0,WARNING,Stationary 12s within 0.07x height (movement 0.01 heights/s)
08:45:22,2026-09-23T03:15:41Z,BOP-SECTOR-A,CAM-A-PERIMETER,LOITERING,281,human,person,0.65,-,0.0,WARNING,Stationary 12s within 0.06x height (movement 0.01 heights/s)
08:45:24,2026-09-23T03:15:41Z,BOP-SECTOR-A,CAM-A-PERIMETER,LOITERING,285,human,person,0.65,-,0.0,WARNING,Stationary 12s within 0.28x height (movement 0.02 heights/s)
08:45:24,2026-09-23T03:15:41Z,BOP-SECTOR-A,CAM-A-PERIMETER,LOITERING,30,human,person,0.65,-,0.0,WARNING,Stationary 15s within 0.13x height (movement 0.02 heights/s)
08:45:29,2026-09-23T03:15:41Z,BOP-SECTOR-A,CAM-A-PERIMETER,LOITERING,117,human,person,0.65,-,0.0,WARNING,Stationary 12s within 0.23x height (movement 0.02 heights/s)
08:45:31,2026-09-23T03:15:41Z,BOP-SECTOR-A,CAM-A-PERIMETER,LOITERING,254,human,person,0.65,-,0.0,WARNING,Stationary 60s within 0.33x height (movement 0.00 heights/s)
08:45:31,2026-09-23T03:15:41Z,BOP-SECTOR-A,CAM-A-PERIMETER,GROUP_CONVERGENCE,30,human,person,0.6,-,0.0,NOTICE,"6 persons converged within 1.6 body-lengths (tracks [30, 122, 157, 168, 254, 285])"
08:45:44,2026-09-23T03:15:46Z,BOP-SECTOR-B,CAM-B-TRIPWIRE,INTRUSION_ALERT,16,human,person,0.821,-,0.0,UNKNOWN_INTRUDER,"UNKNOWN PERSON | OUTBOUND (Northbound) at (424, 250) | ID:NONE"
08:45:46,2026-09-23T03:15:49Z,BOP-SECTOR-B,CAM-B-TRIPWIRE,LOITERING,17,human,person,0.65,-,0.0,WARNING,Stationary 8s within 0.27x height (movement 0.03 heights/s)
08:45:51,2026-09-23T03:15:54Z,BOP-SECTOR-B,CAM-B-TRIPWIRE,LOITERING,12,human,person,0.65,-,0.0,WARNING,Stationary 17s within 0.28x height (movement 0.02 heights/s)
08:45:51,2026-09-23T03:15:54Z,BOP-SECTOR-B,CAM-B-TRIPWIRE,LOITERING,16,human,person,0.65,-,0.0,WARNING,Stationary 17s within 0.27x height (movement 0.02 heights/s)
08:46:21,2026-09-23T03:16:23Z,BOP-SECTOR-B,CAM-B-TRIPWIRE,LOITERING,23,human,person,0.65,-,0.0,WARNING,Stationary 12s within 0.21x height (movement 0.02 heights/s)
08:45:41,2026-09-23T03:16:29Z,BOP-SECTOR-B,CAM-B-TRIPWIRE,INTRUSION_ALERT,18,human,person,0.802,-,0.0,UNKNOWN_INTRUDER,"UNKNOWN PERSON | INBOUND (Southbound) at (438, 284) | ID:NONE"
08:46:06,2026-09-23T03:16:29Z,BOP-SECTOR-B,CAM-B-TRIPWIRE,LOITERING,41,human,person,0.65,-,0.0,WARNING,Stationary 9s within 0.24x height (movement 0.03 heights/s)
08:46:23,2026-09-23T03:16:29Z,BOP-SECTOR-B,CAM-B-TRIPWIRE,LOITERING,18,human,person,0.65,-,0.0,WARNING,Stationary 12s within 0.25x height (movement 0.02 heights/s)
08:46:19,2026-09-23T03:16:29Z,BOP-SECTOR-B,CAM-B-TRIPWIRE,LOITERING,59,human,person,0.65,-,0.0,WARNING,Stationary 12s within 0.17x height (movement 0.01 heights/s)
08:46:24,2026-09-23T03:16:29Z,BOP-SECTOR-B,CAM-B-TRIPWIRE,LOITERING,62,human,person,0.65,-,0.0,WARNING,Stationary 11s within 0.25x height (movement 0.02 heights/s)
08:45:39,2026-09-23T03:16:59Z,BOP-SECTOR-A,CAM-A-PERIMETER,LOITERING,157,human,person,0.65,-,0.0,WARNING,Stationary 149s within 0.17x height (movement 0.03 heights/s)
08:45:42,2026-09-23T03:16:59Z,BOP-SECTOR-A,CAM-A-PERIMETER,LOITERING,253,human,person,0.65,-,0.0,WARNING,Stationary 34s within 0.11x height (movement 0.01 heights/s)
08:45:42,2026-09-23T03:16:59Z,BOP-SECTOR-A,CAM-A-PERIMETER,LOITERING,271,human,person,0.65,-,0.0,WARNING,Stationary 14s within 0.27x height (movement 0.02 heights/s)
08:45:45,2026-09-23T03:16:59Z,BOP-SECTOR-A,CAM-A-PERIMETER,LOITERING,285,human,person,0.65,-,0.0,WARNING,Stationary 34s within 0.27x height (movement 0.02 heights/s)
08:45:48,2026-09-23T03:16:59Z,BOP-SECTOR-A,CAM-A-PERIMETER,LOITERING,219,human,person,0.65,-,0.0,WARNING,Stationary 23s within 0.24x height (movement 0.03 heights/s)
08:45:50,2026-09-23T03:16:59Z,BOP-SECTOR-A,CAM-A-PERIMETER,INTRUSION_ALERT,293,human,person,0.755,-,0.0,UNKNOWN_INTRUDER,"UNKNOWN PERSON | OUTBOUND (Northbound) at (270, 599) | ID:NONE"
08:45:50,2026-09-23T03:16:59Z,BOP-SECTOR-A,CAM-A-PERIMETER,GROUP_CONVERGENCE,190,human,person,0.6,-,0.0,NOTICE,"4 persons converged within 1.6 body-lengths (tracks [190, 253, 291, 292])"
08:45:56,2026-09-23T03:16:59Z,BOP-SECTOR-A,CAM-A-PERIMETER,LOITERING,74,human,person,0.65,-,0.0,WARNING,Stationary 8s within 0.03x height (movement 0.00 heights/s)
08:45:56,2026-09-23T03:17:00Z,BOP-SECTOR-A,CAM-A-PERIMETER,LOITERING,126,human,person,0.65,-,0.0,WARNING,Stationary 8s within 0.07x height (movement 0.01 heights/s)
08:45:58,2026-09-23T03:17:00Z,BOP-SECTOR-A,CAM-A-PERIMETER,LOITERING,293,human,person,0.65,-,0.0,WARNING,Stationary 16s within 0.28x height (movement 0.04 heights/s)
08:45:58,2026-09-23T03:17:00Z,BOP-SECTOR-A,CAM-A-PERIMETER,LOITERING,6,human,person,0.65,-,0.0,WARNING,Stationary 16s within 0.31x height (movement 0.04 heights/s)
08:46:01,2026-09-23T03:17:00Z,BOP-SECTOR-A,CAM-A-PERIMETER,LOITERING,268,human,person,0.65,-,0.0,WARNING,Stationary 17s within 0.24x height (movement 0.03 heights/s)
08:46:01,2026-09-23T03:17:00Z,BOP-SECTOR-A,CAM-A-PERIMETER,LOITERING,286,human,person,0.65,-,0.0,WARNING,Stationary 9s within 0.06x height (movement 0.01 heights/s)
08:46:04,2026-09-23T03:17:00Z,BOP-SECTOR-A,CAM-A-PERIMETER,LOITERING,294,human,person,0.65,-,0.0,WARNING,Stationary 8s within 0.18x height (movement 0.05 heights/s)
08:46:04,2026-09-23T03:17:00Z,BOP-SECTOR-A,CAM-A-PERIMETER,LOITERING,157,human,person,0.65,-,0.0,WARNING,Stationary 173s within 0.17x height (movement 0.02 heights/s)
08:46:04,2026-09-23T03:17:00Z,BOP-SECTOR-A,CAM-A-PERIMETER,LOITERING,33,human,person,0.65,-,0.0,WARNING,Stationary 17s within 0.26x height (movement 0.02 heights/s)
08:46:12,2026-09-23T03:17:00Z,BOP-SECTOR-A,CAM-A-PERIMETER,GROUP_CONVERGENCE,231,human,person,0.6,-,0.0,NOTICE,"4 persons converged within 1.6 body-lengths (tracks [231, 254, 270, 273])"
08:46:19,2026-09-23T03:17:00Z,BOP-SECTOR-A,CAM-A-PERIMETER,LOITERING,219,human,person,0.65,-,0.0,WARNING,Stationary 54s within 0.31x height (movement 0.01 heights/s)
08:46:28,2026-09-23T03:17:00Z,BOP-SECTOR-A,CAM-A-PERIMETER,LOITERING,157,human,person,0.65,-,0.0,WARNING,Stationary 198s within 0.17x height (movement 0.02 heights/s)
08:46:28,2026-09-23T03:17:00Z,BOP-SECTOR-A,CAM-A-PERIMETER,LOITERING,273,human,person,0.65,-,0.0,WARNING,Stationary 17s within 0.09x height (movement 0.01 heights/s)
08:46:31,2026-09-23T03:17:00Z,BOP-SECTOR-A,CAM-A-PERIMETER,LOITERING,280,human,person,0.65,-,0.0,WARNING,Stationary 12s within 0.32x height (movement 0.09 heights/s)
08:46:38,2026-09-23T03:17:01Z,BOP-SECTOR-A,CAM-A-PERIMETER,LOITERING,235,human,person,0.65,-,0.0,WARNING,Stationary 15s within 0.18x height (movement 0.01 heights/s)
08:46:38,2026-09-23T03:17:01Z,BOP-SECTOR-A,CAM-A-PERIMETER,LOITERING,60,human,person,0.65,-,0.0,WARNING,Stationary 24s within 0.05x height (movement 0.00 heights/s)
08:46:41,2026-09-23T03:17:01Z,BOP-SECTOR-A,CAM-A-PERIMETER,INTRUSION_ALERT,298,human,person,0.825,-,0.0,UNKNOWN_INTRUDER,"UNKNOWN PERSON | INBOUND (Southbound) at (1095, 604) | ID:NONE"
08:46:41,2026-09-23T03:17:01Z,BOP-SECTOR-A,CAM-A-PERIMETER,LOITERING,185,human,person,0.65,-,0.0,WARNING,Stationary 24s within 0.22x height (movement 0.03 heights/s)
08:46:43,2026-09-23T03:17:01Z,BOP-SECTOR-A,CAM-A-PERIMETER,LOITERING,242,human,person,0.65,-,0.0,WARNING,Stationary 14s within 0.16x height (movement 0.01 heights/s)
08:46:46,2026-09-23T03:17:01Z,BOP-SECTOR-A,CAM-A-PERIMETER,LOITERING,275,human,person,0.65,-,0.0,WARNING,Stationary 17s within 0.25x height (movement 0.01 heights/s)
08:46:51,2026-09-23T03:17:01Z,BOP-SECTOR-A,CAM-A-PERIMETER,LOITERING,308,human,person,0.65,-,0.0,WARNING,Stationary 12s within 0.15x height (movement 0.02 heights/s)
08:46:53,2026-09-23T03:17:01Z,BOP-SECTOR-A,CAM-A-PERIMETER,LOITERING,280,human,person,0.65,-,0.0,WARNING,Stationary 34s within 0.34x height (movement 0.04 heights/s)
08:46:53,2026-09-23T03:17:01Z,BOP-SECTOR-A,CAM-A-PERIMETER,LOITERING,157,human,person,0.65,-,0.0,WARNING,Stationary 222s within 0.17x height (movement 0.02 heights/s)
08:46:53,2026-09-23T03:17:02Z,BOP-SECTOR-A,CAM-A-PERIMETER,GROUP_CONVERGENCE,145,human,person,0.6,-,0.0,NOTICE,"4 persons converged within 1.6 body-lengths (tracks [145, 193, 251, 311])"
08:46:59,2026-09-23T03:17:03Z,BOP-SECTOR-B,CAM-B-TRIPWIRE,LOITERING,28,human,person,0.65,-,0.0,WARNING,Stationary 8s within 0.11x height (movement 0.01 heights/s)
08:46:59,2026-09-23T03:17:03Z,BOP-SECTOR-B,CAM-B-TRIPWIRE,LOITERING,17,human,person,0.65,-,0.0,WARNING,Stationary 8s within 0.13x height (movement 0.01 heights/s)
08:47:16,2026-09-23T03:17:18Z,BOP-SECTOR-B,CAM-B-TRIPWIRE,INTRUSION_ALERT,23,human,person,0.835,-,0.0,UNKNOWN_INTRUDER,"UNKNOWN PERSON | OUTBOUND (Northbound) at (461, 269) | ID:NONE"
08:47:20,2026-09-23T03:17:23Z,BOP-SECTOR-B,CAM-B-TRIPWIRE,LOITERING,1,human,person,0.65,-,0.0,WARNING,Stationary 11s within 0.26x height (movement 0.07 heights/s)
08:46:58,2026-09-23T03:17:29Z,BOP-SECTOR-A,CAM-A-PERIMETER,LOITERING,45,human,person,0.65,-,0.0,WARNING,Stationary 15s within 0.27x height (movement 0.06 heights/s)
08:46:31,2026-09-23T03:17:29Z,BOP-SECTOR-B,CAM-B-TRIPWIRE,LOITERING,41,human,person,0.65,-,0.0,WARNING,Stationary 33s within 0.30x height (movement 0.03 heights/s)
08:47:01,2026-09-23T03:17:29Z,BOP-SECTOR-A,CAM-A-PERIMETER,LOITERING,222,human,person,0.65,-,0.0,WARNING,Stationary 15s within 0.23x height (movement 0.02 heights/s)
08:46:36,2026-09-23T03:17:29Z,BOP-SECTOR-B,CAM-B-TRIPWIRE,LOITERING,13,human,person,0.65,-,0.0,WARNING,Stationary 12s within 0.13x height (movement 0.01 heights/s)
08:47:06,2026-09-23T03:17:29Z,BOP-SECTOR-A,CAM-A-PERIMETER,LOITERING,219,human,person,0.65,-,0.0,WARNING,Stationary 15s within 0.11x height (movement 0.01 heights/s)
08:47:05,2026-09-23T03:17:29Z,BOP-SECTOR-B,CAM-B-TRIPWIRE,LOITERING,71,human,person,0.65,-,0.0,WARNING,Stationary 15s within 0.06x height (movement 0.00 heights/s)
08:47:10,2026-09-23T03:17:29Z,BOP-SECTOR-A,CAM-A-PERIMETER,INTRUSION_ALERT,291,human,person,0.809,-,0.0,UNKNOWN_INTRUDER,"UNKNOWN PERSON | OUTBOUND (Northbound) at (1564, 568) | ID:NONE"
08:47:21,2026-09-23T03:17:29Z,BOP-SECTOR-B,CAM-B-TRIPWIRE,LOITERING,20,human,person,0.65,-,0.0,WARNING,Stationary 12s within 0.22x height (movement 0.02 heights/s)
08:47:26,2026-09-23T03:17:29Z,BOP-SECTOR-B,CAM-B-TRIPWIRE,LOITERING,13,human,person,0.65,-,0.0,WARNING,Stationary 16s within 0.14x height (movement 0.01 heights/s)
08:47:10,2026-09-23T03:17:29Z,BOP-SECTOR-A,CAM-A-PERIMETER,LOITERING,201,human,person,0.65,-,0.0,WARNING,Stationary 9s within 0.32x height (movement 0.04 heights/s)
08:47:12,2026-09-23T03:17:29Z,BOP-SECTOR-A,CAM-A-PERIMETER,LOITERING,268,human,person,0.65,-,0.0,WARNING,Stationary 24s within 0.25x height (movement 0.02 heights/s)
08:46:29,2026-09-23T03:17:29Z,BOP-SECTOR-B,CAM-B-TRIPWIRE,INTRUSION_ALERT,62,human,person,0.803,-,0.0,UNKNOWN_INTRUDER,"UNKNOWN PERSON | OUTBOUND (Northbound) at (443, 263) | ID:NONE"
08:47:12,2026-09-23T03:17:29Z,BOP-SECTOR-A,CAM-A-PERIMETER,LOITERING,276,human,person,0.65,-,0.0,WARNING,Stationary 9s within 0.32x height (movement 0.04 heights/s)
08:46:32,2026-09-23T03:17:29Z,BOP-SECTOR-B,CAM-B-TRIPWIRE,GROUP_CONVERGENCE,19,human,person,0.6,-,0.0,NOTICE,"4 persons converged within 1.6 body-lengths (tracks [19, 52, 59, 63])"
08:47:14,2026-09-23T03:17:29Z,BOP-SECTOR-A,CAM-A-PERIMETER,LOITERING,157,human,person,0.65,-,0.0,WARNING,Stationary 243s within 0.17x height (movement 0.02 heights/s)
08:47:14,2026-09-23T03:17:29Z,BOP-SECTOR-A,CAM-A-PERIMETER,GROUP_CONVERGENCE,254,human,person,0.6,-,0.0,NOTICE,"4 persons converged within 1.6 body-lengths (tracks [254, 270, 273, 307])"
08:46:37,2026-09-23T03:17:30Z,BOP-SECTOR-B,CAM-B-TRIPWIRE,LOITERING,35,human,person,0.65,-,0.0,WARNING,Stationary 13s within 0.01x height (movement 0.00 heights/s)
08:47:19,2026-09-23T03:17:30Z,BOP-SECTOR-A,CAM-A-PERIMETER,INTRUSION_ALERT,306,human,person,0.59,-,0.0,UNKNOWN_INTRUDER,"UNKNOWN PERSON | OUTBOUND (Northbound) at (581, 598) | ID:NONE"
08:47:19,2026-09-23T03:17:30Z,BOP-SECTOR-A,CAM-A-PERIMETER,LOITERING,117,human,person,0.65,-,0.0,WARNING,Stationary 16s within 0.26x height (movement 0.02 heights/s)
08:47:19,2026-09-23T03:17:30Z,BOP-SECTOR-A,CAM-A-PERIMETER,LOITERING,126,human,person,0.65,-,0.0,WARNING,Stationary 9s within 0.16x height (movement 0.02 heights/s)
08:47:19,2026-09-23T03:17:30Z,BOP-SECTOR-A,CAM-A-PERIMETER,LOITERING,253,human,person,0.65,-,0.0,WARNING,Stationary 16s within 0.31x height (movement 0.02 heights/s)
08:47:19,2026-09-23T03:17:31Z,BOP-SECTOR-A,CAM-A-PERIMETER,LOITERING,313,human,person,0.65,-,0.0,WARNING,Stationary 16s within 0.35x height (movement 0.02 heights/s)
08:47:26,2026-09-23T03:17:31Z,BOP-SECTOR-A,CAM-A-PERIMETER,LOITERING,249,human,person,0.65,-,0.0,WARNING,Stationary 11s within 0.18x height (movement 0.02 heights/s)
08:48:00,2026-09-23T03:18:02Z,BOP-SECTOR-B,CAM-B-TRIPWIRE,LOITERING,34,human,person,0.65,-,0.0,WARNING,Stationary 15s within 0.00x height (movement 0.00 heights/s)
08:48:00,2026-09-23T03:18:02Z,BOP-SECTOR-B,CAM-B-TRIPWIRE,LOITERING,32,human,person,0.65,-,0.0,WARNING,Stationary 15s within 0.00x height (movement 0.00 heights/s)
08:48:00,2026-09-23T03:18:02Z,BOP-SECTOR-B,CAM-B-TRIPWIRE,LOITERING,28,human,person,0.65,-,0.0,WARNING,Stationary 22s within 0.19x height (movement 0.01 heights/s)
08:48:05,2026-09-23T03:18:07Z,BOP-SECTOR-B,CAM-B-TRIPWIRE,LOITERING,12,human,person,0.65,-,0.0,WARNING,Stationary 14s within 0.14x height (movement 0.01 heights/s)
08:48:05,2026-09-23T03:18:07Z,BOP-SECTOR-B,CAM-B-TRIPWIRE,LOITERING,16,human,person,0.65,-,0.0,WARNING,Stationary 14s within 0.15x height (movement 0.01 heights/s)
08:48:09,2026-09-23T03:18:11Z,BOP-SECTOR-B,CAM-B-TRIPWIRE,LOITERING,25,human,person,0.65,-,0.0,WARNING,Stationary 15s within 0.21x height (movement 0.01 heights/s)
08:48:09,2026-09-23T03:18:11Z,BOP-SECTOR-B,CAM-B-TRIPWIRE,LOITERING,19,human,person,0.65,-,0.0,WARNING,Stationary 15s within 0.12x height (movement 0.01 heights/s)
08:48:23,2026-09-23T03:18:25Z,BOP-SECTOR-B,CAM-B-TRIPWIRE,INTRUSION_ALERT,3,human,person,0.815,-,0.0,UNKNOWN_INTRUDER,"UNKNOWN PERSON | OUTBOUND (Northbound) at (481, 280) | ID:NONE"
08:47:28,2026-09-23T03:18:29Z,BOP-SECTOR-B,CAM-B-TRIPWIRE,LOITERING,18,human,person,0.65,-,0.0,WARNING,Stationary 20s within 0.20x height (movement 0.01 heights/s)
08:47:36,2026-09-23T03:18:29Z,BOP-SECTOR-B,CAM-B-TRIPWIRE,GROUP_CONVERGENCE,18,human,person,0.6,-,0.0,NOTICE,"3 persons converged within 1.6 body-lengths (tracks [18, 20, 67])"
08:47:49,2026-09-23T03:18:29Z,BOP-SECTOR-B,CAM-B-TRIPWIRE,INTRUSION_ALERT,43,human,person,0.83,-,0.0,UNKNOWN_INTRUDER,"UNKNOWN PERSON | INBOUND (Southbound) at (412, 281) | ID:NONE"
08:47:28,2026-09-23T03:18:29Z,BOP-SECTOR-A,CAM-A-PERIMETER,LOITERING,74,human,person,0.65,-,0.0,WARNING,Stationary 9s within 0.17x height (movement 0.02 heights/s)
08:48:04,2026-09-23T03:18:29Z,BOP-SECTOR-B,CAM-B-TRIPWIRE,LOITERING,43,human,person,0.65,-,0.0,WARNING,Stationary 15s within 0.02x height (movement 0.00 heights/s)
08:47:43,2026-09-23T03:18:29Z,BOP-SECTOR-B,CAM-B-TRIPWIRE,LOITERING,41,human,person,0.65,-,0.0,WARNING,Stationary 12s within 0.30x height (movement 0.03 heights/s)
08:47:32,2026-09-23T03:18:29Z,BOP-SECTOR-A,CAM-A-PERIMETER,LOITERING,292,human,person,0.65,-,0.0,WARNING,Stationary 16s within 0.29x height (movement 0.02 heights/s)
08:48:12,2026-09-23T03:18:29Z,BOP-SECTOR-B,CAM-B-TRIPWIRE,LOITERING,62,human,person,0.65,-,0.0,WARNING,Stationary 8s within 0.18x height (movement 0.02 heights/s)
08:47:54,2026-09-23T03:18:29Z,BOP-SECTOR-B,CAM-B-TRIPWIRE,LOITERING,69,human,person,0.65,-,0.0,WARNING,Stationary 11s within 0.23x height (movement 0.02 heights/s)
08:47:32,2026-09-23T03:18:29Z,BOP-SECTOR-A,CAM-A-PERIMETER,LOITERING,181,human,person,0.65,-,0.0,WARNING,Stationary 16s within 0.17x height (movement 0.01 heights/s)
08:47:54,2026-09-23T03:18:29Z,BOP-SECTOR-B,CAM-B-TRIPWIRE,LOITERING,63,human,person,0.65,-,0.0,WARNING,Stationary 11s within 0.10x height (movement 0.01 heights/s)
08:47:32,2026-09-23T03:18:29Z,BOP-SECTOR-A,CAM-A-PERIMETER,LOITERING,291,human,person,0.65,-,0.0,WARNING,Stationary 22s within 0.33x height (movement 0.03 heights/s)
08:47:32,2026-09-23T03:18:29Z,BOP-SECTOR-A,CAM-A-PERIMETER,LOITERING,159,human,person,0.65,-,0.0,WARNING,Stationary 16s within 0.32x height (movement 0.02 heights/s)
08:48:09,2026-09-23T03:18:29Z,BOP-SECTOR-B,CAM-B-TRIPWIRE,LOITERING,41,human,person,0.65,-,0.0,WARNING,Stationary 37s within 0.32x height (movement 0.01 heights/s)
08:48:13,2026-09-23T03:18:30Z,BOP-SECTOR-B,CAM-B-TRIPWIRE,LOITERING,13,human,person,0.65,-,0.0,WARNING,Stationary 15s within 0.19x height (movement 0.01 heights/s)
08:47:35,2026-09-23T03:18:30Z,BOP-SECTOR-A,CAM-A-PERIMETER,LOITERING,270,human,person,0.65,-,0.0,WARNING,Stationary 20s within 0.26x height (movement 0.01 heights/s)
08:47:35,2026-09-23T03:18:30Z,BOP-SECTOR-A,CAM-A-PERIMETER,LOITERING,306,human,person,0.65,-,0.0,WARNING,Stationary 15s within 0.16x height (movement 0.01 heights/s)
08:47:35,2026-09-23T03:18:30Z,BOP-SECTOR-A,CAM-A-PERIMETER,LOITERING,305,human,person,0.65,-,0.0,WARNING,Stationary 15s within 0.15x height (movement 0.01 heights/s)
08:47:35,2026-09-23T03:18:30Z,BOP-SECTOR-A,CAM-A-PERIMETER,LOITERING,304,human,person,0.65,-,0.0,WARNING,Stationary 15s within 0.12x height (movement 0.01 heights/s)
08:47:37,2026-09-23T03:18:31Z,BOP-SECTOR-A,CAM-A-PERIMETER,LOITERING,157,human,person,0.65,-,0.0,WARNING,Stationary 265s within 0.17x height (movement 0.02 heights/s)
08:47:39,2026-09-23T03:18:31Z,BOP-SECTOR-A,CAM-A-PERIMETER,LOITERING,33,human,person,0.65,-,0.0,WARNING,Stationary 15s within 0.15x height (movement 0.01 heights/s)
08:47:39,2026-09-23T03:18:31Z,BOP-SECTOR-A,CAM-A-PERIMETER,LOITERING,308,human,person,0.65,-,0.0,WARNING,Stationary 15s within 0.12x height (movement 0.01 heights/s)
08:47:39,2026-09-23T03:18:31Z,BOP-SECTOR-A,CAM-A-PERIMETER,LOITERING,222,human,person,0.65,-,0.0,WARNING,Stationary 15s within 0.10x height (movement 0.01 heights/s)
08:47:39,2026-09-23T03:18:31Z,BOP-SECTOR-A,CAM-A-PERIMETER,LOITERING,60,human,person,0.65,-,0.0,WARNING,Stationary 15s within 0.01x height (movement 0.00 heights/s)
08:47:42,2026-09-23T03:18:31Z,BOP-SECTOR-A,CAM-A-PERIMETER,LOITERING,185,human,person,0.65,-,0.0,WARNING,Stationary 16s within 0.16x height (movement 0.01 heights/s)
08:47:42,2026-09-23T03:18:31Z,BOP-SECTOR-A,CAM-A-PERIMETER,LOITERING,207,human,person,0.65,-,0.0,WARNING,Stationary 25s within 0.23x height (movement 0.01 heights/s)
08:47:42,2026-09-23T03:18:31Z,BOP-SECTOR-A,CAM-A-PERIMETER,LOITERING,321,human,person,0.65,-,0.0,WARNING,Stationary 16s within 0.00x height (movement 0.00 heights/s)
08:47:42,2026-09-23T03:18:32Z,BOP-SECTOR-A,CAM-A-PERIMETER,LOITERING,269,human,person,0.65,-,0.0,WARNING,Stationary 16s within 0.12x height (movement 0.01 heights/s)
08:47:44,2026-09-23T03:18:32Z,BOP-SECTOR-A,CAM-A-PERIMETER,LOITERING,231,human,person,0.65,-,0.0,WARNING,Stationary 14s within 0.07x height (movement 0.00 heights/s)
08:47:49,2026-09-23T03:18:32Z,BOP-SECTOR-A,CAM-A-PERIMETER,LOITERING,323,human,person,0.65,-,0.0,WARNING,Stationary 9s within 0.25x height (movement 0.03 heights/s)
08:47:57,2026-09-23T03:18:32Z,BOP-SECTOR-A,CAM-A-PERIMETER,GROUP_CONVERGENCE,52,human,person,0.6,-,0.0,NOTICE,"3 persons converged within 1.6 body-lengths (tracks [52, 198, 269])"
08:47:59,2026-09-23T03:18:32Z,BOP-SECTOR-A,CAM-A-PERIMETER,INTRUSION_ALERT,307,human,person,0.727,-,0.0,UNKNOWN_INTRUDER,"UNKNOWN PERSON | OUTBOUND (Northbound) at (989, 591) | ID:NONE"
08:47:59,2026-09-23T03:18:32Z,BOP-SECTOR-A,CAM-A-PERIMETER,LOITERING,219,human,person,0.65,-,0.0,WARNING,Stationary 15s within 0.06x height (movement 0.00 heights/s)
08:48:01,2026-09-23T03:18:32Z,BOP-SECTOR-A,CAM-A-PERIMETER,LOITERING,157,human,person,0.65,-,0.0,WARNING,Stationary 289s within 0.17x height (movement 0.02 heights/s)
08:48:01,2026-09-23T03:18:32Z,BOP-SECTOR-A,CAM-A-PERIMETER,LOITERING,312,human,person,0.65,-,0.0,WARNING,Stationary 8s within 0.12x height (movement 0.01 heights/s)
08:48:05,2026-09-23T03:18:32Z,BOP-SECTOR-A,CAM-A-PERIMETER,LOITERING,198,human,person,0.65,-,0.0,WARNING,Stationary 8s within 0.31x height (movement 0.04 heights/s)
08:48:05,2026-09-23T03:18:32Z,BOP-SECTOR-A,CAM-A-PERIMETER,LOITERING,4,human,person,0.65,-,0.0,WARNING,Stationary 12s within 0.21x height (movement 0.02 heights/s)
08:48:07,2026-09-23T03:18:33Z,BOP-SECTOR-A,CAM-A-PERIMETER,LOITERING,253,human,person,0.65,-,0.0,WARNING,Stationary 15s within 0.26x height (movement 0.02 heights/s)
08:48:10,2026-09-23T03:18:33Z,BOP-SECTOR-A,CAM-A-PERIMETER,LOITERING,329,human,person,0.65,-,0.0,WARNING,Stationary 15s within 0.19x height (movement 0.01 heights/s)
08:48:12,2026-09-23T03:18:33Z,BOP-SECTOR-A,CAM-A-PERIMETER,LOITERING,242,human,person,0.65,-,0.0,WARNING,Stationary 23s within 0.23x height (movement 0.03 heights/s)
08:48:14,2026-09-23T03:18:33Z,BOP-SECTOR-A,CAM-A-PERIMETER,LOITERING,332,human,person,0.65,-,0.0,WARNING,Stationary 13s within 0.23x height (movement 0.02 heights/s)
08:48:18,2026-09-23T03:18:33Z,BOP-SECTOR-A,CAM-A-PERIMETER,GROUP_CONVERGENCE,159,human,person,0.6,-,0.0,NOTICE,"3 persons converged within 1.6 body-lengths (tracks [159, 292, 328])"
08:48:20,2026-09-23T03:18:33Z,BOP-SECTOR-A,CAM-A-PERIMETER,LOITERING,271,human,person,0.65,-,0.0,WARNING,Stationary 23s within 0.28x height (movement 0.01 heights/s)
08:48:22,2026-09-23T03:18:33Z,BOP-SECTOR-A,CAM-A-PERIMETER,LOITERING,342,human,person,0.65,-,0.0,WARNING,Stationary 9s within 0.27x height (movement 0.03 heights/s)
08:48:22,2026-09-23T03:18:33Z,BOP-SECTOR-A,CAM-A-PERIMETER,LOITERING,157,human,person,0.65,-,0.0,WARNING,Stationary 311s within 0.17x height (movement 0.02 heights/s)
08:48:24,2026-09-23T03:18:33Z,BOP-SECTOR-A,CAM-A-PERIMETER,LOITERING,30,human,person,0.65,-,0.0,WARNING,Stationary 19s within 0.27x height (movement 0.01 heights/s)
08:48:24,2026-09-23T03:18:33Z,BOP-SECTOR-A,CAM-A-PERIMETER,LOITERING,311,human,person,0.65,-,0.0,WARNING,Stationary 13s within 0.05x height (movement 0.00 heights/s)
08:48:27,2026-09-23T03:18:33Z,BOP-SECTOR-A,CAM-A-PERIMETER,LOITERING,325,human,person,0.65,-,0.0,WARNING,Stationary 15s within 0.35x height (movement 0.02 heights/s)
08:48:41,2026-09-23T03:19:33Z,BOP-SECTOR-B,CAM-B-TRIPWIRE,GROUP_CONVERGENCE,2,human,person,0.6,-,0.0,NOTICE,"3 persons converged within 1.6 body-lengths (tracks [2, 13, 18])"
08:48:52,2026-09-23T03:19:33Z,BOP-SECTOR-B,CAM-B-TRIPWIRE,LOITERING,63,human,person,0.65,-,0.0,WARNING,Stationary 15s within 0.27x height (movement 0.02 heights/s)
08:48:58,2026-09-23T03:19:33Z,BOP-SECTOR-B,CAM-B-TRIPWIRE,LOITERING,81,human,person,0.65,-,0.0,WARNING,Stationary 10s within 0.20x height (movement 0.02 heights/s)
08:48:58,2026-09-23T03:19:34Z,BOP-SECTOR-B,CAM-B-TRIPWIRE,LOITERING,18,human,person,0.65,-,0.0,WARNING,Stationary 15s within 0.06x height (movement 0.00 heights/s)
08:49:00,2026-09-23T03:19:34Z,BOP-SECTOR-B,CAM-B-TRIPWIRE,LOITERING,20,human,person,0.65,-,0.0,WARNING,Stationary 10s within 0.14x height (movement 0.01 heights/s)
08:49:00,2026-09-23T03:19:34Z,BOP-SECTOR-B,CAM-B-TRIPWIRE,LOITERING,83,human,person,0.65,-,0.0,WARNING,Stationary 10s within 0.28x height (movement 0.07 heights/s)
08:49:15,2026-09-23T03:19:34Z,BOP-SECTOR-B,CAM-B-TRIPWIRE,INTRUSION_ALERT,81,human,person,0.834,-,0.0,UNKNOWN_INTRUDER,"UNKNOWN PERSON | INBOUND (Southbound) at (411, 281) | ID:NONE"
08:49:25,2026-09-23T03:19:34Z,BOP-SECTOR-B,CAM-B-TRIPWIRE,LOITERING,20,human,person,0.65,-,0.0,WARNING,Stationary 35s within 0.28x height (movement 0.01 heights/s)
08:48:28,2026-09-23T03:19:34Z,BOP-SECTOR-A,CAM-A-PERIMETER,INTRUSION_ALERT,313,human,person,0.672,-,0.0,UNKNOWN_INTRUDER,"UNKNOWN PERSON | INBOUND (Southbound) at (1048, 602) | ID:NONE"
08:48:28,2026-09-23T03:19:34Z,BOP-SECTOR-A,CAM-A-PERIMETER,LOITERING,294,human,person,0.65,-,0.0,WARNING,Stationary 12s within 0.19x height (movement 0.02 heights/s)
08:48:49,2026-09-23T03:19:34Z,BOP-SECTOR-B,CAM-B-TRIPWIRE,LOITERING,48,human,person,0.65,-,0.0,WARNING,Stationary 8s within 0.08x height (movement 0.01 heights/s)
08:48:50,2026-09-23T03:19:34Z,BOP-SECTOR-B,CAM-B-TRIPWIRE,LOITERING,70,human,person,0.65,-,0.0,WARNING,Stationary 19s within 0.14x height (movement 0.01 heights/s)
08:48:32,2026-09-23T03:19:34Z,BOP-SECTOR-A,CAM-A-PERIMETER,INTRUSION_ALERT,280,human,person,0.454,-,0.0,UNKNOWN_INTRUDER,"UNKNOWN PERSON | OUTBOUND (Northbound) at (1822, 570) | ID:NONE"
08:48:32,2026-09-23T03:19:34Z,BOP-SECTOR-A,CAM-A-PERIMETER,LOITERING,280,human,person,0.65,-,0.0,WARNING,Stationary 8s within 0.33x height (movement 0.04 heights/s)
08:48:52,2026-09-23T03:19:34Z,BOP-SECTOR-B,CAM-B-TRIPWIRE,LOITERING,62,human,person,0.65,-,0.0,WARNING,Stationary 8s within 0.34x height (movement 0.07 heights/s)
08:48:32,2026-09-23T03:19:34Z,BOP-SECTOR-A,CAM-A-PERIMETER,LOITERING,168,human,person,0.65,-,0.0,WARNING,Stationary 12s within 0.01x height (movement 0.00 heights/s)
08:49:00,2026-09-23T03:19:34Z,BOP-SECTOR-B,CAM-B-TRIPWIRE,LOITERING,76,human,person,0.65,-,0.0,WARNING,Stationary 10s within 0.31x height (movement 0.03 heights/s)
08:49:04,2026-09-23T03:19:34Z,BOP-SECTOR-B,CAM-B-TRIPWIRE,GROUP_CONVERGENCE,43,human,person,0.6,-,0.0,NOTICE,"3 persons converged within 1.6 body-lengths (tracks [43, 44, 62])"
08:48:35,2026-09-23T03:19:34Z,BOP-SECTOR-A,CAM-A-PERIMETER,LOITERING,242,human,person,0.65,-,0.0,WARNING,Stationary 46s within 0.28x height (movement 0.01 heights/s)
08:48:41,2026-09-23T03:19:34Z,BOP-SECTOR-A,CAM-A-PERIMETER,INTRUSION_ALERT,328,human,person,0.692,-,0.0,UNKNOWN_INTRUDER,"UNKNOWN PERSON | INBOUND (Southbound) at (1529, 605) | ID:NONE"
08:48:41,2026-09-23T03:19:35Z,BOP-SECTOR-A,CAM-A-PERIMETER,LOITERING,329,human,person,0.65,-,0.0,WARNING,Stationary 47s within 0.26x height (movement 0.01 heights/s)
08:48:44,2026-09-23T03:19:35Z,BOP-SECTOR-A,CAM-A-PERIMETER,LOITERING,285,human,person,0.65,-,0.0,WARNING,Stationary 14s within 0.27x height (movement 0.02 heights/s)
08:49:15,2026-09-23T03:19:35Z,BOP-SECTOR-B,CAM-B-TRIPWIRE,LOITERING,70,human,person,0.65,-,0.0,WARNING,Stationary 44s within 0.34x height (movement 0.02 heights/s)
08:48:46,2026-09-23T03:19:35Z,BOP-SECTOR-A,CAM-A-PERIMETER,LOITERING,342,human,person,0.65,-,0.0,WARNING,Stationary 31s within 0.30x height (movement 0.03 heights/s)
08:49:23,2026-09-23T03:19:35Z,BOP-SECTOR-B,CAM-B-TRIPWIRE,GROUP_CONVERGENCE,9,human,person,0.6,-,0.0,NOTICE,"3 persons converged within 1.6 body-lengths (tracks [9, 70, 74])"
08:48:47,2026-09-23T03:19:35Z,BOP-SECTOR-A,CAM-A-PERIMETER,LOITERING,157,human,person,0.65,-,0.0,WARNING,Stationary 334s within 0.17x height (movement 0.02 heights/s)
08:48:47,2026-09-23T03:19:35Z,BOP-SECTOR-A,CAM-A-PERIMETER,LOITERING,141,human,person,0.65,-,0.0,WARNING,Stationary 13s within 0.03x height (movement 0.00 heights/s)
08:49:26,2026-09-23T03:19:35Z,BOP-SECTOR-B,CAM-B-TRIPWIRE,LOITERING,82,human,person,0.65,-,0.0,WARNING,Stationary 18s within 0.12x height (movement 0.01 heights/s)
08:48:49,2026-09-23T03:19:35Z,BOP-SECTOR-A,CAM-A-PERIMETER,LOITERING,325,human,person,0.65,-,0.0,WARNING,Stationary 36s within 0.33x height (movement 0.02 heights/s)
08:49:26,2026-09-23T03:19:35Z,BOP-SECTOR-B,CAM-B-TRIPWIRE,LOITERING,76,human,person,0.65,-,0.0,WARNING,Stationary 35s within 0.34x height (movement 0.03 heights/s)
08:48:49,2026-09-23T03:19:35Z,BOP-SECTOR-A,CAM-A-PERIMETER,LOITERING,193,human,person,0.65,-,0.0,WARNING,Stationary 13s within 0.04x height (movement 0.00 heights/s)
08:49:31,2026-09-23T03:19:35Z,BOP-SECTOR-B,CAM-B-TRIPWIRE,INTRUSION_ALERT,68,human,person,0.834,-,0.0,UNKNOWN_INTRUDER,"UNKNOWN PERSON | INBOUND (Southbound) at (411, 281) | ID:NONE"
08:48:49,2026-09-23T03:19:35Z,BOP-SECTOR-A,CAM-A-PERIMETER,LOITERING,323,human,person,0.65,-,0.0,WARNING,Stationary 13s within 0.04x height (movement 0.00 heights/s)
08:49:31,2026-09-23T03:19:35Z,BOP-SECTOR-B,CAM-B-TRIPWIRE,LOITERING,68,human,person,0.65,-,0.0,WARNING,Stationary 20s within 0.22x height (movement 0.02 heights/s)
08:48:50,2026-09-23T03:19:35Z,BOP-SECTOR-A,CAM-A-PERIMETER,LOITERING,343,human,person,0.65,-,0.0,WARNING,Stationary 10s within 0.06x height (movement 0.01 heights/s)
08:48:51,2026-09-23T03:19:35Z,BOP-SECTOR-A,CAM-A-PERIMETER,LOITERING,307,human,person,0.65,-,0.0,WARNING,Stationary 13s within 0.30x height (movement 0.02 heights/s)
08:48:53,2026-09-23T03:19:35Z,BOP-SECTOR-A,CAM-A-PERIMETER,LOITERING,251,human,person,0.65,-,0.0,WARNING,Stationary 10s within 0.19x height (movement 0.02 heights/s)
08:48:56,2026-09-23T03:19:35Z,BOP-SECTOR-A,CAM-A-PERIMETER,LOITERING,313,human,person,0.65,-,0.0,WARNING,Stationary 11s within 0.01x height (movement 0.00 heights/s)
08:48:56,2026-09-23T03:19:36Z,BOP-SECTOR-A,CAM-A-PERIMETER,LOITERING,203,human,person,0.65,-,0.0,WARNING,Stationary 11s within 0.05x height (movement 0.00 heights/s)
08:48:57,2026-09-23T03:19:36Z,BOP-SECTOR-A,CAM-A-PERIMETER,LOITERING,219,human,person,0.65,-,0.0,WARNING,Stationary 17s within 0.10x height (movement 0.01 heights/s)
08:48:57,2026-09-23T03:19:36Z,BOP-SECTOR-A,CAM-A-PERIMETER,LOITERING,308,human,person,0.65,-,0.0,WARNING,Stationary 9s within 0.22x height (movement 0.06 heights/s)
08:48:57,2026-09-23T03:19:36Z,BOP-SECTOR-A,CAM-A-PERIMETER,LOITERING,330,human,person,0.65,-,0.0,WARNING,Stationary 11s within 0.34x height (movement 0.03 heights/s)
08:48:58,2026-09-23T03:19:36Z,BOP-SECTOR-A,CAM-A-PERIMETER,LOITERING,333,human,person,0.65,-,0.0,WARNING,Stationary 11s within 0.24x height (movement 0.02 heights/s)
08:48:58,2026-09-23T03:19:36Z,BOP-SECTOR-A,CAM-A-PERIMETER,LOITERING,345,human,person,0.65,-,0.0,WARNING,Stationary 11s within 0.30x height (movement 0.03 heights/s)
08:48:58,2026-09-23T03:19:36Z,BOP-SECTOR-A,CAM-A-PERIMETER,LOITERING,348,human,person,0.65,-,0.0,WARNING,Stationary 18s within 0.09x height (movement 0.01 heights/s)
08:48:59,2026-09-23T03:19:36Z,BOP-SECTOR-A,CAM-A-PERIMETER,LOITERING,350,human,person,0.65,-,0.0,WARNING,Stationary 11s within 0.08x height (movement 0.01 heights/s)
08:48:59,2026-09-23T03:19:36Z,BOP-SECTOR-A,CAM-A-PERIMETER,LOITERING,123,human,person,0.65,-,0.0,WARNING,Stationary 13s within 0.14x height (movement 0.01 heights/s)
08:48:59,2026-09-23T03:19:36Z,BOP-SECTOR-A,CAM-A-PERIMETER,LOITERING,60,human,person,0.65,-,0.0,WARNING,Stationary 11s within 0.02x height (movement 0.00 heights/s)
08:49:00,2026-09-23T03:19:36Z,BOP-SECTOR-A,CAM-A-PERIMETER,LOITERING,242,human,person,0.65,-,0.0,WARNING,Stationary 71s within 0.27x height (movement 0.01 heights/s)
08:49:02,2026-09-23T03:19:36Z,BOP-SECTOR-A,CAM-A-PERIMETER,LOITERING,198,human,person,0.65,-,0.0,WARNING,Stationary 11s within 0.07x height (movement 0.01 heights/s)
08:49:07,2026-09-23T03:19:36Z,BOP-SECTOR-A,CAM-A-PERIMETER,LOITERING,30,human,person,0.65,-,0.0,WARNING,Stationary 16s within 0.15x height (movement 0.01 heights/s)
08:49:09,2026-09-23T03:19:36Z,BOP-SECTOR-A,CAM-A-PERIMETER,LOITERING,157,human,person,0.65,-,0.0,WARNING,Stationary 356s within 0.17x height (movement 0.02 heights/s)
08:49:10,2026-09-23T03:19:36Z,BOP-SECTOR-A,CAM-A-PERIMETER,LOITERING,355,human,person,0.65,-,0.0,WARNING,Stationary 11s within 0.21x height (movement 0.02 heights/s)
08:49:10,2026-09-23T03:19:36Z,BOP-SECTOR-A,CAM-A-PERIMETER,LOITERING,352,human,person,0.65,-,0.0,WARNING,Stationary 16s within 0.19x height (movement 0.01 heights/s)
08:49:11,2026-09-23T03:19:36Z,BOP-SECTOR-A,CAM-A-PERIMETER,INTRUSION_ALERT,276,human,person,0.811,-,0.0,UNKNOWN_INTRUDER,"UNKNOWN PERSON | INBOUND (Southbound) at (1801, 615) | ID:NONE"
08:49:12,2026-09-23T03:19:36Z,BOP-SECTOR-A,CAM-A-PERIMETER,INTRUSION_ALERT,285,human,person,0.724,-,0.0,UNKNOWN_INTRUDER,"UNKNOWN PERSON | OUTBOUND (Northbound) at (590, 583) | ID:NONE"
08:49:13,2026-09-23T03:19:37Z,BOP-SECTOR-A,CAM-A-PERIMETER,INTRUSION_ALERT,329,human,person,0.684,-,0.0,UNKNOWN_INTRUDER,"UNKNOWN PERSON | OUTBOUND (Northbound) at (1859, 583) | ID:NONE"
08:49:18,2026-09-23T03:19:37Z,BOP-SECTOR-A,CAM-A-PERIMETER,INTRUSION_ALERT,88,human,person,0.733,-,0.0,UNKNOWN_INTRUDER,"UNKNOWN PERSON | INBOUND (Southbound) at (739, 651) | ID:NONE"
08:49:18,2026-09-23T03:19:37Z,BOP-SECTOR-A,CAM-A-PERIMETER,INTRUSION_ALERT,342,human,person,0.715,-,0.0,UNKNOWN_INTRUDER,"UNKNOWN PERSON | OUTBOUND (Northbound) at (554, 599) | ID:NONE"
08:49:18,2026-09-23T03:19:37Z,BOP-SECTOR-A,CAM-A-PERIMETER,LOITERING,307,human,person,0.65,-,0.0,WARNING,Stationary 40s within 0.30x height (movement 0.01 heights/s)
08:49:22,2026-09-23T03:19:37Z,BOP-SECTOR-A,CAM-A-PERIMETER,INTRUSION_ALERT,193,human,person,0.551,-,0.0,UNKNOWN_INTRUDER,"UNKNOWN PERSON | OUTBOUND (Northbound) at (1517, 589) | ID:NONE"
08:49:22,2026-09-23T03:19:37Z,BOP-SECTOR-A,CAM-A-PERIMETER,INTRUSION_ALERT,325,human,person,0.765,-,0.0,UNKNOWN_INTRUDER,"UNKNOWN PERSON | OUTBOUND (Northbound) at (285, 559) | ID:NONE"
08:49:27,2026-09-23T03:19:37Z,BOP-SECTOR-A,CAM-A-PERIMETER,LOITERING,364,human,person,0.65,-,0.0,WARNING,Stationary 11s within 0.33x height (movement 0.03 heights/s)
08:49:27,2026-09-23T03:19:37Z,BOP-SECTOR-A,CAM-A-PERIMETER,LOITERING,30,human,person,0.65,-,0.0,WARNING,Stationary 36s within 0.34x height (movement 0.01 heights/s)
08:49:30,2026-09-23T03:19:37Z,BOP-SECTOR-A,CAM-A-PERIMETER,LOITERING,310,human,person,0.65,-,0.0,WARNING,Stationary 11s within 0.24x height (movement 0.02 heights/s)
08:49:31,2026-09-23T03:19:37Z,BOP-SECTOR-A,CAM-A-PERIMETER,LOITERING,361,human,person,0.65,-,0.0,WARNING,Stationary 11s within 0.01x height (movement 0.00 heights/s)
08:49:31,2026-09-23T03:19:37Z,BOP-SECTOR-A,CAM-A-PERIMETER,LOITERING,157,human,person,0.65,-,0.0,WARNING,Stationary 378s within 0.17x height (movement 0.02 heights/s)
08:48:56,2026-09-23T03:20:42Z,BOP-SECTOR-B,CAM-B-TRIPWIRE,LOITERING,17,human,person,0.65,-,0.0,WARNING,Stationary 12s within 0.32x height (movement 0.03 heights/s)
08:48:56,2026-09-23T03:20:42Z,BOP-SECTOR-B,CAM-B-TRIPWIRE,LOITERING,28,human,person,0.65,-,0.0,WARNING,Stationary 12s within 0.16x height (movement 0.03 heights/s)
08:49:04,2026-09-23T03:20:43Z,BOP-SECTOR-B,CAM-B-TRIPWIRE,LOITERING,1,human,person,0.65,-,0.0,WARNING,Stationary 17s within 0.29x height (movement 0.02 heights/s)
08:49:04,2026-09-23T03:20:43Z,BOP-SECTOR-B,CAM-B-TRIPWIRE,LOITERING,39,human,person,0.65,-,0.0,WARNING,Stationary 10s within 0.24x height (movement 0.02 heights/s)
08:49:19,2026-09-23T03:20:43Z,BOP-SECTOR-B,CAM-B-TRIPWIRE,INTRUSION_ALERT,19,human,person,0.83,-,0.0,UNKNOWN_INTRUDER,"UNKNOWN PERSON | INBOUND (Southbound) at (416, 285) | ID:NONE"
08:49:19,2026-09-23T03:20:43Z,BOP-SECTOR-B,CAM-B-TRIPWIRE,LOITERING,19,human,person,0.65,-,0.0,WARNING,Stationary 17s within 0.26x height (movement 0.03 heights/s)
08:49:43,2026-09-23T03:20:43Z,BOP-SECTOR-B,CAM-B-TRIPWIRE,LOITERING,39,human,person,0.65,-,0.0,WARNING,Stationary 49s within 0.35x height (movement 0.02 heights/s)
08:49:54,2026-09-23T03:20:43Z,BOP-SECTOR-B,CAM-B-TRIPWIRE,LOITERING,46,human,person,0.65,-,0.0,WARNING,Stationary 8s within 0.34x height (movement 0.04 heights/s)
08:49:56,2026-09-23T03:20:43Z,BOP-SECTOR-B,CAM-B-TRIPWIRE,LOITERING,47,human,person,0.65,-,0.0,WARNING,Stationary 11s within 0.22x height (movement 0.02 heights/s)
08:49:59,2026-09-23T03:20:43Z,BOP-SECTOR-B,CAM-B-TRIPWIRE,INTRUSION_ALERT,39,human,person,0.857,-,0.0,UNKNOWN_INTRUDER,"UNKNOWN PERSON | OUTBOUND (Northbound) at (464, 270) | ID:NONE"
08:50:05,2026-09-23T03:20:43Z,BOP-SECTOR-B,CAM-B-TRIPWIRE,LOITERING,19,human,person,0.65,-,0.0,WARNING,Stationary 14s within 0.31x height (movement 0.02 heights/s)
08:50:21,2026-09-23T03:20:43Z,BOP-SECTOR-B,CAM-B-TRIPWIRE,LOITERING,16,human,person,0.65,-,0.0,WARNING,Stationary 16s within 0.34x height (movement 0.02 heights/s)
08:50:41,2026-09-23T03:20:43Z,BOP-SECTOR-B,CAM-B-TRIPWIRE,LOITERING,48,human,person,0.65,-,0.0,WARNING,Stationary 19s within 0.17x height (movement 0.01 heights/s)
08:50:04,2026-09-23T03:20:46Z,BOP-SECTOR-B,CAM-B-TRIPWIRE,LOITERING,76,human,person,0.65,-,0.0,WARNING,Stationary 16s within 0.23x height (movement 0.01 heights/s)
08:50:07,2026-09-23T03:20:46Z,BOP-SECTOR-B,CAM-B-TRIPWIRE,LOITERING,86,human,person,0.65,-,0.0,WARNING,Stationary 24s within 0.22x height (movement 0.01 heights/s)
08:50:55,2026-09-23T03:21:02Z,BOP-SECTOR-B,CAM-B-TRIPWIRE,INTRUSION_ALERT,70,human,person,0.857,-,0.0,UNKNOWN_INTRUDER,"UNKNOWN PERSON | OUTBOUND (Northbound) at (464, 270) | ID:NONE"
08:51:12,2026-09-23T03:22:58Z,BOP-SECTOR-B,CAM-B-TRIPWIRE,LOITERING,26,human,person,0.65,-,0.0,WARNING,Stationary 10s within 0.19x height (movement 0.05 heights/s)
08:51:19,2026-09-23T03:22:58Z,BOP-SECTOR-B,CAM-B-TRIPWIRE,LOITERING,45,human,person,0.65,-,0.0,WARNING,Stationary 19s within 0.25x height (movement 0.03 heights/s)
08:51:22,2026-09-23T03:22:58Z,BOP-SECTOR-B,CAM-B-TRIPWIRE,INTRUSION_ALERT,57,human,person,0.828,-,0.0,UNKNOWN_INTRUDER,"UNKNOWN PERSON | OUTBOUND (Northbound) at (471, 274) | ID:NONE"
08:51:36,2026-09-23T03:22:58Z,BOP-SECTOR-B,CAM-B-TRIPWIRE,LOITERING,28,human,person,0.65,-,0.0,WARNING,Stationary 18s within 0.13x height (movement 0.01 heights/s)
08:51:40,2026-09-23T03:22:58Z,BOP-SECTOR-B,CAM-B-TRIPWIRE,LOITERING,26,human,person,0.65,-,0.0,WARNING,Stationary 37s within 0.23x height (movement 0.02 heights/s)
08:51:44,2026-09-23T03:22:58Z,BOP-SECTOR-B,CAM-B-TRIPWIRE,LOITERING,45,human,person,0.65,-,0.0,WARNING,Stationary 45s within 0.31x height (movement 0.02 heights/s)
08:52:05,2026-09-23T03:22:58Z,BOP-SECTOR-B,CAM-B-TRIPWIRE,LOITERING,26,human,person,0.65,-,0.0,WARNING,Stationary 62s within 0.23x height (movement 0.02 heights/s)
08:52:15,2026-09-23T03:22:58Z,BOP-SECTOR-B,CAM-B-TRIPWIRE,LOITERING,41,human,person,0.65,-,0.0,WARNING,Stationary 15s within 0.07x height (movement 0.00 heights/s)
08:52:18,2026-09-23T03:22:58Z,BOP-SECTOR-B,CAM-B-TRIPWIRE,LOITERING,19,human,person,0.65,-,0.0,WARNING,Stationary 13s within 0.30x height (movement 0.03 heights/s)
08:52:38,2026-09-23T03:22:58Z,BOP-SECTOR-B,CAM-B-TRIPWIRE,LOITERING,66,human,person,0.65,-,0.0,WARNING,Stationary 14s within 0.27x height (movement 0.04 heights/s)
08:51:12,2026-09-23T03:24:14Z,BOP-SECTOR-B,CAM-B-TRIPWIRE,LOITERING,44,human,person,0.65,-,0.0,WARNING,Stationary 10s within 0.07x height (movement 0.01 heights/s)
08:51:17,2026-09-23T03:24:14Z,BOP-SECTOR-B,CAM-B-TRIPWIRE,LOITERING,68,human,person,0.65,-,0.0,WARNING,Stationary 16s within 0.17x height (movement 0.03 heights/s)
08:51:30,2026-09-23T03:24:14Z,BOP-SECTOR-B,CAM-B-TRIPWIRE,LOITERING,51,human,person,0.65,-,0.0,WARNING,Stationary 20s within 0.00x height (movement 0.00 heights/s)
08:51:32,2026-09-23T03:24:14Z,BOP-SECTOR-B,CAM-B-TRIPWIRE,INTRUSION_ALERT,98,human,person,0.747,-,0.0,UNKNOWN_INTRUDER,"UNKNOWN PERSON | OUTBOUND (Northbound) at (452, 265) | ID:NONE"
08:51:40,2026-09-23T03:24:14Z,BOP-SECTOR-B,CAM-B-TRIPWIRE,LOITERING,68,human,person,0.65,-,0.0,WARNING,Stationary 39s within 0.34x height (movement 0.01 heights/s)
08:51:49,2026-09-23T03:24:14Z,BOP-SECTOR-B,CAM-B-TRIPWIRE,INTRUSION_ALERT,82,human,person,0.808,-,0.0,UNKNOWN_INTRUDER,"UNKNOWN PERSON | OUTBOUND (Northbound) at (477, 279) | ID:NONE"
08:51:49,2026-09-23T03:24:14Z,BOP-SECTOR-B,CAM-B-TRIPWIRE,GROUP_CONVERGENCE,9,human,person,0.6,-,0.0,NOTICE,"3 persons converged within 1.6 body-lengths (tracks [9, 68, 82])"
08:52:05,2026-09-23T03:24:14Z,BOP-SECTOR-B,CAM-B-TRIPWIRE,LOITERING,68,human,person,0.65,-,0.0,WARNING,Stationary 64s within 0.35x height (movement 0.01 heights/s)
08:52:17,2026-09-23T03:24:14Z,BOP-SECTOR-B,CAM-B-TRIPWIRE,LOITERING,44,human,person,0.65,-,0.0,WARNING,Stationary 15s within 0.06x height (movement 0.00 heights/s)
08:52:51,2026-09-23T03:24:14Z,BOP-SECTOR-B,CAM-B-TRIPWIRE,LOITERING,98,human,person,0.65,-,0.0,WARNING,Stationary 10s within 0.15x height (movement 0.02 heights/s)
08:53:12,2026-09-23T03:24:14Z,BOP-SECTOR-B,CAM-B-TRIPWIRE,GROUP_CONVERGENCE,104,human,person,0.6,-,0.0,NOTICE,"4 persons converged within 1.6 body-lengths (tracks [104, 105, 106, 109])"
08:53:15,2026-09-23T03:24:14Z,BOP-SECTOR-B,CAM-B-TRIPWIRE,LOITERING,68,human,person,0.65,-,0.0,WARNING,Stationary 14s within 0.07x height (movement 0.01 heights/s)
08:53:32,2026-09-23T03:24:14Z,BOP-SECTOR-B,CAM-B-TRIPWIRE,GROUP_CONVERGENCE,74,human,person,0.6,-,0.0,NOTICE,"3 persons converged within 1.6 body-lengths (tracks [74, 98, 112])"
08:53:35,2026-09-23T03:24:14Z,BOP-SECTOR-B,CAM-B-TRIPWIRE,LOITERING,44,human,person,0.65,-,0.0,WARNING,Stationary 20s within 0.33x height (movement 0.04 heights/s)
08:54:07,2026-09-23T03:24:14Z,BOP-SECTOR-B,CAM-B-TRIPWIRE,INTRUSION_ALERT,112,human,person,0.825,-,0.0,UNKNOWN_INTRUDER,"UNKNOWN PERSON | OUTBOUND (Northbound) at (476, 279) | ID:NONE"
08:54:27,2026-09-23T03:25:54Z,BOP-SECTOR-B,CAM-B-TRIPWIRE,LOITERING,123,human,person,0.65,-,0.0,WARNING,Stationary 26s within 0.25x height (movement 0.02 heights/s)
08:54:47,2026-09-23T03:25:54Z,BOP-SECTOR-B,CAM-B-TRIPWIRE,LOITERING,130,human,person,0.65,-,0.0,WARNING,Stationary 9s within 0.13x height (movement 0.02 heights/s)
08:55:04,2026-09-23T03:25:54Z,BOP-SECTOR-B,CAM-B-TRIPWIRE,INTRUSION_ALERT,133,human,person,0.807,-,0.0,UNKNOWN_INTRUDER,"UNKNOWN PERSON | OUTBOUND (Northbound) at (468, 274) | ID:NONE"
08:55:04,2026-09-23T03:25:54Z,BOP-SECTOR-B,CAM-B-TRIPWIRE,LOITERING,121,human,person,0.65,-,0.0,WARNING,Stationary 15s within 0.03x height (movement 0.00 heights/s)
08:55:30,2026-09-23T03:25:54Z,BOP-SECTOR-B,CAM-B-TRIPWIRE,LOITERING,130,human,person,0.65,-,0.0,WARNING,Stationary 9s within 0.03x height (movement 0.00 heights/s)
08:55:39,2026-09-23T03:25:54Z,BOP-SECTOR-B,CAM-B-TRIPWIRE,LOITERING,138,human,person,0.65,-,0.0,WARNING,Stationary 9s within 0.33x height (movement 0.04 heights/s)
08:55:39,2026-09-23T03:25:54Z,BOP-SECTOR-B,CAM-B-TRIPWIRE,GROUP_CONVERGENCE,138,human,person,0.6,-,0.0,NOTICE,"4 persons converged within 1.6 body-lengths (tracks [138, 139, 140, 141])"
08:53:32,2026-09-23T03:26:01Z,BOP-SECTOR-B,CAM-B-TRIPWIRE,LOITERING,19,human,person,0.65,-,0.0,WARNING,Stationary 9s within 0.28x height (movement 0.02 heights/s)
08:53:53,2026-09-23T03:26:01Z,BOP-SECTOR-B,CAM-B-TRIPWIRE,LOITERING,57,human,person,0.65,-,0.0,WARNING,Stationary 20s within 0.29x height (movement 0.01 heights/s)
08:53:53,2026-09-23T03:26:01Z,BOP-SECTOR-B,CAM-B-TRIPWIRE,GROUP_CONVERGENCE,19,human,person,0.6,-,0.0,NOTICE,"3 persons converged within 1.6 body-lengths (tracks [19, 57, 81])"
08:53:55,2026-09-23T03:26:01Z,BOP-SECTOR-B,CAM-B-TRIPWIRE,INTRUSION_ALERT,81,human,person,0.82,-,0.0,UNKNOWN_INTRUDER,"UNKNOWN PERSON | INBOUND (Southbound) at (503, 323) | ID:NONE"
08:54:30,2026-09-23T03:26:01Z,BOP-SECTOR-B,CAM-B-TRIPWIRE,INTRUSION_ALERT,92,human,person,0.748,-,0.0,UNKNOWN_INTRUDER,"UNKNOWN PERSON | OUTBOUND (Northbound) at (452, 265) | ID:NONE"
08:54:46,2026-09-23T03:26:01Z,BOP-SECTOR-B,CAM-B-TRIPWIRE,LOITERING,57,human,person,0.65,-,0.0,WARNING,Stationary 16s within 0.17x height (movement 0.01 heights/s)
08:54:46,2026-09-23T03:26:01Z,BOP-SECTOR-B,CAM-B-TRIPWIRE,LOITERING,26,human,person,0.65,-,0.0,WARNING,Stationary 16s within 0.24x height (movement 0.02 heights/s)
08:54:48,2026-09-23T03:26:01Z,BOP-SECTOR-B,CAM-B-TRIPWIRE,LOITERING,95,human,person,0.65,-,0.0,WARNING,Stationary 9s within 0.20x height (movement 0.02 heights/s)
08:55:06,2026-09-23T03:26:02Z,BOP-SECTOR-B,CAM-B-TRIPWIRE,LOITERING,83,human,person,0.65,-,0.0,WARNING,Stationary 9s within 0.04x height (movement 0.00 heights/s)
08:55:08,2026-09-23T03:26:02Z,BOP-SECTOR-B,CAM-B-TRIPWIRE,LOITERING,91,human,person,0.65,-,0.0,WARNING,Stationary 20s within 0.27x height (movement 0.01 heights/s)
08:55:09,2026-09-23T03:26:02Z,BOP-SECTOR-B,CAM-B-TRIPWIRE,LOITERING,94,human,person,0.65,-,0.0,WARNING,Stationary 12s within 0.24x height (movement 0.02 heights/s)
08:55:13,2026-09-23T03:26:02Z,BOP-SECTOR-B,CAM-B-TRIPWIRE,LOITERING,92,human,person,0.65,-,0.0,WARNING,Stationary 18s within 0.05x height (movement 0.00 heights/s)
08:55:13,2026-09-23T03:26:02Z,BOP-SECTOR-B,CAM-B-TRIPWIRE,LOITERING,57,human,person,0.65,-,0.0,WARNING,Stationary 42s within 0.24x height (movement 0.01 heights/s)
08:55:18,2026-09-23T03:26:02Z,BOP-SECTOR-B,CAM-B-TRIPWIRE,LOITERING,86,human,person,0.65,-,0.0,WARNING,Stationary 9s within 0.24x height (movement 0.03 heights/s)
08:55:22,2026-09-23T03:26:03Z,BOP-SECTOR-B,CAM-B-TRIPWIRE,INTRUSION_ALERT,95,human,person,0.807,-,0.0,UNKNOWN_INTRUDER,"UNKNOWN PERSON | OUTBOUND (Northbound) at (468, 274) | ID:NONE"
08:55:31,2026-09-23T03:26:03Z,BOP-SECTOR-B,CAM-B-TRIPWIRE,LOITERING,26,human,person,0.65,-,0.0,WARNING,Stationary 9s within 0.17x height (movement 0.02 heights/s)
08:55:36,2026-09-23T03:26:03Z,BOP-SECTOR-B,CAM-B-TRIPWIRE,LOITERING,94,human,person,0.65,-,0.0,WARNING,Stationary 39s within 0.28x height (movement 0.02 heights/s)
08:55:39,2026-09-23T03:26:03Z,BOP-SECTOR-B,CAM-B-TRIPWIRE,LOITERING,19,human,person,0.65,-,0.0,WARNING,Stationary 9s within 0.35x height (movement 0.04 heights/s)
08:55:45,2026-09-23T03:26:03Z,BOP-SECTOR-B,CAM-B-TRIPWIRE,LOITERING,57,human,person,0.65,-,0.0,WARNING,Stationary 74s within 0.24x height (movement 0.01 heights/s)
08:56:25,2026-09-23T03:26:30Z,BOP-SECTOR-B,CAM-B-TRIPWIRE,LOITERING,74,human,person,0.65,-,0.0,WARNING,Stationary 18s within 0.13x height (movement 0.01 heights/s)
08:56:41,2026-09-23T03:26:52Z,BOP-SECTOR-B,CAM-B-TRIPWIRE,LOITERING,140,human,person,0.65,-,0.0,WARNING,Stationary 9s within 0.17x height (movement 0.02 heights/s)
08:56:41,2026-09-23T03:26:52Z,BOP-SECTOR-B,CAM-B-TRIPWIRE,LOITERING,138,human,person,0.65,-,0.0,WARNING,Stationary 9s within 0.06x height (movement 0.01 heights/s)
08:57:00,2026-09-23T03:27:05Z,BOP-SECTOR-B,CAM-B-TRIPWIRE,GROUP_CONVERGENCE,1,human,person,0.6,-,0.0,NOTICE,"4 persons converged within 1.6 body-lengths (tracks [1, 2, 4, 16])"
08:57:37,2026-09-23T03:27:41Z,BOP-SECTOR-B,CAM-B-TRIPWIRE,AUTHORIZED_PATROL,14,human,person,0.799,-,0.0,AUTHORIZED_PATROL,"Inspector A. Sharma (SSB-1044) | INBOUND (Southbound) at (413, 281) | ID:SIMULATED_DEMO_ID"
08:58:07,2026-09-23T03:28:11Z,BOP-SECTOR-B,CAM-B-TRIPWIRE,INTRUSION_ALERT,15,human,person,0.813,-,0.0,UNKNOWN_INTRUDER,"UNKNOWN PERSON | INBOUND (Southbound) at (495, 286) | ID:NONE"
08:58:20,2026-09-23T03:28:28Z,BOP-SECTOR-B,CAM-B-TRIPWIRE,LOITERING,15,human,person,0.65,-,0.0,WARNING,Stationary 11s within 0.28x height (movement 0.03 heights/s)
08:58:06,2026-09-23T03:28:29Z,BOP-SECTOR-B,CAM-B-TRIPWIRE,LOITERING,74,human,person,0.65,-,0.0,WARNING,Stationary 15s within 0.15x height (movement 0.01 heights/s)
08:58:18,2026-09-23T03:28:29Z,BOP-SECTOR-B,CAM-B-TRIPWIRE,LOITERING,147,human,person,0.65,-,0.0,WARNING,Stationary 13s within 0.20x height (movement 0.02 heights/s)
08:58:25,2026-09-23T03:28:29Z,BOP-SECTOR-B,CAM-B-TRIPWIRE,INTRUSION_ALERT,147,human,person,0.736,-,0.0,UNKNOWN_INTRUDER,"UNKNOWN PERSON | OUTBOUND (Northbound) at (450, 264) | ID:NONE"
08:58:30,2026-09-23T03:28:47Z,BOP-SECTOR-B,CAM-B-TRIPWIRE,LOITERING,23,human,person,0.65,-,0.0,WARNING,Stationary 8s within 0.10x height (movement 0.01 heights/s)
08:58:27,2026-09-23T03:28:47Z,BOP-SECTOR-B,CAM-B-TRIPWIRE,LOITERING,138,human,person,0.65,-,0.0,WARNING,Stationary 13s within 0.14x height (movement 0.01 heights/s)
08:58:27,2026-09-23T03:28:47Z,BOP-SECTOR-B,CAM-B-TRIPWIRE,GROUP_CONVERGENCE,138,human,person,0.6,-,0.0,NOTICE,"4 persons converged within 1.6 body-lengths (tracks [138, 145, 146, 151])"
08:58:30,2026-09-23T03:28:47Z,BOP-SECTOR-B,CAM-B-TRIPWIRE,LOITERING,25,human,person,0.65,-,0.0,WARNING,Stationary 8s within 0.23x height (movement 0.03 heights/s)
08:58:54,2026-09-23T03:29:40Z,BOP-SECTOR-B,CAM-B-TRIPWIRE,LOITERING,26,human,person,0.65,-,0.0,WARNING,Stationary 19s within 0.18x height (movement 0.01 heights/s)
08:59:01,2026-09-23T03:29:40Z,BOP-SECTOR-B,CAM-B-TRIPWIRE,INTRUSION_ALERT,29,human,person,0.82,-,0.0,UNKNOWN_INTRUDER,"UNKNOWN PERSON | OUTBOUND (Northbound) at (416, 247) | ID:NONE"
08:59:12,2026-09-23T03:29:40Z,BOP-SECTOR-B,CAM-B-TRIPWIRE,LOITERING,149,human,person,0.65,-,0.0,WARNING,Stationary 10s within 0.16x height (movement 0.01 heights/s)
08:59:23,2026-09-23T03:29:41Z,BOP-SECTOR-B,CAM-B-TRIPWIRE,LOITERING,133,human,person,0.65,-,0.0,WARNING,Stationary 10s within 0.29x height (movement 0.05 heights/s)
08:59:00,2026-09-23T03:29:41Z,BOP-SECTOR-B,CAM-B-TRIPWIRE,INTRUSION_ALERT,8,human,person,0.841,-,0.0,UNKNOWN_INTRUDER,"UNKNOWN PERSON | OUTBOUND (Northbound) at (459, 269) | ID:NONE"
08:59:46,2026-09-23T03:30:06Z,BOP-SECTOR-B,CAM-B-TRIPWIRE,INTRUSION_ALERT,10,human,person,0.815,-,0.0,UNKNOWN_INTRUDER,"UNKNOWN PERSON | INBOUND (Southbound) at (417, 285) | ID:NONE"
08:59:47,2026-09-23T03:30:06Z,BOP-SECTOR-B,CAM-B-TRIPWIRE,INTRUSION_ALERT,21,human,person,0.862,-,0.0,UNKNOWN_INTRUDER,"UNKNOWN PERSON | OUTBOUND (Northbound) at (438, 260) | ID:NONE"
08:59:49,2026-09-23T03:30:06Z,BOP-SECTOR-B,CAM-B-TRIPWIRE,INTRUSION_ALERT,21,human,person,0.742,-,0.0,UNKNOWN_INTRUDER,"UNKNOWN PERSON | OUTBOUND (Northbound) at (446, 265) | ID:NONE"
09:00:01,2026-09-23T03:30:06Z,BOP-SECTOR-B,CAM-B-TRIPWIRE,LOITERING,2,human,person,0.65,-,0.0,WARNING,Stationary 19s within 0.08x height (movement 0.00 heights/s)
09:00:35,2026-09-23T03:30:52Z,BOP-SECTOR-B,CAM-B-TRIPWIRE,INTRUSION_ALERT,9,human,person,0.875,-,0.0,UNKNOWN_INTRUDER,"UNKNOWN PERSON | INBOUND (Southbound) at (465, 307) | ID:NONE"
09:00:35,2026-09-23T03:30:52Z,BOP-SECTOR-B,CAM-B-TRIPWIRE,GROUP_CONVERGENCE,1,human,person,0.6,-,0.0,NOTICE,"3 persons converged within 1.6 body-lengths (tracks [1, 2, 9])"
09:00:22,2026-09-23T03:30:52Z,BOP-SECTOR-B,CAM-B-TRIPWIRE,LOITERING,10,human,person,0.65,-,0.0,WARNING,Stationary 12s within 0.02x height (movement 0.00 heights/s)
09:00:19,2026-09-23T03:30:53Z,BOP-SECTOR-B,CAM-B-TRIPWIRE,LOITERING,29,human,person,0.65,-,0.0,WARNING,Stationary 13s within 0.25x height (movement 0.02 heights/s)
09:01:41,2026-09-23T03:32:00Z,BOP-SECTOR-B,CAM-B-TRIPWIRE,INTRUSION_ALERT,10,human,person,0.88,-,0.0,UNKNOWN_INTRUDER,"UNKNOWN PERSON | INBOUND (Southbound) at (461, 306) | ID:NONE"
09:01:46,2026-09-23T03:32:01Z,BOP-SECTOR-B,CAM-B-TRIPWIRE,AUTHORIZED_PATROL,14,human,person,0.866,-,0.0,AUTHORIZED_PATROL,"Inspector A. Sharma (SSB-1044) | INBOUND (Southbound) at (434, 293) | ID:SIMULATED_DEMO_ID"
09:01:54,2026-09-23T03:32:01Z,BOP-SECTOR-B,CAM-B-TRIPWIRE,INTRUSION_ALERT,21,human,person,0.839,-,0.0,UNKNOWN_INTRUDER,"UNKNOWN PERSON | INBOUND (Southbound) at (418, 285) | ID:NONE"
09:01:37,2026-09-23T03:32:01Z,BOP-SECTOR-B,CAM-B-TRIPWIRE,GROUP_CONVERGENCE,1,human,person,0.6,-,0.0,NOTICE,"4 persons converged within 1.6 body-lengths (tracks [1, 2, 3, 4])"
09:01:41,2026-09-23T03:32:01Z,BOP-SECTOR-B,CAM-B-TRIPWIRE,INTRUSION_ALERT,9,human,person,0.845,-,0.0,UNKNOWN_INTRUDER,"UNKNOWN PERSON | INBOUND (Southbound) at (469, 309) | ID:NONE"
09:01:41,2026-09-23T03:32:01Z,BOP-SECTOR-B,CAM-B-TRIPWIRE,INTRUSION_ALERT,8,human,person,0.801,-,0.0,UNKNOWN_INTRUDER,"UNKNOWN PERSON | INBOUND (Southbound) at (458, 282) | ID:NONE"
09:01:47,2026-09-23T03:32:01Z,BOP-SECTOR-B,CAM-B-TRIPWIRE,RUNNING,14,human,person,0.7,-,0.0,WARNING,Running at 8.22 body-heights/s (threshold 1.60) for 1.0s
09:01:51,2026-09-23T03:32:01Z,BOP-SECTOR-B,CAM-B-TRIPWIRE,INTRUSION_ALERT,12,human,person,0.817,-,0.0,UNKNOWN_INTRUDER,"UNKNOWN PERSON | INBOUND (Southbound) at (413, 282) | ID:NONE"
09:01:51,2026-09-23T03:32:01Z,BOP-SECTOR-B,CAM-B-TRIPWIRE,LOITERING,12,human,person,0.65,-,0.0,WARNING,Stationary 9s within 0.27x height (movement 0.14 heights/s)
09:02:04,2026-09-23T03:32:16Z,BOP-SECTOR-B,CAM-B-TRIPWIRE,INTRUSION_ALERT,21,human,person,0.803,-,0.0,UNKNOWN_INTRUDER,"UNKNOWN PERSON | OUTBOUND (Northbound) at (443, 263) | ID:NONE"
09:02:00,2026-09-23T03:32:16Z,BOP-SECTOR-B,CAM-B-TRIPWIRE,GROUP_CONVERGENCE,1,human,person,0.6,-,0.0,NOTICE,"3 persons converged within 1.6 body-lengths (tracks [1, 2, 10])"
09:02:06,2026-09-23T03:32:16Z,BOP-SECTOR-B,CAM-B-TRIPWIRE,LOITERING,15,human,person,0.65,-,0.0,WARNING,Stationary 20s within 0.14x height (movement 0.03 heights/s)
09:01:42,2026-09-23T03:32:19Z,BOP-SECTOR-B,CAM-B-TRIPWIRE,INTRUSION_ALERT,11,human,person,0.815,-,0.0,UNKNOWN_INTRUDER,"UNKNOWN PERSON | INBOUND (Southbound) at (417, 285) | ID:NONE"
09:01:45,2026-09-23T03:32:19Z,BOP-SECTOR-B,CAM-B-TRIPWIRE,INTRUSION_ALERT,3,human,person,0.792,-,0.0,UNKNOWN_INTRUDER,"UNKNOWN PERSON | OUTBOUND (Northbound) at (474, 275) | ID:NONE"
09:01:48,2026-09-23T03:32:19Z,BOP-SECTOR-B,CAM-B-TRIPWIRE,INTRUSION_ALERT,16,human,person,0.824,-,0.0,UNKNOWN_INTRUDER,"UNKNOWN PERSON | OUTBOUND (Northbound) at (434, 278) | ID:NONE"
09:01:51,2026-09-23T03:32:19Z,BOP-SECTOR-B,CAM-B-TRIPWIRE,LOITERING,11,human,person,0.65,-,0.0,WARNING,Stationary 9s within 0.27x height (movement 0.05 heights/s)
09:01:57,2026-09-23T03:32:20Z,BOP-SECTOR-B,CAM-B-TRIPWIRE,LOITERING,18,human,person,0.65,-,0.0,WARNING,Stationary 10s within 0.06x height (movement 0.01 heights/s)
09:01:57,2026-09-23T03:32:20Z,BOP-SECTOR-B,CAM-B-TRIPWIRE,LOITERING,19,human,person,0.65,-,0.0,WARNING,Stationary 10s within 0.32x height (movement 0.07 heights/s)
09:02:00,2026-09-23T03:32:20Z,BOP-SECTOR-B,CAM-B-TRIPWIRE,INTRUSION_ALERT,27,human,person,0.866,-,0.0,UNKNOWN_INTRUDER,"UNKNOWN PERSON | INBOUND (Southbound) at (434, 293) | ID:NONE"
09:02:14,2026-09-23T03:32:20Z,BOP-SECTOR-B,CAM-B-TRIPWIRE,LOITERING,11,human,person,0.65,-,0.0,WARNING,Stationary 31s within 0.27x height (movement 0.04 heights/s)
09:02:15,2026-09-23T03:32:20Z,BOP-SECTOR-B,CAM-B-TRIPWIRE,INTRUSION_ALERT,25,human,person,0.798,-,0.0,UNKNOWN_INTRUDER,"UNKNOWN PERSON | OUTBOUND (Northbound) at (478, 279) | ID:NONE"
09:02:18,2026-09-23T03:32:31Z,BOP-SECTOR-B,CAM-B-TRIPWIRE,GROUP_CONVERGENCE,1,human,person,0.6,-,0.0,NOTICE,"3 persons converged within 1.6 body-lengths (tracks [1, 2, 19])"
09:02:27,2026-09-23T03:32:31Z,BOP-SECTOR-B,CAM-B-TRIPWIRE,AUTHORIZED_PATROL,2,human,person,0.798,-,0.0,AUTHORIZED_PATROL,"Constable R. Singh (SSB-4587) | OUTBOUND (Northbound) at (478, 279) | ID:SIMULATED_DEMO_ID"
09:02:28,2026-09-23T03:32:31Z,BOP-SECTOR-B,CAM-B-TRIPWIRE,INTRUSION_ALERT,27,human,person,0.834,-,0.0,UNKNOWN_INTRUDER,"UNKNOWN PERSON | INBOUND (Southbound) at (411, 281) | ID:NONE"
09:02:27,2026-09-23T03:32:31Z,BOP-SECTOR-B,CAM-B-TRIPWIRE,INTRUSION_ALERT,24,human,person,0.817,-,0.0,UNKNOWN_INTRUDER,"UNKNOWN PERSON | INBOUND (Southbound) at (413, 282) | ID:NONE"
09:02:38,2026-09-23T03:32:43Z,BOP-SECTOR-B,CAM-B-TRIPWIRE,GROUP_CONVERGENCE,9,human,person,0.6,-,0.0,NOTICE,"4 persons converged within 1.6 body-lengths (tracks [9, 22, 25, 26])"
09:03:10,2026-09-23T03:33:22Z,BOP-SECTOR-B,CAM-B-TRIPWIRE,GROUP_CONVERGENCE,1,human,person,0.6,-,0.0,NOTICE,"4 persons converged within 1.6 body-lengths (tracks [1, 2, 3, 4])"
09:03:13,2026-09-23T03:33:22Z,BOP-SECTOR-B,CAM-B-TRIPWIRE,INTRUSION_ALERT,8,human,person,0.775,-,0.0,UNKNOWN_INTRUDER,"UNKNOWN PERSON | OUTBOUND (Northbound) at (403, 244) | ID:NONE"
09:03:15,2026-09-23T03:33:23Z,BOP-SECTOR-B,CAM-B-TRIPWIRE,INTRUSION_ALERT,9,human,person,0.827,-,0.0,UNKNOWN_INTRUDER,"UNKNOWN PERSON | OUTBOUND (Northbound) at (430, 255) | ID:NONE"
09:03:13,2026-09-23T03:33:23Z,BOP-SECTOR-B,CAM-B-TRIPWIRE,INTRUSION_ALERT,9,human,person,0.836,-,0.0,UNKNOWN_INTRUDER,"UNKNOWN PERSON | OUTBOUND (Northbound) at (439, 262) | ID:NONE"
09:03:18,2026-09-23T03:33:23Z,BOP-SECTOR-B,CAM-B-TRIPWIRE,INTRUSION_ALERT,11,human,person,0.857,-,0.0,UNKNOWN_INTRUDER,"UNKNOWN PERSON | OUTBOUND (Northbound) at (464, 270) | ID:NONE"
09:03:15,2026-09-23T03:33:23Z,BOP-SECTOR-B,CAM-B-TRIPWIRE,INTRUSION_ALERT,18,human,person,0.744,-,0.0,UNKNOWN_INTRUDER,"UNKNOWN PERSON | INBOUND (Southbound) at (460, 283) | ID:NONE"
09:03:43,2026-09-23T03:33:55Z,BOP-SECTOR-B,CAM-B-TRIPWIRE,AUTHORIZED_PATROL,1,human,person,0.792,-,0.0,AUTHORIZED_PATROL,"Constable R. Singh (SSB-4587) | OUTBOUND (Northbound) at (474, 277) | ID:SIMULATED_DEMO_ID"
09:03:29,2026-09-23T03:33:55Z,BOP-SECTOR-B,CAM-B-TRIPWIRE,INTRUSION_ALERT,9,human,person,0.874,-,0.0,UNKNOWN_INTRUDER,"UNKNOWN PERSON | INBOUND (Southbound) at (447, 287) | ID:NONE"
09:03:26,2026-09-23T03:33:55Z,BOP-SECTOR-B,CAM-B-TRIPWIRE,LOITERING,23,human,person,0.65,-,0.0,WARNING,Stationary 9s within 0.22x height (movement 0.05 heights/s)
09:03:29,2026-09-23T03:33:56Z,BOP-SECTOR-B,CAM-B-TRIPWIRE,AUTHORIZED_PATROL,14,human,person,0.846,-,0.0,AUTHORIZED_PATROL,"Inspector A. Sharma (SSB-1044) | INBOUND (Southbound) at (414, 284) | ID:SIMULATED_DEMO_ID"
09:03:31,2026-09-23T03:33:56Z,BOP-SECTOR-B,CAM-B-TRIPWIRE,INTRUSION_ALERT,15,human,person,0.848,-,0.0,UNKNOWN_INTRUDER,"UNKNOWN PERSON | INBOUND (Southbound) at (482, 313) | ID:NONE"
09:03:31,2026-09-23T03:33:56Z,BOP-SECTOR-B,CAM-B-TRIPWIRE,GROUP_CONVERGENCE,2,human,person,0.6,-,0.0,NOTICE,"3 persons converged within 1.6 body-lengths (tracks [2, 3, 15])"
09:19:00,2026-09-23T03:49:07Z,BOP-SECTOR-B,CAM-B-TRIPWIRE,AUTHORIZED_PATROL,2,human,person,0.794,-,0.0,AUTHORIZED_PATROL,"Constable R. Singh (SSB-4587) | OUTBOUND (Northbound) at (467, 274) | ID:SIMULATED_DEMO_ID"
09:19:01,2026-09-23T03:49:07Z,BOP-SECTOR-B,CAM-B-TRIPWIRE,INTRUSION_ALERT,9,human,person,0.533,-,0.0,UNKNOWN_INTRUDER,"UNKNOWN PERSON | INBOUND (Southbound) at (424, 281) | ID:NONE"
09:19:06,2026-09-23T03:49:07Z,BOP-SECTOR-B,CAM-B-TRIPWIRE,INTRUSION_ALERT,16,human,person,0.792,-,0.0,UNKNOWN_INTRUDER,"UNKNOWN PERSON | OUTBOUND (Northbound) at (474, 275) | ID:NONE"
09:19:09,2026-09-23T03:49:12Z,BOP-SECTOR-B,CAM-B-TRIPWIRE,RUNNING,17,human,person,0.7,-,0.0,WARNING,Running at 3.73 body-heights/s (threshold 1.60) for 0.8s
09:18:58,2026-09-23T03:49:14Z,BOP-SECTOR-B,CAM-B-TRIPWIRE,GROUP_CONVERGENCE,1,human,person,0.6,-,0.0,NOTICE,"4 persons converged within 1.6 body-lengths (tracks [1, 2, 3, 4])"
09:19:00,2026-09-23T03:49:14Z,BOP-SECTOR-B,CAM-B-TRIPWIRE,INTRUSION_ALERT,11,human,person,0.834,-,0.0,UNKNOWN_INTRUDER,"UNKNOWN PERSON | OUTBOUND (Northbound) at (429, 254) | ID:NONE"
09:19:03,2026-09-23T03:49:14Z,BOP-SECTOR-B,CAM-B-TRIPWIRE,INTRUSION_ALERT,18,human,person,0.797,-,0.0,UNKNOWN_INTRUDER,"UNKNOWN PERSON | OUTBOUND (Northbound) at (474, 278) | ID:NONE"
09:19:04,2026-09-23T03:49:14Z,BOP-SECTOR-B,CAM-B-TRIPWIRE,INTRUSION_ALERT,22,human,person,0.836,-,0.0,UNKNOWN_INTRUDER,"UNKNOWN PERSON | OUTBOUND (Northbound) at (432, 256) | ID:NONE"
09:19:10,2026-09-23T03:49:14Z,BOP-SECTOR-B,CAM-B-TRIPWIRE,AUTHORIZED_PATROL,2,human,person,0.808,-,0.0,AUTHORIZED_PATROL,"Constable R. Singh (SSB-4587) | OUTBOUND (Northbound) at (477, 279) | ID:SIMULATED_DEMO_ID"
09:19:15,2026-09-23T03:49:19Z,BOP-SECTOR-B,CAM-B-TRIPWIRE,AUTHORIZED_PATROL,1,human,person,0.807,-,0.0,AUTHORIZED_PATROL,"Constable R. Singh (SSB-4587) | OUTBOUND (Northbound) at (468, 274) | ID:SIMULATED_DEMO_ID"
09:19:20,2026-09-23T03:49:20Z,BOP-SECTOR-B,CAM-B-TRIPWIRE,GROUP_CONVERGENCE,1,human,person,0.6,-,0.0,NOTICE,"3 persons converged within 1.6 body-lengths (tracks [1, 3, 17])"
09:19:24,2026-09-23T03:49:24Z,BOP-SECTOR-B,CAM-B-TRIPWIRE,INTRUSION_ALERT,17,human,person,0.792,-,0.0,UNKNOWN_INTRUDER,"UNKNOWN PERSON | OUTBOUND (Northbound) at (474, 275) | ID:NONE"
09:19:28,2026-09-23T03:49:28Z,BOP-SECTOR-B,CAM-B-TRIPWIRE,INTRUSION_ALERT,25,human,person,0.846,-,0.0,UNKNOWN_INTRUDER,"UNKNOWN PERSON | INBOUND (Southbound) at (435, 282) | ID:NONE"
09:19:24,2026-09-23T03:49:29Z,BOP-SECTOR-B,CAM-B-TRIPWIRE,INTRUSION_ALERT,33,human,person,0.811,-,0.0,UNKNOWN_INTRUDER,"UNKNOWN PERSON | OUTBOUND (Northbound) at (433, 257) | ID:NONE"
09:19:30,2026-09-23T03:49:30Z,BOP-SECTOR-B,CAM-B-TRIPWIRE,INTRUSION_ALERT,26,human,person,0.83,-,0.0,UNKNOWN_INTRUDER,"UNKNOWN PERSON | INBOUND (Southbound) at (412, 281) | ID:NONE"
09:19:39,2026-09-23T03:49:40Z,BOP-SECTOR-B,CAM-B-TRIPWIRE,GROUP_CONVERGENCE,33,human,person,0.6,-,0.0,NOTICE,"4 persons converged within 1.6 body-lengths (tracks [33, 34, 38, 39])"
09:19:44,2026-09-23T03:49:44Z,BOP-SECTOR-B,CAM-B-TRIPWIRE,INTRUSION_ALERT,21,human,person,0.806,-,0.0,UNKNOWN_INTRUDER,"UNKNOWN PERSON | INBOUND (Southbound) at (412, 281) | ID:NONE"
09:19:50,2026-09-23T03:49:54Z,BOP-SECTOR-B,CAM-B-TRIPWIRE,INTRUSION_ALERT,8,human,person,0.883,-,0.0,UNKNOWN_INTRUDER,"UNKNOWN PERSON | INBOUND (Southbound) at (435, 294) | ID:NONE"
09:20:03,2026-09-23T03:50:07Z,BOP-SECTOR-B,CAM-B-TRIPWIRE,GROUP_CONVERGENCE,3,human,person,0.6,-,0.0,NOTICE,"3 persons converged within 1.6 body-lengths (tracks [3, 8, 14])"
09:20:14,2026-09-23T03:50:16Z,BOP-SECTOR-B,CAM-B-TRIPWIRE,INTRUSION_ALERT,9,human,person,0.83,-,0.0,UNKNOWN_INTRUDER,"UNKNOWN PERSON | INBOUND (Southbound) at (412, 281) | ID:NONE"
09:20:14,2026-09-23T03:50:16Z,BOP-SECTOR-B,CAM-B-TRIPWIRE,AUTHORIZED_PATROL,14,human,person,0.825,-,0.0,AUTHORIZED_PATROL,"Inspector A. Sharma (SSB-1044) | OUTBOUND (Northbound) at (476, 279) | ID:SIMULATED_DEMO_ID"
09:20:25,2026-09-23T03:50:27Z,BOP-SECTOR-B,CAM-B-TRIPWIRE,LOITERING,43,human,person,0.65,-,0.0,WARNING,Stationary 15s within 0.08x height (movement 0.01 heights/s)
09:20:29,2026-09-23T03:50:34Z,BOP-SECTOR-B,CAM-B-TRIPWIRE,LOITERING,38,human,person,0.65,-,0.0,WARNING,Stationary 16s within 0.09x height (movement 0.01 heights/s)
09:20:37,2026-09-23T03:50:40Z,BOP-SECTOR-B,CAM-B-TRIPWIRE,INTRUSION_ALERT,25,human,person,0.807,-,0.0,UNKNOWN_INTRUDER,"UNKNOWN PERSON | OUTBOUND (Northbound) at (456, 269) | ID:NONE"
09:20:43,2026-09-23T03:50:47Z,BOP-SECTOR-B,CAM-B-TRIPWIRE,LOITERING,33,human,person,0.65,-,0.0,WARNING,Stationary 10s within 0.34x height (movement 0.06 heights/s)
09:20:50,2026-09-23T03:50:52Z,BOP-SECTOR-B,CAM-B-TRIPWIRE,GROUP_CONVERGENCE,1,human,person,0.6,-,0.0,NOTICE,"4 persons converged within 1.6 body-lengths (tracks [1, 3, 23, 27])"
09:20:49,2026-09-23T03:50:52Z,BOP-SECTOR-B,CAM-B-TRIPWIRE,INTRUSION_ALERT,47,human,person,0.825,-,0.0,UNKNOWN_INTRUDER,"UNKNOWN PERSON | OUTBOUND (Northbound) at (476, 279) | ID:NONE"
09:21:00,2026-09-23T03:51:02Z,BOP-SECTOR-B,CAM-B-TRIPWIRE,LOITERING,3,human,person,0.65,-,0.0,WARNING,Stationary 10s within 0.26x height (movement 0.04 heights/s)
09:21:20,2026-09-23T03:51:22Z,BOP-SECTOR-B,CAM-B-TRIPWIRE,INTRUSION_ALERT,33,human,person,0.879,-,0.0,UNKNOWN_INTRUDER,"UNKNOWN PERSON | INBOUND (Southbound) at (461, 307) | ID:NONE"
09:21:34,2026-09-23T03:51:35Z,BOP-SECTOR-B,CAM-B-TRIPWIRE,LOITERING,5,human,person,0.65,-,0.0,WARNING,Stationary 19s within 0.05x height (movement 0.00 heights/s)
09:21:34,2026-09-23T03:51:36Z,BOP-SECTOR-B,CAM-B-TRIPWIRE,LOITERING,8,human,person,0.65,-,0.0,WARNING,Stationary 8s within 0.28x height (movement 0.05 heights/s)
09:21:34,2026-09-23T03:51:36Z,BOP-SECTOR-B,CAM-B-TRIPWIRE,GROUP_CONVERGENCE,5,human,person,0.6,-,0.0,NOTICE,"3 persons converged within 1.6 body-lengths (tracks [5, 8, 33])"
09:21:13,2026-09-23T03:51:53Z,BOP-SECTOR-B,CAM-B-TRIPWIRE,GROUP_CONVERGENCE,2,human,person,0.6,-,0.0,NOTICE,"3 persons converged within 1.6 body-lengths (tracks [2, 17, 25])"
09:21:19,2026-09-23T03:51:53Z,BOP-SECTOR-B,CAM-B-TRIPWIRE,LOITERING,16,human,person,0.65,-,0.0,WARNING,Stationary 11s within 0.33x height (movement 0.03 heights/s)
09:21:24,2026-09-23T03:51:53Z,BOP-SECTOR-B,CAM-B-TRIPWIRE,INTRUSION_ALERT,51,human,person,0.866,-,0.0,UNKNOWN_INTRUDER,"UNKNOWN PERSON | INBOUND (Southbound) at (434, 293) | ID:NONE"
09:21:31,2026-09-23T03:51:53Z,BOP-SECTOR-B,CAM-B-TRIPWIRE,LOITERING,39,human,person,0.65,-,0.0,WARNING,Stationary 16s within 0.23x height (movement 0.03 heights/s)
09:21:33,2026-09-23T03:51:54Z,BOP-SECTOR-B,CAM-B-TRIPWIRE,INTRUSION_ALERT,33,human,person,0.798,-,0.0,UNKNOWN_INTRUDER,"UNKNOWN PERSON | OUTBOUND (Northbound) at (478, 279) | ID:NONE"
09:21:33,2026-09-23T03:51:54Z,BOP-SECTOR-B,CAM-B-TRIPWIRE,LOITERING,51,human,person,0.65,-,0.0,WARNING,Stationary 10s within 0.31x height (movement 0.04 heights/s)
09:21:47,2026-09-23T03:51:54Z,BOP-SECTOR-B,CAM-B-TRIPWIRE,LOITERING,54,human,person,0.65,-,0.0,WARNING,Stationary 17s within 0.28x height (movement 0.02 heights/s)
09:22:02,2026-09-23T03:52:04Z,BOP-SECTOR-B,CAM-B-TRIPWIRE,LOITERING,5,human,person,0.65,-,0.0,WARNING,Stationary 48s within 0.09x height (movement 0.00 heights/s)
09:22:17,2026-09-23T03:52:19Z,BOP-SECTOR-B,CAM-B-TRIPWIRE,GROUP_CONVERGENCE,3,human,person,0.6,-,0.0,NOTICE,"3 persons converged within 1.6 body-lengths (tracks [3, 27, 36])"
09:22:40,2026-09-23T03:52:42Z,BOP-SECTOR-B,CAM-B-TRIPWIRE,LOITERING,5,human,person,0.65,-,0.0,WARNING,Stationary 16s within 0.14x height (movement 0.01 heights/s)
09:22:42,2026-09-23T03:52:43Z,BOP-SECTOR-B,CAM-B-TRIPWIRE,INTRUSION_ALERT,27,human,person,0.792,-,0.0,UNKNOWN_INTRUDER,"UNKNOWN PERSON | OUTBOUND (Northbound) at (474, 275) | ID:NONE"
09:21:54,2026-09-23T03:52:53Z,BOP-SECTOR-B,CAM-B-TRIPWIRE,GROUP_CONVERGENCE,39,human,person,0.6,-,0.0,NOTICE,"4 persons converged within 1.6 body-lengths (tracks [39, 54, 56, 58])"
09:22:01,2026-09-23T03:52:53Z,BOP-SECTOR-B,CAM-B-TRIPWIRE,LOITERING,56,human,person,0.65,-,0.0,WARNING,Stationary 14s within 0.29x height (movement 0.04 heights/s)
09:22:13,2026-09-23T03:52:53Z,BOP-SECTOR-B,CAM-B-TRIPWIRE,INTRUSION_ALERT,59,human,person,0.815,-,0.0,UNKNOWN_INTRUDER,"UNKNOWN PERSON | INBOUND (Southbound) at (417, 285) | ID:NONE"
09:22:22,2026-09-23T03:52:53Z,BOP-SECTOR-B,CAM-B-TRIPWIRE,LOITERING,51,human,person,0.65,-,0.0,WARNING,Stationary 9s within 0.29x height (movement 0.03 heights/s)
09:22:35,2026-09-23T03:52:53Z,BOP-SECTOR-B,CAM-B-TRIPWIRE,LOITERING,54,human,person,0.65,-,0.0,WARNING,Stationary 16s within 0.13x height (movement 0.01 heights/s)
09:22:39,2026-09-23T03:52:53Z,BOP-SECTOR-B,CAM-B-TRIPWIRE,GROUP_CONVERGENCE,53,human,person,0.6,-,0.0,NOTICE,"4 persons converged within 1.6 body-lengths (tracks [53, 54, 56, 58])"
09:22:44,2026-09-23T03:52:53Z,BOP-SECTOR-B,CAM-B-TRIPWIRE,LOITERING,63,human,person,0.65,-,0.0,WARNING,Stationary 17s within 0.19x height (movement 0.03 heights/s)
09:23:21,2026-09-23T03:53:23Z,BOP-SECTOR-B,CAM-B-TRIPWIRE,GROUP_CONVERGENCE,25,human,person,0.6,-,0.0,NOTICE,"3 persons converged within 1.6 body-lengths (tracks [25, 27, 50])"
09:22:53,2026-09-23T03:53:58Z,BOP-SECTOR-B,CAM-B-TRIPWIRE,INTRUSION_ALERT,50,human,person,0.792,-,0.0,UNKNOWN_INTRUDER,"UNKNOWN PERSON | OUTBOUND (Northbound) at (474, 277) | ID:NONE"
09:23:44,2026-09-23T03:53:58Z,BOP-SECTOR-B,CAM-B-TRIPWIRE,LOITERING,4,human,person,0.65,-,0.0,WARNING,Stationary 19s within 0.00x height (movement 0.00 heights/s)
09:22:59,2026-09-23T03:53:58Z,BOP-SECTOR-B,CAM-B-TRIPWIRE,GROUP_CONVERGENCE,33,human,person,0.6,-,0.0,NOTICE,"3 persons converged within 1.6 body-lengths (tracks [33, 39, 53])"
09:23:44,2026-09-23T03:53:58Z,BOP-SECTOR-B,CAM-B-TRIPWIRE,LOITERING,3,human,person,0.65,-,0.0,WARNING,Stationary 19s within 0.00x height (movement 0.00 heights/s)
09:23:09,2026-09-23T03:53:58Z,BOP-SECTOR-B,CAM-B-TRIPWIRE,LOITERING,63,human,person,0.65,-,0.0,WARNING,Stationary 42s within 0.26x height (movement 0.04 heights/s)
09:23:13,2026-09-23T03:53:58Z,BOP-SECTOR-B,CAM-B-TRIPWIRE,LOITERING,64,human,person,0.65,-,0.0,WARNING,Stationary 13s within 0.10x height (movement 0.01 heights/s)
09:23:13,2026-09-23T03:53:58Z,BOP-SECTOR-B,CAM-B-TRIPWIRE,LOITERING,39,human,person,0.65,-,0.0,WARNING,Stationary 13s within 0.17x height (movement 0.03 heights/s)
09:24:14,2026-09-23T03:54:32Z,BOP-SECTOR-B,CAM-B-TRIPWIRE,LOITERING,11,human,person,0.65,-,0.0,WARNING,Stationary 9s within 0.10x height (movement 0.01 heights/s)
09:24:30,2026-09-23T03:54:46Z,BOP-SECTOR-B,CAM-B-TRIPWIRE,INTRUSION_ALERT,12,human,person,0.772,-,0.0,UNKNOWN_INTRUDER,"UNKNOWN PERSON | OUTBOUND (Northbound) at (405, 243) | ID:NONE"
09:24:59,2026-09-23T03:55:17Z,BOP-SECTOR-B,CAM-B-TRIPWIRE,LOITERING,2,human,person,0.65,-,0.0,WARNING,Stationary 17s within 0.16x height (movement 0.01 heights/s)
09:24:59,2026-09-23T03:55:17Z,BOP-SECTOR-B,CAM-B-TRIPWIRE,GROUP_CONVERGENCE,1,human,person,0.6,-,0.0,NOTICE,"4 persons converged within 1.6 body-lengths (tracks [1, 2, 4, 15])"
09:24:37,2026-09-23T03:55:53Z,BOP-SECTOR-B,CAM-B-TRIPWIRE,GROUP_CONVERGENCE,39,human,person,0.6,-,0.0,NOTICE,"3 persons converged within 1.6 body-lengths (tracks [39, 53, 63])"
09:24:55,2026-09-23T03:55:53Z,BOP-SECTOR-B,CAM-B-TRIPWIRE,LOITERING,63,human,person,0.65,-,0.0,WARNING,Stationary 17s within 0.20x height (movement 0.01 heights/s)
09:25:28,2026-09-23T03:55:53Z,BOP-SECTOR-B,CAM-B-TRIPWIRE,LOITERING,53,human,person,0.65,-,0.0,WARNING,Stationary 18s within 0.12x height (movement 0.01 heights/s)
09:25:28,2026-09-23T03:55:54Z,BOP-SECTOR-B,CAM-B-TRIPWIRE,LOITERING,56,human,person,0.65,-,0.0,WARNING,Stationary 18s within 0.09x height (movement 0.01 heights/s)
09:25:28,2026-09-23T03:55:54Z,BOP-SECTOR-B,CAM-B-TRIPWIRE,GROUP_CONVERGENCE,53,human,person,0.6,-,0.0,NOTICE,"4 persons converged within 1.6 body-lengths (tracks [53, 56, 67, 68])"
09:25:51,2026-09-23T03:56:12Z,BOP-SECTOR-B,CAM-B-TRIPWIRE,LOITERING,15,human,person,0.65,-,0.0,WARNING,Stationary 21s within 0.00x height (movement 0.00 heights/s)
09:25:45,2026-09-23T03:56:53Z,BOP-SECTOR-B,CAM-B-TRIPWIRE,LOITERING,56,human,person,0.65,-,0.0,WARNING,Stationary 38s within 0.13x height (movement 0.01 heights/s)
09:25:45,2026-09-23T03:56:53Z,BOP-SECTOR-B,CAM-B-TRIPWIRE,LOITERING,53,human,person,0.65,-,0.0,WARNING,Stationary 38s within 0.13x height (movement 0.01 heights/s)
09:25:45,2026-09-23T03:56:53Z,BOP-SECTOR-B,CAM-B-TRIPWIRE,GROUP_CONVERGENCE,53,human,person,0.6,-,0.0,NOTICE,"4 persons converged within 1.6 body-lengths (tracks [53, 56, 58, 63])"
09:26:06,2026-09-23T03:56:54Z,BOP-SECTOR-B,CAM-B-TRIPWIRE,LOITERING,58,human,person,0.65,-,0.0,WARNING,Stationary 21s within 0.00x height (movement 0.00 heights/s)
09:26:06,2026-09-23T03:56:54Z,BOP-SECTOR-B,CAM-B-TRIPWIRE,LOITERING,56,human,person,0.65,-,0.0,WARNING,Stationary 59s within 0.13x height (movement 0.00 heights/s)
09:26:06,2026-09-23T03:56:54Z,BOP-SECTOR-B,CAM-B-TRIPWIRE,LOITERING,53,human,person,0.65,-,0.0,WARNING,Stationary 59s within 0.13x height (movement 0.01 heights/s)
09:26:33,2026-09-23T03:56:54Z,BOP-SECTOR-B,CAM-B-TRIPWIRE,INTRUSION_ALERT,3,human,person,0.792,-,0.0,UNKNOWN_INTRUDER,"UNKNOWN PERSON | OUTBOUND (Northbound) at (474, 277) | ID:NONE"
09:26:06,2026-09-23T03:56:54Z,BOP-SECTOR-B,CAM-B-TRIPWIRE,LOITERING,63,human,person,0.65,-,0.0,WARNING,Stationary 21s within 0.00x height (movement 0.00 heights/s)
09:26:06,2026-09-23T03:56:54Z,BOP-SECTOR-B,CAM-B-TRIPWIRE,GROUP_CONVERGENCE,53,human,person,0.6,-,0.0,NOTICE,"4 persons converged within 1.6 body-lengths (tracks [53, 56, 58, 63])"
09:26:26,2026-09-23T03:56:55Z,BOP-SECTOR-B,CAM-B-TRIPWIRE,INTRUSION_ALERT,39,human,person,0.841,-,0.0,UNKNOWN_INTRUDER,"UNKNOWN PERSON | OUTBOUND (Northbound) at (482, 280) | ID:NONE"
09:26:26,2026-09-23T03:56:55Z,BOP-SECTOR-B,CAM-B-TRIPWIRE,GROUP_CONVERGENCE,33,human,person,0.6,-,0.0,NOTICE,"3 persons converged within 1.6 body-lengths (tracks [33, 39, 50])"
09:26:54,2026-09-23T03:57:16Z,BOP-SECTOR-B,CAM-B-TRIPWIRE,INTRUSION_ALERT,17,human,person,0.814,-,0.0,UNKNOWN_INTRUDER,"UNKNOWN PERSON | OUTBOUND (Northbound) at (425, 251) | ID:NONE"
09:26:58,2026-09-23T03:57:19Z,BOP-SECTOR-B,CAM-B-TRIPWIRE,AUTHORIZED_PATROL,2,human,person,0.808,-,0.0,AUTHORIZED_PATROL,"Constable R. Singh (SSB-4587) | OUTBOUND (Northbound) at (479, 279) | ID:SIMULATED_DEMO_ID"
09:27:18,2026-09-23T03:57:36Z,BOP-SECTOR-B,CAM-B-TRIPWIRE,INTRUSION_ALERT,18,human,person,0.67,-,0.0,UNKNOWN_INTRUDER,"UNKNOWN PERSON | OUTBOUND (Northbound) at (399, 264) | ID:NONE"
09:27:18,2026-09-23T03:57:36Z,BOP-SECTOR-B,CAM-B-TRIPWIRE,LOITERING,18,human,person,0.65,-,0.0,WARNING,Stationary 17s within 0.15x height (movement 0.01 heights/s)
09:28:21,2026-09-23T03:58:53Z,BOP-SECTOR-B,CAM-B-TRIPWIRE,GROUP_CONVERGENCE,53,human,person,0.6,-,0.0,NOTICE,"4 persons converged within 1.6 body-lengths (tracks [53, 56, 67, 68])"
09:29:30,2026-09-23T03:59:53Z,BOP-SECTOR-B,CAM-B-TRIPWIRE,GROUP_CONVERGENCE,56,human,person,0.6,-,0.0,NOTICE,"4 persons converged within 1.6 body-lengths (tracks [56, 58, 63, 67])"
09:30:28,2026-09-23T04:00:45Z,BOP-SECTOR-B,CAM-B-TRIPWIRE,LOITERING,3,human,person,0.65,-,0.0,WARNING,Stationary 22s within 0.03x height (movement 0.00 heights/s)
09:29:47,2026-09-23T04:00:53Z,BOP-SECTOR-B,CAM-B-TRIPWIRE,LOITERING,58,human,person,0.65,-,0.0,WARNING,Stationary 17s within 0.34x height (movement 0.02 heights/s)
09:29:47,2026-09-23T04:00:53Z,BOP-SECTOR-B,CAM-B-TRIPWIRE,LOITERING,67,human,person,0.65,-,0.0,WARNING,Stationary 17s within 0.12x height (movement 0.01 heights/s)
09:29:47,2026-09-23T04:00:53Z,BOP-SECTOR-B,CAM-B-TRIPWIRE,LOITERING,63,human,person,0.65,-,0.0,WARNING,Stationary 17s within 0.11x height (movement 0.01 heights/s)
09:30:03,2026-09-23T04:00:53Z,BOP-SECTOR-B,CAM-B-TRIPWIRE,GROUP_CONVERGENCE,56,human,person,0.6,-,0.0,NOTICE,"4 persons converged within 1.6 body-lengths (tracks [56, 58, 68, 70])"
09:31:31,2026-09-23T04:02:10Z,BOP-SECTOR-B,CAM-B-TRIPWIRE,GROUP_CONVERGENCE,53,human,person,0.6,-,0.0,NOTICE,"4 persons converged within 1.6 body-lengths (tracks [53, 58, 67, 68])"
09:32:26,2026-09-23T04:03:07Z,BOP-SECTOR-B,CAM-B-TRIPWIRE,GROUP_CONVERGENCE,2,human,person,0.6,-,0.0,NOTICE,"3 persons converged within 1.6 body-lengths (tracks [2, 11, 24])"
09:32:42,2026-09-23T04:03:07Z,BOP-SECTOR-B,CAM-B-TRIPWIRE,INTRUSION_ALERT,11,human,person,0.807,-,0.0,UNKNOWN_INTRUDER,"UNKNOWN PERSON | OUTBOUND (Northbound) at (422, 273) | ID:NONE"
09:32:42,2026-09-23T04:03:07Z,BOP-SECTOR-B,CAM-B-TRIPWIRE,INTRUSION_ALERT,24,human,person,0.769,-,0.0,UNKNOWN_INTRUDER,"UNKNOWN PERSON | OUTBOUND (Northbound) at (454, 265) | ID:NONE"
09:33:51,2026-09-23T04:04:08Z,BOP-SECTOR-B,CAM-B-TRIPWIRE,LOITERING,11,human,person,0.65,-,0.0,WARNING,Stationary 16s within 0.25x height (movement 0.02 heights/s)
09:33:51,2026-09-23T04:04:08Z,BOP-SECTOR-B,CAM-B-TRIPWIRE,GROUP_CONVERGENCE,11,human,person,0.6,-,0.0,NOTICE,"3 persons converged within 1.6 body-lengths (tracks [11, 20, 22])"
09:34:47,2026-09-23T04:05:04Z,BOP-SECTOR-B,CAM-B-TRIPWIRE,LOITERING,18,human,person,0.65,-,0.0,WARNING,Stationary 15s within 0.20x height (movement 0.01 heights/s)
09:37:05,2026-09-23T04:07:23Z,BOP-SECTOR-B,CAM-B-TRIPWIRE,INTRUSION_ALERT,21,human,person,0.82,-,0.0,UNKNOWN_INTRUDER,"UNKNOWN PERSON | OUTBOUND (Northbound) at (440, 262) | ID:NONE"
09:37:23,2026-09-23T04:07:54Z,BOP-SECTOR-B,CAM-B-TRIPWIRE,LOITERING,21,human,person,0.65,-,0.0,WARNING,Stationary 16s within 0.15x height (movement 0.01 heights/s)
09:37:39,2026-09-23T04:07:54Z,BOP-SECTOR-B,CAM-B-TRIPWIRE,GROUP_CONVERGENCE,21,human,person,0.6,-,0.0,NOTICE,"3 persons converged within 1.6 body-lengths (tracks [21, 24, 25])"
09:38:46,2026-09-23T04:09:05Z,BOP-SECTOR-B,CAM-B-TRIPWIRE,LOITERING,2,human,person,0.65,-,0.0,WARNING,Stationary 18s within 0.24x height (movement 0.01 heights/s)
09:39:01,2026-09-23T04:09:19Z,BOP-SECTOR-B,CAM-B-TRIPWIRE,LOITERING,24,human,person,0.65,-,0.0,WARNING,Stationary 17s within 0.08x height (movement 0.00 heights/s)
09:39:21,2026-09-23T04:09:40Z,BOP-SECTOR-B,CAM-B-TRIPWIRE,LOITERING,15,human,person,0.65,-,0.0,WARNING,Stationary 18s within 0.07x height (movement 0.00 heights/s)
09:39:21,2026-09-23T04:09:40Z,BOP-SECTOR-B,CAM-B-TRIPWIRE,LOITERING,32,human,person,0.65,-,0.0,WARNING,Stationary 18s within 0.06x height (movement 0.00 heights/s)
09:32:22,2026-09-23T04:10:09Z,BOP-SECTOR-B,CAM-B-TRIPWIRE,LOITERING,39,human,person,0.65,-,0.0,WARNING,Stationary 19s within 0.26x height (movement 0.01 heights/s)
09:32:47,2026-09-23T04:10:10Z,BOP-SECTOR-B,CAM-B-TRIPWIRE,GROUP_CONVERGENCE,53,human,person,0.6,-,0.0,NOTICE,"3 persons converged within 1.6 body-lengths (tracks [53, 63, 67])"
09:34:37,2026-09-23T04:10:10Z,BOP-SECTOR-B,CAM-B-TRIPWIRE,GROUP_CONVERGENCE,53,human,person,0.6,-,0.0,NOTICE,"4 persons converged within 1.6 body-lengths (tracks [53, 58, 67, 68])"
09:35:25,2026-09-23T04:10:10Z,BOP-SECTOR-B,CAM-B-TRIPWIRE,LOITERING,39,human,person,0.65,-,0.0,WARNING,Stationary 8s within 0.16x height (movement 0.02 heights/s)
09:37:03,2026-09-23T04:10:10Z,BOP-SECTOR-B,CAM-B-TRIPWIRE,GROUP_CONVERGENCE,33,human,person,0.6,-,0.0,NOTICE,"3 persons converged within 1.6 body-lengths (tracks [33, 53, 67])"
09:37:33,2026-09-23T04:10:11Z,BOP-SECTOR-B,CAM-B-TRIPWIRE,INTRUSION_ALERT,56,human,person,0.857,-,0.0,UNKNOWN_INTRUDER,"UNKNOWN PERSON | OUTBOUND (Northbound) at (464, 270) | ID:NONE"
09:37:33,2026-09-23T04:10:11Z,BOP-SECTOR-B,CAM-B-TRIPWIRE,INTRUSION_ALERT,71,human,person,0.792,-,0.0,UNKNOWN_INTRUDER,"UNKNOWN PERSON | OUTBOUND (Northbound) at (432, 277) | ID:NONE"
09:38:56,2026-09-23T04:10:11Z,BOP-SECTOR-B,CAM-B-TRIPWIRE,LOITERING,63,human,person,0.65,-,0.0,WARNING,Stationary 18s within 0.04x height (movement 0.00 heights/s)
09:38:56,2026-09-23T04:10:11Z,BOP-SECTOR-B,CAM-B-TRIPWIRE,LOITERING,67,human,person,0.65,-,0.0,WARNING,Stationary 18s within 0.03x height (movement 0.00 heights/s)
09:40:46,2026-09-23T04:11:08Z,BOP-SECTOR-B,CAM-B-TRIPWIRE,GROUP_CONVERGENCE,1,human,person,0.6,-,0.0,NOTICE,"4 persons converged within 1.6 body-lengths (tracks [1, 2, 3, 4])"
09:40:55,2026-09-23T04:11:08Z,BOP-SECTOR-B,CAM-B-TRIPWIRE,INTRUSION_ALERT,13,human,person,0.714,-,0.0,UNKNOWN_INTRUDER,"UNKNOWN PERSON | INBOUND (Southbound) at (507, 284) | ID:NONE"
09:40:53,2026-09-23T04:11:09Z,BOP-SECTOR-B,CAM-B-TRIPWIRE,INTRUSION_ALERT,9,human,person,0.47,-,0.0,UNKNOWN_INTRUDER,"UNKNOWN PERSON | INBOUND (Southbound) at (470, 282) | ID:NONE"
09:41:02,2026-09-23T04:11:09Z,BOP-SECTOR-B,CAM-B-TRIPWIRE,AUTHORIZED_PATROL,1,human,person,0.807,-,0.0,AUTHORIZED_PATROL,"Constable R. Singh (SSB-4587) | OUTBOUND (Northbound) at (468, 274) | ID:SIMULATED_DEMO_ID"
09:41:18,2026-09-23T04:11:23Z,BOP-SECTOR-B,CAM-B-TRIPWIRE,LOITERING,16,human,person,0.65,-,0.0,WARNING,Stationary 18s within 0.21x height (movement 0.01 heights/s)
09:41:08,2026-09-23T04:11:23Z,BOP-SECTOR-B,CAM-B-TRIPWIRE,INTRUSION_ALERT,19,human,person,0.805,-,0.0,UNKNOWN_INTRUDER,"UNKNOWN PERSON | INBOUND (Southbound) at (448, 299) | ID:NONE"
09:41:10,2026-09-23T04:11:23Z,BOP-SECTOR-B,CAM-B-TRIPWIRE,LOITERING,17,human,person,0.65,-,0.0,WARNING,Stationary 8s within 0.20x height (movement 0.02 heights/s)
09:41:10,2026-09-23T04:11:23Z,BOP-SECTOR-B,CAM-B-TRIPWIRE,GROUP_CONVERGENCE,1,human,person,0.6,-,0.0,NOTICE,"4 persons converged within 1.6 body-lengths (tracks [1, 3, 4, 17])"
09:41:28,2026-09-23T04:11:33Z,BOP-SECTOR-B,CAM-B-TRIPWIRE,LOITERING,22,human,person,0.65,-,0.0,WARNING,Stationary 13s within 0.22x height (movement 0.03 heights/s)
09:41:28,2026-09-23T04:11:33Z,BOP-SECTOR-B,CAM-B-TRIPWIRE,GROUP_CONVERGENCE,2,human,person,0.6,-,0.0,NOTICE,"3 persons converged within 1.6 body-lengths (tracks [2, 13, 22])"
10:45:34,2026-09-23T05:15:36Z,BOP-SECTOR-B,CAM-B-TRIPWIRE,GROUP_CONVERGENCE,1,human,person,0.6,-,0.0,NOTICE,"4 persons converged within 1.6 body-lengths (tracks [1, 2, 3, 4])"
10:45:36,2026-09-23T05:15:36Z,BOP-SECTOR-B,CAM-B-TRIPWIRE,INTRUSION_ALERT,9,human,person,0.831,-,0.0,UNKNOWN_INTRUDER,"UNKNOWN PERSON | OUTBOUND (Northbound) at (401, 277) | ID:NONE"
10:45:37,2026-09-23T05:15:38Z,BOP-SECTOR-B,CAM-B-TRIPWIRE,INTRUSION_ALERT,10,human,person,0.786,-,0.0,UNKNOWN_INTRUDER,"UNKNOWN PERSON | INBOUND (Southbound) at (489, 285) | ID:NONE"
10:45:39,2026-09-23T05:15:40Z,BOP-SECTOR-B,CAM-B-TRIPWIRE,INTRUSION_ALERT,11,human,person,0.709,-,0.0,UNKNOWN_INTRUDER,"UNKNOWN PERSON | OUTBOUND (Northbound) at (416, 280) | ID:NONE"
10:45:44,2026-09-23T05:15:45Z,BOP-SECTOR-B,CAM-B-TRIPWIRE,INTRUSION_ALERT,16,human,person,0.799,-,0.0,UNKNOWN_INTRUDER,"UNKNOWN PERSON | OUTBOUND (Northbound) at (434, 257) | ID:NONE"
10:45:54,2026-09-23T05:15:55Z,BOP-SECTOR-B,CAM-B-TRIPWIRE,GROUP_CONVERGENCE,1,human,person,0.6,-,0.0,NOTICE,"3 persons converged within 1.6 body-lengths (tracks [1, 3, 19])"
10:45:56,2026-09-23T05:15:56Z,BOP-SECTOR-B,CAM-B-TRIPWIRE,LOITERING,24,human,person,0.65,-,0.0,WARNING,Stationary 12s within 0.33x height (movement 0.05 heights/s)
10:45:57,2026-09-23T05:15:58Z,BOP-SECTOR-B,CAM-B-TRIPWIRE,INTRUSION_ALERT,3,human,person,0.747,-,0.0,UNKNOWN_INTRUDER,"UNKNOWN PERSON | OUTBOUND (Northbound) at (452, 265) | ID:NONE"
10:46:00,2026-09-23T05:16:01Z,BOP-SECTOR-B,CAM-B-TRIPWIRE,LOITERING,29,human,person,0.65,-,0.0,WARNING,Stationary 11s within 0.24x height (movement 0.04 heights/s)
10:46:15,2026-09-23T05:16:16Z,BOP-SECTOR-B,CAM-B-TRIPWIRE,INTRUSION_ALERT,20,human,person,0.829,-,0.0,UNKNOWN_INTRUDER,"UNKNOWN PERSON | INBOUND (Southbound) at (446, 285) | ID:NONE"
10:46:15,2026-09-23T05:16:16Z,BOP-SECTOR-B,CAM-B-TRIPWIRE,GROUP_CONVERGENCE,9,human,person,0.6,-,0.0,NOTICE,"3 persons converged within 1.6 body-lengths (tracks [9, 11, 20])"
10:46:28,2026-09-23T05:16:28Z,BOP-SECTOR-B,CAM-B-TRIPWIRE,INTRUSION_ALERT,49,human,person,0.83,-,0.0,UNKNOWN_INTRUDER,"UNKNOWN PERSON | INBOUND (Southbound) at (416, 285) | ID:NONE"
10:46:36,2026-09-23T05:16:37Z,BOP-SECTOR-B,CAM-B-TRIPWIRE,GROUP_CONVERGENCE,1,human,person,0.6,-,0.0,NOTICE,"3 persons converged within 1.6 body-lengths (tracks [1, 41, 44])"
10:46:37,2026-09-23T05:16:38Z,BOP-SECTOR-B,CAM-B-TRIPWIRE,INTRUSION_ALERT,42,human,person,0.832,-,0.0,UNKNOWN_INTRUDER,"UNKNOWN PERSON | OUTBOUND (Northbound) at (457, 269) | ID:NONE"
10:46:41,2026-09-23T05:16:42Z,BOP-SECTOR-B,CAM-B-TRIPWIRE,LOITERING,50,human,person,0.65,-,0.0,WARNING,Stationary 10s within 0.19x height (movement 0.03 heights/s)
10:46:48,2026-09-23T05:16:49Z,BOP-SECTOR-B,CAM-B-TRIPWIRE,LOITERING,57,human,person,0.65,-,0.0,WARNING,Stationary 9s within 0.29x height (movement 0.05 heights/s)
10:46:56,2026-09-23T05:16:57Z,BOP-SECTOR-B,CAM-B-TRIPWIRE,GROUP_CONVERGENCE,52,human,person,0.6,-,0.0,NOTICE,"4 persons converged within 1.6 body-lengths (tracks [52, 57, 61, 62])"
10:47:03,2026-09-23T05:17:03Z,BOP-SECTOR-B,CAM-B-TRIPWIRE,LOITERING,61,human,person,0.65,-,0.0,WARNING,Stationary 10s within 0.08x height (movement 0.02 heights/s)
10:47:03,2026-09-23T05:17:03Z,BOP-SECTOR-B,CAM-B-TRIPWIRE,LOITERING,62,human,person,0.65,-,0.0,WARNING,Stationary 10s within 0.09x height (movement 0.02 heights/s)
10:47:04,2026-09-23T05:17:05Z,BOP-SECTOR-B,CAM-B-TRIPWIRE,AUTHORIZED_PATROL,1,human,person,0.81,-,0.0,AUTHORIZED_PATROL,"Constable R. Singh (SSB-4587) | OUTBOUND (Northbound) at (479, 279) | ID:SIMULATED_DEMO_ID"
10:47:10,2026-09-23T05:17:11Z,BOP-SECTOR-B,CAM-B-TRIPWIRE,LOITERING,68,human,person,0.65,-,0.0,WARNING,Stationary 8s within 0.19x height (movement 0.07 heights/s)
10:47:16,2026-09-23T05:17:17Z,BOP-SECTOR-B,CAM-B-TRIPWIRE,GROUP_CONVERGENCE,57,human,person,0.6,-,0.0,NOTICE,"4 persons converged within 1.6 body-lengths (tracks [57, 61, 68, 73])"
10:47:29,2026-09-23T05:17:30Z,BOP-SECTOR-B,CAM-B-TRIPWIRE,INTRUSION_ALERT,69,human,person,0.81,-,0.0,UNKNOWN_INTRUDER,"UNKNOWN PERSON | OUTBOUND (Northbound) at (479, 279) | ID:NONE"
10:47:38,2026-09-23T05:17:39Z,BOP-SECTOR-B,CAM-B-TRIPWIRE,GROUP_CONVERGENCE,10,human,person,0.6,-,0.0,NOTICE,"3 persons converged within 1.6 body-lengths (tracks [10, 57, 69])"
10:47:44,2026-09-23T05:17:44Z,BOP-SECTOR-B,CAM-B-TRIPWIRE,INTRUSION_ALERT,79,human,person,0.817,-,0.0,UNKNOWN_INTRUDER,"UNKNOWN PERSON | INBOUND (Southbound) at (413, 282) | ID:NONE"
10:47:54,2026-09-23T05:17:54Z,BOP-SECTOR-B,CAM-B-TRIPWIRE,LOITERING,79,human,person,0.65,-,0.0,WARNING,Stationary 13s within 0.28x height (movement 0.08 heights/s)
10:47:55,2026-09-23T05:17:56Z,BOP-SECTOR-B,CAM-B-TRIPWIRE,INTRUSION_ALERT,84,human,person,0.857,-,0.0,UNKNOWN_INTRUDER,"UNKNOWN PERSON | INBOUND (Southbound) at (445, 298) | ID:NONE"
10:47:55,2026-09-23T05:17:56Z,BOP-SECTOR-B,CAM-B-TRIPWIRE,LOITERING,80,human,person,0.65,-,0.0,WARNING,Stationary 13s within 0.23x height (movement 0.12 heights/s)
10:47:58,2026-09-23T05:17:59Z,BOP-SECTOR-B,CAM-B-TRIPWIRE,GROUP_CONVERGENCE,10,human,person,0.6,-,0.0,NOTICE,"4 persons converged within 1.6 body-lengths (tracks [10, 80, 85, 86])"
10:48:04,2026-09-23T05:18:05Z,BOP-SECTOR-B,CAM-B-TRIPWIRE,LOITERING,82,human,person,0.65,-,0.0,WARNING,Stationary 12s within 0.22x height (movement 0.05 heights/s)
10:48:17,2026-09-23T05:18:18Z,BOP-SECTOR-B,CAM-B-TRIPWIRE,INTRUSION_ALERT,82,human,person,0.856,-,0.0,UNKNOWN_INTRUDER,"UNKNOWN PERSON | OUTBOUND (Northbound) at (470, 274) | ID:NONE"
10:48:20,2026-09-23T05:18:21Z,BOP-SECTOR-B,CAM-B-TRIPWIRE,GROUP_CONVERGENCE,82,human,person,0.6,-,0.0,NOTICE,"3 persons converged within 1.6 body-lengths (tracks [82, 84, 91])"
10:48:26,2026-09-23T05:18:26Z,BOP-SECTOR-B,CAM-B-TRIPWIRE,LOITERING,91,human,person,0.65,-,0.0,WARNING,Stationary 8s within 0.26x height (movement 0.06 heights/s)
10:48:28,2026-09-23T05:18:29Z,BOP-SECTOR-B,CAM-B-TRIPWIRE,INTRUSION_ALERT,96,human,person,0.772,-,0.0,UNKNOWN_INTRUDER,"UNKNOWN PERSON | OUTBOUND (Northbound) at (445, 263) | ID:NONE"
10:48:38,2026-09-23T05:18:39Z,BOP-SECTOR-B,CAM-B-TRIPWIRE,LOITERING,96,human,person,0.65,-,0.0,WARNING,Stationary 10s within 0.30x height (movement 0.05 heights/s)
10:48:40,2026-09-23T05:18:41Z,BOP-SECTOR-B,CAM-B-TRIPWIRE,GROUP_CONVERGENCE,69,human,person,0.6,-,0.0,NOTICE,"3 persons converged within 1.6 body-lengths (tracks [69, 88, 107])"
10:48:42,2026-09-23T05:18:43Z,BOP-SECTOR-B,CAM-B-TRIPWIRE,INTRUSION_ALERT,106,human,person,0.857,-,0.0,UNKNOWN_INTRUDER,"UNKNOWN PERSON | INBOUND (Southbound) at (416, 284) | ID:NONE"
10:48:46,2026-09-23T05:18:52Z,BOP-SECTOR-B,CAM-B-TRIPWIRE,INTRUSION_ALERT,8,human,person,0.47,-,0.0,UNKNOWN_INTRUDER,"UNKNOWN PERSON | INBOUND (Southbound) at (470, 282) | ID:NONE"
10:48:50,2026-09-23T05:18:52Z,BOP-SECTOR-B,CAM-B-TRIPWIRE,INTRUSION_ALERT,17,human,person,0.742,-,0.0,UNKNOWN_INTRUDER,"UNKNOWN PERSON | OUTBOUND (Northbound) at (444, 279) | ID:NONE"
10:48:51,2026-09-23T05:18:52Z,BOP-SECTOR-B,CAM-B-TRIPWIRE,INTRUSION_ALERT,9,human,person,0.845,-,0.0,UNKNOWN_INTRUDER,"UNKNOWN PERSON | INBOUND (Southbound) at (423, 289) | ID:NONE"
10:48:55,2026-09-23T05:18:58Z,BOP-SECTOR-B,CAM-B-TRIPWIRE,LOITERING,113,human,person,0.65,-,0.0,WARNING,Stationary 9s within 0.22x height (movement 0.16 heights/s)
10:49:01,2026-09-23T05:19:02Z,BOP-SECTOR-B,CAM-B-TRIPWIRE,LOITERING,112,human,person,0.65,-,0.0,WARNING,Stationary 17s within 0.18x height (movement 0.01 heights/s)
10:49:01,2026-09-23T05:19:02Z,BOP-SECTOR-B,CAM-B-TRIPWIRE,GROUP_CONVERGENCE,107,human,person,0.6,-,0.0,NOTICE,"3 persons converged within 1.6 body-lengths (tracks [107, 112, 113])"
10:49:04,2026-09-23T05:19:11Z,BOP-SECTOR-B,CAM-B-TRIPWIRE,LOITERING,96,human,person,0.65,-,0.0,WARNING,Stationary 37s within 0.30x height (movement 0.04 heights/s)
10:49:07,2026-09-23T05:19:11Z,BOP-SECTOR-B,CAM-B-TRIPWIRE,LOITERING,17,human,person,0.65,-,0.0,WARNING,Stationary 13s within 0.15x height (movement 0.02 heights/s)
10:49:08,2026-09-23T05:19:11Z,BOP-SECTOR-B,CAM-B-TRIPWIRE,LOITERING,106,human,person,0.65,-,0.0,WARNING,Stationary 26s within 0.34x height (movement 0.01 heights/s)
10:49:10,2026-09-23T05:19:17Z,BOP-SECTOR-B,CAM-B-TRIPWIRE,LOITERING,114,human,person,0.65,-,0.0,WARNING,Stationary 10s within 0.04x height (movement 0.00 heights/s)
10:49:22,2026-09-23T05:19:25Z,BOP-SECTOR-B,CAM-B-TRIPWIRE,GROUP_CONVERGENCE,84,human,person,0.6,-,0.0,NOTICE,"3 persons converged within 1.6 body-lengths (tracks [84, 88, 113])"
10:49:25,2026-09-23T05:19:26Z,BOP-SECTOR-B,CAM-B-TRIPWIRE,LOITERING,23,human,person,0.65,-,0.0,WARNING,Stationary 13s within 0.12x height (movement 0.01 heights/s)
10:49:28,2026-09-23T05:19:30Z,BOP-SECTOR-B,CAM-B-TRIPWIRE,INTRUSION_ALERT,22,human,person,0.553,-,0.0,UNKNOWN_INTRUDER,"UNKNOWN PERSON | INBOUND (Southbound) at (334, 251) | ID:NONE"
10:49:28,2026-09-23T05:19:30Z,BOP-SECTOR-B,CAM-B-TRIPWIRE,INTRUSION_ALERT,27,human,person,0.691,-,0.0,UNKNOWN_INTRUDER,"UNKNOWN PERSON | INBOUND (Southbound) at (386, 255) | ID:NONE"
10:49:28,2026-09-23T05:19:30Z,BOP-SECTOR-B,CAM-B-TRIPWIRE,INTRUSION_ALERT,32,human,person,0.687,-,0.0,UNKNOWN_INTRUDER,"UNKNOWN PERSON | INBOUND (Southbound) at (355, 251) | ID:NONE"
10:49:31,2026-09-23T05:19:32Z,BOP-SECTOR-B,CAM-B-TRIPWIRE,LOITERING,30,human,person,0.65,-,0.0,WARNING,Stationary 19s within 0.05x height (movement 0.00 heights/s)
10:49:30,2026-09-23T05:19:33Z,BOP-SECTOR-B,CAM-B-TRIPWIRE,INTRUSION_ALERT,117,human,person,0.807,-,0.0,UNKNOWN_INTRUDER,"UNKNOWN PERSON | OUTBOUND (Northbound) at (456, 269) | ID:NONE"
10:49:42,2026-09-23T05:19:45Z,BOP-SECTOR-B,CAM-B-TRIPWIRE,LOITERING,121,human,person,0.65,-,0.0,WARNING,Stationary 11s within 0.18x height (movement 0.02 heights/s)
10:49:42,2026-09-23T05:19:45Z,BOP-SECTOR-B,CAM-B-TRIPWIRE,LOITERING,120,human,person,0.65,-,0.0,WARNING,Stationary 11s within 0.22x height (movement 0.03 heights/s)
10:49:42,2026-09-23T05:19:45Z,BOP-SECTOR-B,CAM-B-TRIPWIRE,GROUP_CONVERGENCE,113,human,person,0.6,-,0.0,NOTICE,"4 persons converged within 1.6 body-lengths (tracks [113, 116, 120, 121])"
10:49:49,2026-09-23T05:19:51Z,BOP-SECTOR-A,CAM-A-PERIMETER,INTRUSION_ALERT,57,human,person,0.693,-,0.0,UNKNOWN_INTRUDER,"UNKNOWN PERSON | OUTBOUND (Northbound) at (589, 585) | ID:NONE"
10:49:51,2026-09-23T05:19:52Z,BOP-SECTOR-A,CAM-A-PERIMETER,INTRUSION_ALERT,46,human,person,0.741,-,0.0,UNKNOWN_INTRUDER,"UNKNOWN PERSON | INBOUND (Southbound) at (1868, 626) | ID:NONE"
10:49:51,2026-09-23T05:19:52Z,BOP-SECTOR-A,CAM-A-PERIMETER,INTRUSION_ALERT,48,human,person,0.675,-,0.0,UNKNOWN_INTRUDER,"UNKNOWN PERSON | OUTBOUND (Northbound) at (730, 569) | ID:NONE"
10:49:55,2026-09-23T05:19:56Z,BOP-SECTOR-A,CAM-A-PERIMETER,LOITERING,33,human,person,0.65,-,0.0,WARNING,Stationary 12s within 0.05x height (movement 0.00 heights/s)
10:49:55,2026-09-23T05:19:56Z,BOP-SECTOR-A,CAM-A-PERIMETER,LOITERING,31,human,person,0.65,-,0.0,WARNING,Stationary 12s within 0.08x height (movement 0.01 heights/s)
10:49:57,2026-09-23T05:19:59Z,BOP-SECTOR-A,CAM-A-PERIMETER,LOITERING,66,human,person,0.65,-,0.0,WARNING,Stationary 12s within 0.06x height (movement 0.01 heights/s)
10:49:57,2026-09-23T05:19:59Z,BOP-SECTOR-A,CAM-A-PERIMETER,LOITERING,58,human,person,0.65,-,0.0,WARNING,Stationary 12s within 0.01x height (movement 0.00 heights/s)
10:49:57,2026-09-23T05:19:59Z,BOP-SECTOR-A,CAM-A-PERIMETER,LOITERING,63,human,person,0.65,-,0.0,WARNING,Stationary 8s within 0.21x height (movement 0.04 heights/s)
10:49:59,2026-09-23T05:20:00Z,BOP-SECTOR-A,CAM-A-PERIMETER,LOITERING,69,human,person,0.65,-,0.0,WARNING,Stationary 11s within 0.20x height (movement 0.02 heights/s)
10:49:59,2026-09-23T05:20:00Z,BOP-SECTOR-A,CAM-A-PERIMETER,LOITERING,67,human,person,0.65,-,0.0,WARNING,Stationary 11s within 0.33x height (movement 0.03 heights/s)
10:50:00,2026-09-23T05:20:01Z,BOP-SECTOR-A,CAM-A-PERIMETER,LOITERING,79,human,person,0.65,-,0.0,WARNING,Stationary 11s within 0.33x height (movement 0.03 heights/s)
10:50:00,2026-09-23T05:20:01Z,BOP-SECTOR-A,CAM-A-PERIMETER,LOITERING,76,human,person,0.65,-,0.0,WARNING,Stationary 11s within 0.28x height (movement 0.03 heights/s)
10:50:01,2026-09-23T05:20:03Z,BOP-SECTOR-A,CAM-A-PERIMETER,LOITERING,72,human,person,0.65,-,0.0,WARNING,Stationary 14s within 0.21x height (movement 0.01 heights/s)
10:50:01,2026-09-23T05:20:03Z,BOP-SECTOR-A,CAM-A-PERIMETER,LOITERING,83,human,person,0.65,-,0.0,WARNING,Stationary 11s within 0.22x height (movement 0.02 heights/s)
10:50:05,2026-09-23T05:20:07Z,BOP-SECTOR-A,CAM-A-PERIMETER,INTRUSION_ALERT,93,human,person,0.706,-,0.0,UNKNOWN_INTRUDER,"UNKNOWN PERSON | OUTBOUND (Northbound) at (1565, 569) | ID:NONE"
10:50:08,2026-09-23T05:20:10Z,BOP-SECTOR-A,CAM-A-PERIMETER,INTRUSION_ALERT,51,human,person,0.582,-,0.0,UNKNOWN_INTRUDER,"UNKNOWN PERSON | INBOUND (Southbound) at (1233, 613) | ID:NONE"
10:50:10,2026-09-23T05:20:12Z,BOP-SECTOR-A,CAM-A-PERIMETER,LOITERING,71,human,person,0.65,-,0.0,WARNING,Stationary 12s within 0.11x height (movement 0.01 heights/s)
10:50:11,2026-09-23T05:20:13Z,BOP-SECTOR-A,CAM-A-PERIMETER,LOITERING,92,human,person,0.65,-,0.0,WARNING,Stationary 11s within 0.18x height (movement 0.02 heights/s)
10:50:13,2026-09-23T05:20:16Z,BOP-SECTOR-A,CAM-A-PERIMETER,LOITERING,37,human,person,0.65,-,0.0,WARNING,Stationary 13s within 0.22x height (movement 0.06 heights/s)
10:50:13,2026-09-23T05:20:16Z,BOP-SECTOR-A,CAM-A-PERIMETER,LOITERING,52,human,person,0.65,-,0.0,WARNING,Stationary 13s within 0.16x height (movement 0.04 heights/s)
10:50:17,2026-09-23T05:20:18Z,BOP-SECTOR-A,CAM-A-PERIMETER,LOITERING,65,human,person,0.65,-,0.0,WARNING,Stationary 13s within 0.13x height (movement 0.01 heights/s)
10:50:17,2026-09-23T05:20:18Z,BOP-SECTOR-A,CAM-A-PERIMETER,LOITERING,29,human,person,0.65,-,0.0,WARNING,Stationary 13s within 0.30x height (movement 0.05 heights/s)
10:50:19,2026-09-23T05:20:21Z,BOP-SECTOR-A,CAM-A-PERIMETER,LOITERING,35,human,person,0.65,-,0.0,WARNING,Stationary 12s within 0.22x height (movement 0.02 heights/s)
10:50:19,2026-09-23T05:20:21Z,BOP-SECTOR-A,CAM-A-PERIMETER,LOITERING,58,human,person,0.65,-,0.0,WARNING,Stationary 34s within 0.13x height (movement 0.02 heights/s)
10:50:25,2026-09-23T05:20:27Z,BOP-SECTOR-A,CAM-A-PERIMETER,INTRUSION_ALERT,97,human,person,0.717,-,0.0,UNKNOWN_INTRUDER,"UNKNOWN PERSON | OUTBOUND (Northbound) at (1094, 590) | ID:NONE"
10:50:27,2026-09-23T05:20:29Z,BOP-SECTOR-A,CAM-A-PERIMETER,LOITERING,87,human,person,0.65,-,0.0,WARNING,Stationary 8s within 0.32x height (movement 0.08 heights/s)
10:50:31,2026-09-23T05:20:33Z,BOP-SECTOR-A,CAM-A-PERIMETER,LOITERING,57,human,person,0.65,-,0.0,WARNING,Stationary 11s within 0.14x height (movement 0.01 heights/s)
10:49:59,2026-09-23T05:20:48Z,BOP-SECTOR-B,CAM-B-TRIPWIRE,LOITERING,116,human,person,0.65,-,0.0,WARNING,Stationary 16s within 0.16x height (movement 0.02 heights/s)
10:50:03,2026-09-23T05:20:48Z,BOP-SECTOR-B,CAM-B-TRIPWIRE,GROUP_CONVERGENCE,106,human,person,0.6,-,0.0,NOTICE,"3 persons converged within 1.6 body-lengths (tracks [106, 117, 118])"
10:50:16,2026-09-23T05:20:48Z,BOP-SECTOR-B,CAM-B-TRIPWIRE,LOITERING,88,human,person,0.65,-,0.0,WARNING,Stationary 10s within 0.23x height (movement 0.04 heights/s)
10:50:25,2026-09-23T05:20:48Z,BOP-SECTOR-B,CAM-B-TRIPWIRE,GROUP_CONVERGENCE,88,human,person,0.6,-,0.0,NOTICE,"4 persons converged within 1.6 body-lengths (tracks [88, 112, 113, 121])"
10:50:40,2026-09-23T05:20:48Z,BOP-SECTOR-B,CAM-B-TRIPWIRE,LOITERING,120,human,person,0.65,-,0.0,WARNING,Stationary 8s within 0.21x height (movement 0.03 heights/s)
10:50:36,2026-09-23T05:20:49Z,CHECKPOST-CHARLIE,CAM-C-CHECKPOST,VEHICLE_ANPR,1,vehicle,car,0.861,PLATE_UNREADABLE,0.0,FLAGGED_FOR_MANUAL_REVIEW,Plate Conf: 83%
10:50:36,2026-09-23T05:20:49Z,CHECKPOST-CHARLIE,CAM-C-CHECKPOST,VEHICLE_ANPR,2,vehicle,car,0.785,PLATE_UNREADABLE,0.0,FLAGGED_FOR_MANUAL_REVIEW,Plate Conf: 61%
10:50:36,2026-09-23T05:20:49Z,CHECKPOST-CHARLIE,CAM-C-CHECKPOST,GROUP_CONVERGENCE,3,human,person,0.6,-,0.0,NOTICE,"4 persons converged within 1.6 body-lengths (tracks [3, 7, 8, 10])"
10:50:49,2026-09-23T05:20:53Z,CHECKPOST-CHARLIE,CAM-C-CHECKPOST,VEHICLE_ANPR,2,vehicle,car,0.873,PLATE_UNREADABLE,0.0,FLAGGED_FOR_MANUAL_REVIEW,Plate Conf: 61%
10:50:52,2026-09-23T05:21:06Z,CHECKPOST-CHARLIE,CAM-C-CHECKPOST,VEHICLE_ANPR,1,vehicle,car,0.938,PLATE_UNREADABLE,0.0,FLAGGED_FOR_MANUAL_REVIEW,Plate Conf: 83%
10:50:52,2026-09-23T05:21:06Z,CHECKPOST-CHARLIE,CAM-C-CHECKPOST,VEHICLE_ANPR,2,vehicle,car,0.889,PLATE_UNREADABLE,0.0,FLAGGED_FOR_MANUAL_REVIEW,Plate Conf: 61%
10:50:52,2026-09-23T05:21:06Z,CHECKPOST-CHARLIE,CAM-C-CHECKPOST,LOITERING,19,human,person,0.65,-,0.0,WARNING,Stationary 13s within 0.19x height (movement 0.01 heights/s)
10:51:06,2026-09-23T05:21:21Z,CHECKPOST-CHARLIE,CAM-C-CHECKPOST,VEHICLE_ANPR,1,vehicle,car,0.938,J,0.248,FLAGGED_FOR_MANUAL_REVIEW,Plate Conf: 92%
10:51:06,2026-09-23T05:21:22Z,CHECKPOST-CHARLIE,CAM-C-CHECKPOST,VEHICLE_ANPR,2,vehicle,car,0.889,PLATE_UNREADABLE,0.0,FLAGGED_FOR_MANUAL_REVIEW,Plate Conf: 61%
10:51:06,2026-09-23T05:21:22Z,CHECKPOST-CHARLIE,CAM-C-CHECKPOST,VEHICLE_ANPR,12,vehicle,car,0.806,PLATE_UNREADABLE,0.0,FLAGGED_FOR_MANUAL_REVIEW,Plate Conf: 76%
10:51:06,2026-09-23T05:21:22Z,CHECKPOST-CHARLIE,CAM-C-CHECKPOST,VEHICLE_ANPR,21,vehicle,car,0.842,77,0.1,FLAGGED_FOR_MANUAL_REVIEW,Plate Conf: 88%
10:51:06,2026-09-23T05:21:22Z,CHECKPOST-CHARLIE,CAM-C-CHECKPOST,LOITERING,11,human,person,0.65,-,0.0,WARNING,Stationary 16s within 0.29x height (movement 0.02 heights/s)
10:51:21,2026-09-23T05:21:26Z,CHECKPOST-CHARLIE,CAM-C-CHECKPOST,VEHICLE_ANPR,1,vehicle,car,0.918,J,0.248,FLAGGED_FOR_MANUAL_REVIEW,Plate Conf: 92%
10:51:21,2026-09-23T05:21:26Z,CHECKPOST-CHARLIE,CAM-C-CHECKPOST,VEHICLE_ANPR,2,vehicle,car,0.866,PLATE_UNREADABLE,0.0,FLAGGED_FOR_MANUAL_REVIEW,Plate Conf: 61%
10:51:21,2026-09-23T05:21:26Z,CHECKPOST-CHARLIE,CAM-C-CHECKPOST,VEHICLE_ANPR,12,vehicle,car,0.433,PLATE_UNREADABLE,0.0,FLAGGED_FOR_MANUAL_REVIEW,Plate Conf: 76%
10:51:21,2026-09-23T05:21:26Z,CHECKPOST-CHARLIE,CAM-C-CHECKPOST,VEHICLE_ANPR,21,vehicle,car,0.842,77,0.1,FLAGGED_FOR_MANUAL_REVIEW,Plate Conf: 88%
10:50:49,2026-09-23T05:21:47Z,BOP-SECTOR-B,CAM-B-TRIPWIRE,LOITERING,117,human,person,0.65,-,0.0,WARNING,Stationary 14s within 0.29x height (movement 0.02 heights/s)
10:51:05,2026-09-23T05:21:48Z,BOP-SECTOR-B,CAM-B-TRIPWIRE,LOITERING,82,human,person,0.65,-,0.0,WARNING,Stationary 16s within 0.13x height (movement 0.01 heights/s)
10:51:07,2026-09-23T05:21:48Z,BOP-SECTOR-B,CAM-B-TRIPWIRE,LOITERING,88,human,person,0.65,-,0.0,WARNING,Stationary 11s within 0.03x height (movement 0.00 heights/s)
10:51:07,2026-09-23T05:21:48Z,BOP-SECTOR-B,CAM-B-TRIPWIRE,LOITERING,84,human,person,0.65,-,0.0,WARNING,Stationary 17s within 0.21x height (movement 0.02 heights/s)
10:51:07,2026-09-23T05:21:48Z,BOP-SECTOR-B,CAM-B-TRIPWIRE,GROUP_CONVERGENCE,84,human,person,0.6,-,0.0,NOTICE,"3 persons converged within 1.6 body-lengths (tracks [84, 88, 125])"
10:51:15,2026-09-23T05:21:48Z,BOP-SECTOR-B,CAM-B-TRIPWIRE,LOITERING,117,human,person,0.65,-,0.0,WARNING,Stationary 40s within 0.28x height (movement 0.02 heights/s)
10:51:34,2026-09-23T05:21:48Z,BOP-SECTOR-B,CAM-B-TRIPWIRE,GROUP_CONVERGENCE,84,human,person,0.6,-,0.0,NOTICE,"3 persons converged within 1.6 body-lengths (tracks [84, 88, 125])"
10:51:47,2026-09-23T05:21:48Z,BOP-SECTOR-B,CAM-B-TRIPWIRE,LOITERING,88,human,person,0.65,-,0.0,WARNING,Stationary 10s within 0.08x height (movement 0.01 heights/s)
10:52:33,2026-09-23T05:22:34Z,CHECKPOST-CHARLIE,CAM-C-CHECKPOST,VEHICLE_ANPR,1,vehicle,car,0.84,J,0.248,FLAGGED_FOR_MANUAL_REVIEW,Plate Conf: 92%
10:52:33,2026-09-23T05:22:34Z,CHECKPOST-CHARLIE,CAM-C-CHECKPOST,VEHICLE_ANPR,2,vehicle,car,0.818,PLATE_UNREADABLE,0.0,FLAGGED_FOR_MANUAL_REVIEW,Plate Conf: 61%
10:52:34,2026-09-23T05:22:42Z,CHECKPOST-CHARLIE,CAM-C-CHECKPOST,VEHICLE_ANPR,1,vehicle,car,0.84,J,0.248,FLAGGED_FOR_MANUAL_REVIEW,Plate Conf: 92%
10:52:34,2026-09-23T05:22:42Z,CHECKPOST-CHARLIE,CAM-C-CHECKPOST,VEHICLE_ANPR,2,vehicle,car,0.818,PLATE_UNREADABLE,0.0,FLAGGED_FOR_MANUAL_REVIEW,Plate Conf: 61%
10:52:34,2026-09-23T05:22:42Z,CHECKPOST-CHARLIE,CAM-C-CHECKPOST,VEHICLE_ANPR,17,vehicle,car,0.946,DE,0.463,FLAGGED_FOR_MANUAL_REVIEW,Plate Conf: 84%
10:52:42,2026-09-23T05:22:45Z,CHECKPOST-CHARLIE,CAM-C-CHECKPOST,VEHICLE_ANPR,1,vehicle,car,0.84,J,0.248,FLAGGED_FOR_MANUAL_REVIEW,Plate Conf: 92%
10:52:42,2026-09-23T05:22:45Z,CHECKPOST-CHARLIE,CAM-C-CHECKPOST,VEHICLE_ANPR,2,vehicle,car,0.93,PLATE_UNREADABLE,0.0,FLAGGED_FOR_MANUAL_REVIEW,Plate Conf: 61%
10:52:42,2026-09-23T05:22:45Z,CHECKPOST-CHARLIE,CAM-C-CHECKPOST,VEHICLE_ANPR,17,vehicle,car,0.946,DE,0.463,FLAGGED_FOR_MANUAL_REVIEW,Plate Conf: 84%
10:52:42,2026-09-23T05:22:45Z,CHECKPOST-CHARLIE,CAM-C-CHECKPOST,LOITERING,5,human,person,0.65,-,0.0,WARNING,Stationary 11s within 0.13x height (movement 0.02 heights/s)
10:52:42,2026-09-23T05:22:45Z,CHECKPOST-CHARLIE,CAM-C-CHECKPOST,LOITERING,8,human,person,0.65,-,0.0,WARNING,Stationary 11s within 0.13x height (movement 0.02 heights/s)
10:52:42,2026-09-23T05:22:45Z,CHECKPOST-CHARLIE,CAM-C-CHECKPOST,GROUP_CONVERGENCE,3,human,person,0.6,-,0.0,NOTICE,"3 persons converged within 1.6 body-lengths (tracks [3, 20, 27])"
10:51:50,2026-09-23T05:22:48Z,BOP-SECTOR-B,CAM-B-TRIPWIRE,LOITERING,117,human,person,0.65,-,0.0,WARNING,Stationary 9s within 0.27x height (movement 0.03 heights/s)
10:51:53,2026-09-23T05:22:48Z,BOP-SECTOR-B,CAM-B-TRIPWIRE,LOITERING,113,human,person,0.65,-,0.0,WARNING,Stationary 12s within 0.07x height (movement 0.01 heights/s)
10:51:53,2026-09-23T05:22:48Z,BOP-SECTOR-B,CAM-B-TRIPWIRE,LOITERING,84,human,person,0.65,-,0.0,WARNING,Stationary 17s within 0.20x height (movement 0.02 heights/s)
10:51:54,2026-09-23T05:22:48Z,BOP-SECTOR-B,CAM-B-TRIPWIRE,LOITERING,82,human,person,0.65,-,0.0,WARNING,Stationary 9s within 0.17x height (movement 0.02 heights/s)
10:51:57,2026-09-23T05:22:48Z,BOP-SECTOR-B,CAM-B-TRIPWIRE,GROUP_CONVERGENCE,88,human,person,0.6,-,0.0,NOTICE,"3 persons converged within 1.6 body-lengths (tracks [88, 125, 131])"
10:52:01,2026-09-23T05:22:48Z,BOP-SECTOR-B,CAM-B-TRIPWIRE,LOITERING,132,human,person,0.65,-,0.0,WARNING,Stationary 15s within 0.08x height (movement 0.01 heights/s)
10:52:01,2026-09-23T05:22:48Z,BOP-SECTOR-B,CAM-B-TRIPWIRE,LOITERING,133,human,person,0.65,-,0.0,WARNING,Stationary 15s within 0.17x height (movement 0.01 heights/s)
10:52:23,2026-09-23T05:22:48Z,BOP-SECTOR-B,CAM-B-TRIPWIRE,GROUP_CONVERGENCE,84,human,person,0.6,-,0.0,NOTICE,"3 persons converged within 1.6 body-lengths (tracks [84, 88, 113])"
10:52:45,2026-09-23T05:22:48Z,CHECKPOST-CHARLIE,CAM-C-CHECKPOST,VEHICLE_ANPR,1,vehicle,car,0.885,J,0.248,FLAGGED_FOR_MANUAL_REVIEW,Plate Conf: 92%
10:52:45,2026-09-23T05:22:48Z,CHECKPOST-CHARLIE,CAM-C-CHECKPOST,VEHICLE_ANPR,2,vehicle,car,0.889,PLATE_UNREADABLE,0.0,FLAGGED_FOR_MANUAL_REVIEW,Plate Conf: 61%
10:52:45,2026-09-23T05:22:48Z,CHECKPOST-CHARLIE,CAM-C-CHECKPOST,VEHICLE_ANPR,17,vehicle,car,0.946,DE,0.463,FLAGGED_FOR_MANUAL_REVIEW,Plate Conf: 84%
10:52:48,2026-09-23T05:22:58Z,CHECKPOST-CHARLIE,CAM-C-CHECKPOST,VEHICLE_ANPR,1,vehicle,car,0.885,J,0.248,FLAGGED_FOR_MANUAL_REVIEW,Plate Conf: 92%
10:52:48,2026-09-23T05:22:58Z,CHECKPOST-CHARLIE,CAM-C-CHECKPOST,VEHICLE_ANPR,2,vehicle,car,0.889,PLATE_UNREADABLE,0.0,FLAGGED_FOR_MANUAL_REVIEW,Plate Conf: 61%
10:52:48,2026-09-23T05:22:58Z,CHECKPOST-CHARLIE,CAM-C-CHECKPOST,VEHICLE_ANPR,12,vehicle,car,0.564,PLATE_UNREADABLE,0.0,FLAGGED_FOR_MANUAL_REVIEW,Plate Conf: 76%
10:52:48,2026-09-23T05:22:58Z,CHECKPOST-CHARLIE,CAM-C-CHECKPOST,VEHICLE_ANPR,17,vehicle,car,0.946,Q,0.921,FLAGGED_FOR_MANUAL_REVIEW,Plate Conf: 72%
10:52:48,2026-09-23T05:22:58Z,CHECKPOST-CHARLIE,CAM-C-CHECKPOST,VEHICLE_ANPR,24,vehicle,car,0.888,PLATE_UNREADABLE,0.0,FLAGGED_FOR_MANUAL_REVIEW,Plate Conf: 82%
10:52:48,2026-09-23T05:22:58Z,CHECKPOST-CHARLIE,CAM-C-CHECKPOST,VEHICLE_ANPR,30,vehicle,car,0.792,7,0.755,FLAGGED_FOR_MANUAL_REVIEW,Plate Conf: 79%
10:52:48,2026-09-23T05:22:58Z,CHECKPOST-CHARLIE,CAM-C-CHECKPOST,LOITERING,18,human,person,0.65,-,0.0,WARNING,Stationary 16s within 0.20x height (movement 0.01 heights/s)
10:52:48,2026-09-23T05:22:58Z,CHECKPOST-CHARLIE,CAM-C-CHECKPOST,LOITERING,28,human,person,0.65,-,0.0,WARNING,Stationary 10s within 0.23x height (movement 0.02 heights/s)
10:52:58,2026-09-23T05:23:04Z,CHECKPOST-CHARLIE,CAM-C-CHECKPOST,VEHICLE_ANPR,1,vehicle,car,0.885,J,0.248,FLAGGED_FOR_MANUAL_REVIEW,Plate Conf: 92%
10:52:58,2026-09-23T05:23:04Z,CHECKPOST-CHARLIE,CAM-C-CHECKPOST,VEHICLE_ANPR,2,vehicle,car,0.889,PLATE_UNREADABLE,0.0,FLAGGED_FOR_MANUAL_REVIEW,Plate Conf: 61%
10:52:58,2026-09-23T05:23:04Z,CHECKPOST-CHARLIE,CAM-C-CHECKPOST,VEHICLE_ANPR,12,vehicle,car,0.853,PLATE_UNREADABLE,0.0,FLAGGED_FOR_MANUAL_REVIEW,Plate Conf: 76%
10:52:58,2026-09-23T05:23:04Z,CHECKPOST-CHARLIE,CAM-C-CHECKPOST,VEHICLE_ANPR,17,vehicle,car,0.946,Q,0.921,FLAGGED_FOR_MANUAL_REVIEW,Plate Conf: 72%
10:52:58,2026-09-23T05:23:04Z,CHECKPOST-CHARLIE,CAM-C-CHECKPOST,VEHICLE_ANPR,24,vehicle,car,0.888,PLATE_UNREADABLE,0.0,FLAGGED_FOR_MANUAL_REVIEW,Plate Conf: 82%
10:52:58,2026-09-23T05:23:04Z,CHECKPOST-CHARLIE,CAM-C-CHECKPOST,VEHICLE_ANPR,30,vehicle,car,0.921,7,0.755,FLAGGED_FOR_MANUAL_REVIEW,Plate Conf: 79%
10:52:58,2026-09-23T05:23:04Z,CHECKPOST-CHARLIE,CAM-C-CHECKPOST,LOITERING,27,human,person,0.65,-,0.0,WARNING,Stationary 19s within 0.26x height (movement 0.01 heights/s)
10:53:04,2026-09-23T05:23:13Z,CHECKPOST-CHARLIE,CAM-C-CHECKPOST,VEHICLE_ANPR,1,vehicle,car,0.885,J,0.248,FLAGGED_FOR_MANUAL_REVIEW,Plate Conf: 92%
10:53:04,2026-09-23T05:23:13Z,CHECKPOST-CHARLIE,CAM-C-CHECKPOST,VEHICLE_ANPR,2,vehicle,car,0.889,PLATE_UNREADABLE,0.0,FLAGGED_FOR_MANUAL_REVIEW,Plate Conf: 61%
10:53:04,2026-09-23T05:23:13Z,CHECKPOST-CHARLIE,CAM-C-CHECKPOST,VEHICLE_ANPR,17,vehicle,car,0.946,Q,0.921,FLAGGED_FOR_MANUAL_REVIEW,Plate Conf: 72%
10:53:04,2026-09-23T05:23:13Z,CHECKPOST-CHARLIE,CAM-C-CHECKPOST,VEHICLE_ANPR,24,vehicle,car,0.888,PLATE_UNREADABLE,0.0,FLAGGED_FOR_MANUAL_REVIEW,Plate Conf: 82%
10:53:04,2026-09-23T05:23:13Z,CHECKPOST-CHARLIE,CAM-C-CHECKPOST,VEHICLE_ANPR,30,vehicle,car,0.921,7,0.755,FLAGGED_FOR_MANUAL_REVIEW,Plate Conf: 79%
10:53:04,2026-09-23T05:23:13Z,CHECKPOST-CHARLIE,CAM-C-CHECKPOST,VEHICLE_ANPR,34,vehicle,car,0.932,PLATE_UNREADABLE,0.0,FLAGGED_FOR_MANUAL_REVIEW,Plate Conf: 88%
10:53:04,2026-09-23T05:23:13Z,CHECKPOST-CHARLIE,CAM-C-CHECKPOST,LOITERING,32,human,person,0.65,-,0.0,WARNING,Stationary 15s within 0.32x height (movement 0.02 heights/s)
10:53:04,2026-09-23T05:23:13Z,CHECKPOST-CHARLIE,CAM-C-CHECKPOST,GROUP_CONVERGENCE,3,human,person,0.6,-,0.0,NOTICE,"5 persons converged within 1.6 body-lengths (tracks [3, 4, 13, 27, 32])"
10:53:13,2026-09-23T05:23:20Z,CHECKPOST-CHARLIE,CAM-C-CHECKPOST,VEHICLE_ANPR,1,vehicle,car,0.885,J,0.248,FLAGGED_FOR_MANUAL_REVIEW,Plate Conf: 92%
10:53:13,2026-09-23T05:23:20Z,CHECKPOST-CHARLIE,CAM-C-CHECKPOST,VEHICLE_ANPR,2,vehicle,car,0.889,PLATE_UNREADABLE,0.0,FLAGGED_FOR_MANUAL_REVIEW,Plate Conf: 61%
10:53:13,2026-09-23T05:23:20Z,CHECKPOST-CHARLIE,CAM-C-CHECKPOST,VEHICLE_ANPR,10,vehicle,car,0.856,PLATE_UNREADABLE,0.0,FLAGGED_FOR_MANUAL_REVIEW,Plate Conf: 79%
10:53:13,2026-09-23T05:23:20Z,CHECKPOST-CHARLIE,CAM-C-CHECKPOST,VEHICLE_ANPR,17,vehicle,car,0.946,Q,0.921,FLAGGED_FOR_MANUAL_REVIEW,Plate Conf: 72%
10:53:13,2026-09-23T05:23:20Z,CHECKPOST-CHARLIE,CAM-C-CHECKPOST,VEHICLE_ANPR,30,vehicle,car,0.781,IPBOB355,0.999,VERIFIED,Plate Conf: 83%
10:53:13,2026-09-23T05:23:20Z,CHECKPOST-CHARLIE,CAM-C-CHECKPOST,VEHICLE_ANPR,34,vehicle,car,0.932,TFBOBA3551,0.201,FLAGGED_FOR_MANUAL_REVIEW,Plate Conf: 80%
10:53:13,2026-09-23T05:23:21Z,CHECKPOST-CHARLIE,CAM-C-CHECKPOST,LOITERING,31,human,person,0.65,-,0.0,WARNING,Stationary 22s within 0.05x height (movement 0.00 heights/s)
10:52:49,2026-09-23T05:23:49Z,BOP-SECTOR-B,CAM-B-TRIPWIRE,LOITERING,143,human,person,0.65,-,0.0,WARNING,Stationary 19s within 0.22x height (movement 0.01 heights/s)
10:53:05,2026-09-23T05:23:49Z,BOP-SECTOR-B,CAM-B-TRIPWIRE,INTRUSION_ALERT,113,human,person,0.747,-,0.0,UNKNOWN_INTRUDER,"UNKNOWN PERSON | OUTBOUND (Northbound) at (452, 265) | ID:NONE"
10:53:23,2026-09-23T05:23:49Z,BOP-SECTOR-B,CAM-B-TRIPWIRE,LOITERING,96,human,person,0.65,-,0.0,WARNING,Stationary 16s within 0.02x height (movement 0.00 heights/s)
10:53:26,2026-09-23T05:23:49Z,BOP-SECTOR-B,CAM-B-TRIPWIRE,LOITERING,144,human,person,0.65,-,0.0,WARNING,Stationary 14s within 0.31x height (movement 0.02 heights/s)
10:53:36,2026-09-23T05:23:49Z,BOP-SECTOR-B,CAM-B-TRIPWIRE,LOITERING,148,human,person,0.65,-,0.0,WARNING,Stationary 10s within 0.27x height (movement 0.03 heights/s)
10:53:36,2026-09-23T05:23:49Z,BOP-SECTOR-B,CAM-B-TRIPWIRE,GROUP_CONVERGENCE,142,human,person,0.6,-,0.0,NOTICE,"3 persons converged within 1.6 body-lengths (tracks [142, 148, 149])"
10:53:40,2026-09-23T05:23:49Z,BOP-SECTOR-B,CAM-B-TRIPWIRE,INTRUSION_ALERT,144,human,person,0.81,-,0.0,UNKNOWN_INTRUDER,"UNKNOWN PERSON | OUTBOUND (Northbound) at (479, 279) | ID:NONE"
10:53:20,2026-09-23T05:23:54Z,CHECKPOST-CHARLIE,CAM-C-CHECKPOST,VEHICLE_ANPR,1,vehicle,car,0.885,J,0.248,FLAGGED_FOR_MANUAL_REVIEW,Plate Conf: 92%
10:53:20,2026-09-23T05:23:54Z,CHECKPOST-CHARLIE,CAM-C-CHECKPOST,VEHICLE_ANPR,2,vehicle,car,0.889,PLATE_UNREADABLE,0.0,FLAGGED_FOR_MANUAL_REVIEW,Plate Conf: 61%
10:53:20,2026-09-23T05:23:54Z,CHECKPOST-CHARLIE,CAM-C-CHECKPOST,VEHICLE_ANPR,17,vehicle,car,0.946,Q,0.921,FLAGGED_FOR_MANUAL_REVIEW,Plate Conf: 72%
10:53:20,2026-09-23T05:23:54Z,CHECKPOST-CHARLIE,CAM-C-CHECKPOST,VEHICLE_ANPR,34,vehicle,car,0.932,TFBOBA3551,0.201,FLAGGED_FOR_MANUAL_REVIEW,Plate Conf: 80%
10:53:20,2026-09-23T05:23:54Z,CHECKPOST-CHARLIE,CAM-C-CHECKPOST,VEHICLE_ANPR,36,vehicle,car,0.894,PLATE_UNREADABLE,0.0,FLAGGED_FOR_MANUAL_REVIEW,Plate Conf: 82%
10:53:53,2026-09-23T05:24:05Z,CHECKPOST-CHARLIE,CAM-C-CHECKPOST,VEHICLE_ANPR,1,vehicle,car,0.885,J,0.248,FLAGGED_FOR_MANUAL_REVIEW,Plate Conf: 92%
10:53:53,2026-09-23T05:24:06Z,CHECKPOST-CHARLIE,CAM-C-CHECKPOST,VEHICLE_ANPR,2,vehicle,car,0.889,PLATE_UNREADABLE,0.0,FLAGGED_FOR_MANUAL_REVIEW,Plate Conf: 61%
10:53:53,2026-09-23T05:24:06Z,CHECKPOST-CHARLIE,CAM-C-CHECKPOST,VEHICLE_ANPR,10,vehicle,car,0.875,PLATE_UNREADABLE,0.0,FLAGGED_FOR_MANUAL_REVIEW,Plate Conf: 79%
10:53:53,2026-09-23T05:24:06Z,CHECKPOST-CHARLIE,CAM-C-CHECKPOST,VEHICLE_ANPR,17,vehicle,car,0.946,Q,0.921,FLAGGED_FOR_MANUAL_REVIEW,Plate Conf: 72%
10:53:53,2026-09-23T05:24:06Z,CHECKPOST-CHARLIE,CAM-C-CHECKPOST,VEHICLE_ANPR,30,vehicle,car,0.889,IPBOB355,0.999,VERIFIED,Plate Conf: 83%
10:53:53,2026-09-23T05:24:06Z,CHECKPOST-CHARLIE,CAM-C-CHECKPOST,VEHICLE_ANPR,34,vehicle,car,0.932,7FBOBA355,0.21,FLAGGED_FOR_MANUAL_REVIEW,Plate Conf: 77%
10:53:53,2026-09-23T05:24:06Z,CHECKPOST-CHARLIE,CAM-C-CHECKPOST,VEHICLE_ANPR,36,vehicle,car,0.894,IBOBA355,0.296,FLAGGED_FOR_MANUAL_REVIEW,Plate Conf: 81%
10:53:53,2026-09-23T05:24:06Z,CHECKPOST-CHARLIE,CAM-C-CHECKPOST,LOITERING,35,human,person,0.65,-,0.0,WARNING,Stationary 12s within 0.11x height (movement 0.01 heights/s)
10:53:53,2026-09-23T05:24:06Z,CHECKPOST-CHARLIE,CAM-C-CHECKPOST,LOITERING,31,human,person,0.65,-,0.0,WARNING,Stationary 12s within 0.23x height (movement 0.02 heights/s)
10:54:05,2026-09-23T05:24:17Z,CHECKPOST-CHARLIE,CAM-C-CHECKPOST,VEHICLE_ANPR,1,vehicle,car,0.885,J,0.248,FLAGGED_FOR_MANUAL_REVIEW,Plate Conf: 92%
10:54:05,2026-09-23T05:24:17Z,CHECKPOST-CHARLIE,CAM-C-CHECKPOST,VEHICLE_ANPR,2,vehicle,car,0.889,PLATE_UNREADABLE,0.0,FLAGGED_FOR_MANUAL_REVIEW,Plate Conf: 61%
10:54:05,2026-09-23T05:24:17Z,CHECKPOST-CHARLIE,CAM-C-CHECKPOST,VEHICLE_ANPR,17,vehicle,car,0.946,Q,0.921,FLAGGED_FOR_MANUAL_REVIEW,Plate Conf: 72%
10:54:05,2026-09-23T05:24:17Z,CHECKPOST-CHARLIE,CAM-C-CHECKPOST,VEHICLE_ANPR,34,vehicle,car,0.925,7FBOBA355,0.21,FLAGGED_FOR_MANUAL_REVIEW,Plate Conf: 77%
10:54:05,2026-09-23T05:24:18Z,CHECKPOST-CHARLIE,CAM-C-CHECKPOST,VEHICLE_ANPR,36,vehicle,car,0.894,IBOBA355,0.296,FLAGGED_FOR_MANUAL_REVIEW,Plate Conf: 81%
10:54:05,2026-09-23T05:24:18Z,CHECKPOST-CHARLIE,CAM-C-CHECKPOST,LOITERING,27,human,person,0.65,-,0.0,WARNING,Stationary 11s within 0.33x height (movement 0.02 heights/s)
10:54:17,2026-09-23T05:24:31Z,CHECKPOST-CHARLIE,CAM-C-CHECKPOST,VEHICLE_ANPR,1,vehicle,car,0.885,QB3551,0.593,VERIFIED,Plate Conf: 76%
10:54:17,2026-09-23T05:24:31Z,CHECKPOST-CHARLIE,CAM-C-CHECKPOST,VEHICLE_ANPR,2,vehicle,car,0.889,PLATE_UNREADABLE,0.0,FLAGGED_FOR_MANUAL_REVIEW,Plate Conf: 61%
10:54:17,2026-09-23T05:24:31Z,CHECKPOST-CHARLIE,CAM-C-CHECKPOST,VEHICLE_ANPR,17,vehicle,car,0.946,1BOB3551,0.666,VERIFIED,Plate Conf: 77%
10:54:17,2026-09-23T05:24:31Z,CHECKPOST-CHARLIE,CAM-C-CHECKPOST,VEHICLE_ANPR,24,vehicle,car,0.888,PLATE_UNREADABLE,0.0,FLAGGED_FOR_MANUAL_REVIEW,Plate Conf: 82%
10:54:17,2026-09-23T05:24:31Z,CHECKPOST-CHARLIE,CAM-C-CHECKPOST,VEHICLE_ANPR,30,vehicle,car,0.814,IPBOB355,0.999,VERIFIED,Plate Conf: 83%
10:54:17,2026-09-23T05:24:31Z,CHECKPOST-CHARLIE,CAM-C-CHECKPOST,VEHICLE_ANPR,32,vehicle,car,0.882,PLATE_UNREADABLE,0.0,FLAGGED_FOR_MANUAL_REVIEW,Plate Conf: 85%
10:54:17,2026-09-23T05:24:32Z,CHECKPOST-CHARLIE,CAM-C-CHECKPOST,VEHICLE_ANPR,34,vehicle,car,0.925,FBOB3551,0.696,VERIFIED,Plate Conf: 65%
10:54:17,2026-09-23T05:24:32Z,CHECKPOST-CHARLIE,CAM-C-CHECKPOST,VEHICLE_ANPR,36,vehicle,car,0.894,IBOB3551,0.644,VERIFIED,Plate Conf: 87%
10:54:17,2026-09-23T05:24:32Z,CHECKPOST-CHARLIE,CAM-C-CHECKPOST,VEHICLE_ANPR,40,vehicle,car,0.721,PLATE_UNREADABLE,0.0,FLAGGED_FOR_MANUAL_REVIEW,Plate Conf: 81%
10:54:31,2026-09-23T05:24:39Z,CHECKPOST-CHARLIE,CAM-C-CHECKPOST,VEHICLE_ANPR,1,vehicle,car,0.885,355,0.998,FLAGGED_FOR_MANUAL_REVIEW,Plate Conf: 78%
10:54:31,2026-09-23T05:24:39Z,CHECKPOST-CHARLIE,CAM-C-CHECKPOST,VEHICLE_ANPR,2,vehicle,car,0.889,PLATE_UNREADABLE,0.0,FLAGGED_FOR_MANUAL_REVIEW,Plate Conf: 61%
10:54:31,2026-09-23T05:24:39Z,CHECKPOST-CHARLIE,CAM-C-CHECKPOST,VEHICLE_ANPR,6,vehicle,car,0.83,PLATE_UNREADABLE,0.0,FLAGGED_FOR_MANUAL_REVIEW,Plate Conf: 82%
10:54:31,2026-09-23T05:24:39Z,CHECKPOST-CHARLIE,CAM-C-CHECKPOST,VEHICLE_ANPR,10,vehicle,car,0.875,PLATE_UNREADABLE,0.0,FLAGGED_FOR_MANUAL_REVIEW,Plate Conf: 79%
10:54:31,2026-09-23T05:24:39Z,CHECKPOST-CHARLIE,CAM-C-CHECKPOST,VEHICLE_ANPR,17,vehicle,car,0.946,1BOB3551,0.666,VERIFIED,Plate Conf: 77%
10:54:31,2026-09-23T05:24:39Z,CHECKPOST-CHARLIE,CAM-C-CHECKPOST,VEHICLE_ANPR,30,vehicle,car,0.869,IPBOB355,0.999,VERIFIED,Plate Conf: 83%
10:54:31,2026-09-23T05:24:39Z,CHECKPOST-CHARLIE,CAM-C-CHECKPOST,VEHICLE_ANPR,34,vehicle,car,0.925,FBOB3551,0.696,VERIFIED,Plate Conf: 65%
10:54:31,2026-09-23T05:24:39Z,CHECKPOST-CHARLIE,CAM-C-CHECKPOST,VEHICLE_ANPR,36,vehicle,car,0.894,IBOB3551,0.644,VERIFIED,Plate Conf: 87%
10:54:31,2026-09-23T05:24:39Z,CHECKPOST-CHARLIE,CAM-C-CHECKPOST,LOITERING,8,human,person,0.65,-,0.0,WARNING,Stationary 8s within 0.06x height (movement 0.01 heights/s)
10:53:48,2026-09-23T05:24:48Z,BOP-SECTOR-B,CAM-B-TRIPWIRE,LOITERING,84,human,person,0.65,-,0.0,WARNING,Stationary 9s within 0.08x height (movement 0.01 heights/s)
10:53:54,2026-09-23T05:24:48Z,BOP-SECTOR-B,CAM-B-TRIPWIRE,LOITERING,142,human,person,0.65,-,0.0,WARNING,Stationary 18s within 0.09x height (movement 0.00 heights/s)
10:53:58,2026-09-23T05:24:48Z,BOP-SECTOR-B,CAM-B-TRIPWIRE,LOITERING,96,human,person,0.65,-,0.0,WARNING,Stationary 49s within 0.24x height (movement 0.00 heights/s)
10:54:01,2026-09-23T05:24:48Z,BOP-SECTOR-B,CAM-B-TRIPWIRE,LOITERING,106,human,person,0.65,-,0.0,WARNING,Stationary 11s within 0.31x height (movement 0.03 heights/s)
10:54:03,2026-09-23T05:24:48Z,BOP-SECTOR-B,CAM-B-TRIPWIRE,GROUP_CONVERGENCE,84,human,person,0.6,-,0.0,NOTICE,"3 persons converged within 1.6 body-lengths (tracks [84, 113, 144])"
10:54:08,2026-09-23T05:24:48Z,BOP-SECTOR-B,CAM-B-TRIPWIRE,LOITERING,148,human,person,0.65,-,0.0,WARNING,Stationary 41s within 0.27x height (movement 0.02 heights/s)
10:54:17,2026-09-23T05:24:48Z,BOP-SECTOR-B,CAM-B-TRIPWIRE,LOITERING,84,human,person,0.65,-,0.0,WARNING,Stationary 37s within 0.26x height (movement 0.01 heights/s)
10:54:25,2026-09-23T05:24:48Z,BOP-SECTOR-B,CAM-B-TRIPWIRE,GROUP_CONVERGENCE,113,human,person,0.6,-,0.0,NOTICE,"3 persons converged within 1.6 body-lengths (tracks [113, 144, 148])"
10:54:46,2026-09-23T05:24:48Z,BOP-SECTOR-B,CAM-B-TRIPWIRE,GROUP_CONVERGENCE,113,human,person,0.6,-,0.0,NOTICE,"3 persons converged within 1.6 body-lengths (tracks [113, 148, 155])"
10:54:39,2026-09-23T05:24:54Z,CHECKPOST-CHARLIE,CAM-C-CHECKPOST,VEHICLE_ANPR,1,vehicle,car,0.885,355,0.998,FLAGGED_FOR_MANUAL_REVIEW,Plate Conf: 78%
10:54:39,2026-09-23T05:24:54Z,CHECKPOST-CHARLIE,CAM-C-CHECKPOST,VEHICLE_ANPR,2,vehicle,car,0.889,PLATE_UNREADABLE,0.0,FLAGGED_FOR_MANUAL_REVIEW,Plate Conf: 61%
10:54:39,2026-09-23T05:24:54Z,CHECKPOST-CHARLIE,CAM-C-CHECKPOST,VEHICLE_ANPR,17,vehicle,car,0.946,1BOB3551,0.666,VERIFIED,Plate Conf: 77%
10:54:39,2026-09-23T05:24:54Z,CHECKPOST-CHARLIE,CAM-C-CHECKPOST,VEHICLE_ANPR,24,vehicle,car,0.391,PLATE_UNREADABLE,0.0,FLAGGED_FOR_MANUAL_REVIEW,Plate Conf: 82%
10:54:39,2026-09-23T05:24:54Z,CHECKPOST-CHARLIE,CAM-C-CHECKPOST,VEHICLE_ANPR,30,vehicle,car,0.869,IPBOB355,0.999,VERIFIED,Plate Conf: 83%
10:54:39,2026-09-23T05:24:54Z,CHECKPOST-CHARLIE,CAM-C-CHECKPOST,VEHICLE_ANPR,34,vehicle,car,0.657,FBOB3551,0.696,VERIFIED,Plate Conf: 65%
10:54:39,2026-09-23T05:24:54Z,CHECKPOST-CHARLIE,CAM-C-CHECKPOST,VEHICLE_ANPR,36,vehicle,car,0.894,IBOB3551,0.644,VERIFIED,Plate Conf: 87%
10:54:39,2026-09-23T05:24:54Z,CHECKPOST-CHARLIE,CAM-C-CHECKPOST,LOITERING,16,human,person,0.65,-,0.0,WARNING,Stationary 15s within 0.02x height (movement 0.00 heights/s)
10:54:39,2026-09-23T05:24:55Z,CHECKPOST-CHARLIE,CAM-C-CHECKPOST,LOITERING,26,human,person,0.65,-,0.0,WARNING,Stationary 15s within 0.06x height (movement 0.00 heights/s)
10:54:54,2026-09-23T05:25:16Z,CHECKPOST-CHARLIE,CAM-C-CHECKPOST,VEHICLE_ANPR,1,vehicle,car,0.885,355,0.998,FLAGGED_FOR_MANUAL_REVIEW,Plate Conf: 78%
10:54:54,2026-09-23T05:25:16Z,CHECKPOST-CHARLIE,CAM-C-CHECKPOST,VEHICLE_ANPR,2,vehicle,car,0.853,PLATE_UNREADABLE,0.0,FLAGGED_FOR_MANUAL_REVIEW,Plate Conf: 61%
10:54:54,2026-09-23T05:25:16Z,CHECKPOST-CHARLIE,CAM-C-CHECKPOST,VEHICLE_ANPR,17,vehicle,car,0.946,1BOB3551,0.666,VERIFIED,Plate Conf: 77%
10:54:54,2026-09-23T05:25:16Z,CHECKPOST-CHARLIE,CAM-C-CHECKPOST,VEHICLE_ANPR,24,vehicle,car,0.391,PLATE_UNREADABLE,0.0,FLAGGED_FOR_MANUAL_REVIEW,Plate Conf: 82%
10:54:54,2026-09-23T05:25:16Z,CHECKPOST-CHARLIE,CAM-C-CHECKPOST,VEHICLE_ANPR,30,vehicle,car,0.869,IPBOB355,0.999,VERIFIED,Plate Conf: 83%
10:54:54,2026-09-23T05:25:16Z,CHECKPOST-CHARLIE,CAM-C-CHECKPOST,VEHICLE_ANPR,34,vehicle,car,0.657,FBOB3551,0.696,VERIFIED,Plate Conf: 65%
10:54:54,2026-09-23T05:25:16Z,CHECKPOST-CHARLIE,CAM-C-CHECKPOST,VEHICLE_ANPR,36,vehicle,car,0.908,IBOB3551,0.644,VERIFIED,Plate Conf: 87%
10:54:54,2026-09-23T05:25:16Z,CHECKPOST-CHARLIE,CAM-C-CHECKPOST,GROUP_CONVERGENCE,5,human,person,0.6,-,0.0,NOTICE,"3 persons converged within 1.6 body-lengths (tracks [5, 9, 28])"
10:55:15,2026-09-23T05:25:21Z,CHECKPOST-CHARLIE,CAM-C-CHECKPOST,VEHICLE_ANPR,1,vehicle,car,0.885,355,0.998,FLAGGED_FOR_MANUAL_REVIEW,Plate Conf: 78%
10:55:15,2026-09-23T05:25:21Z,CHECKPOST-CHARLIE,CAM-C-CHECKPOST,VEHICLE_ANPR,2,vehicle,car,0.853,PLATE_UNREADABLE,0.0,FLAGGED_FOR_MANUAL_REVIEW,Plate Conf: 61%
10:55:15,2026-09-23T05:25:21Z,CHECKPOST-CHARLIE,CAM-C-CHECKPOST,VEHICLE_ANPR,17,vehicle,car,0.946,1BOB3551,0.666,VERIFIED,Plate Conf: 77%
10:55:15,2026-09-23T05:25:21Z,CHECKPOST-CHARLIE,CAM-C-CHECKPOST,VEHICLE_ANPR,24,vehicle,car,0.376,PLATE_UNREADABLE,0.0,FLAGGED_FOR_MANUAL_REVIEW,Plate Conf: 82%
10:55:15,2026-09-23T05:25:21Z,CHECKPOST-CHARLIE,CAM-C-CHECKPOST,VEHICLE_ANPR,30,vehicle,car,0.879,IPBOB355,0.999,VERIFIED,Plate Conf: 83%
10:55:15,2026-09-23T05:25:21Z,CHECKPOST-CHARLIE,CAM-C-CHECKPOST,VEHICLE_ANPR,34,vehicle,car,0.657,FBOB3551,0.696,VERIFIED,Plate Conf: 65%
10:55:15,2026-09-23T05:25:21Z,CHECKPOST-CHARLIE,CAM-C-CHECKPOST,VEHICLE_ANPR,36,vehicle,car,0.908,IBOB3551,0.644,VERIFIED,Plate Conf: 87%
10:55:15,2026-09-23T05:25:21Z,CHECKPOST-CHARLIE,CAM-C-CHECKPOST,VEHICLE_ANPR,42,vehicle,car,0.899,PLATE_UNREADABLE,0.0,FLAGGED_FOR_MANUAL_REVIEW,Plate Conf: 69%
10:55:21,2026-09-23T05:25:25Z,CHECKPOST-CHARLIE,CAM-C-CHECKPOST,VEHICLE_ANPR,1,vehicle,car,0.885,355,0.998,FLAGGED_FOR_MANUAL_REVIEW,Plate Conf: 78%
10:55:21,2026-09-23T05:25:25Z,CHECKPOST-CHARLIE,CAM-C-CHECKPOST,VEHICLE_ANPR,17,vehicle,car,0.946,1BOB3551,0.666,VERIFIED,Plate Conf: 77%
10:55:21,2026-09-23T05:25:25Z,CHECKPOST-CHARLIE,CAM-C-CHECKPOST,VEHICLE_ANPR,30,vehicle,car,0.879,IPBOB355,0.999,VERIFIED,Plate Conf: 83%
10:55:21,2026-09-23T05:25:25Z,CHECKPOST-CHARLIE,CAM-C-CHECKPOST,VEHICLE_ANPR,34,vehicle,car,0.929,FBOB3551,0.696,VERIFIED,Plate Conf: 65%
10:55:21,2026-09-23T05:25:25Z,CHECKPOST-CHARLIE,CAM-C-CHECKPOST,VEHICLE_ANPR,36,vehicle,car,0.908,IBOB3551,0.644,VERIFIED,Plate Conf: 87%
10:55:21,2026-09-23T05:25:25Z,CHECKPOST-CHARLIE,CAM-C-CHECKPOST,LOITERING,27,human,person,0.65,-,0.0,WARNING,Stationary 10s within 0.27x height (movement 0.03 heights/s)
10:55:21,2026-09-23T05:25:25Z,CHECKPOST-CHARLIE,CAM-C-CHECKPOST,LOITERING,5,human,person,0.65,-,0.0,WARNING,Stationary 10s within 0.27x height (movement 0.03 heights/s)
10:55:21,2026-09-23T05:25:25Z,CHECKPOST-CHARLIE,CAM-C-CHECKPOST,LOITERING,28,human,person,0.65,-,0.0,WARNING,Stationary 10s within 0.10x height (movement 0.01 heights/s)
10:54:53,2026-09-23T05:25:48Z,BOP-SECTOR-B,CAM-B-TRIPWIRE,LOITERING,158,human,person,0.65,-,0.0,WARNING,Stationary 19s within 0.28x height (movement 0.06 heights/s)
10:55:12,2026-09-23T05:25:48Z,BOP-SECTOR-B,CAM-B-TRIPWIRE,INTRUSION_ALERT,148,human,person,0.828,-,0.0,UNKNOWN_INTRUDER,"UNKNOWN PERSON | OUTBOUND (Northbound) at (471, 274) | ID:NONE"
10:55:12,2026-09-23T05:25:48Z,BOP-SECTOR-B,CAM-B-TRIPWIRE,INTRUSION_ALERT,151,human,person,0.846,-,0.0,UNKNOWN_INTRUDER,"UNKNOWN PERSON | INBOUND (Southbound) at (435, 282) | ID:NONE"
10:55:12,2026-09-23T05:25:48Z,BOP-SECTOR-B,CAM-B-TRIPWIRE,LOITERING,160,human,person,0.65,-,0.0,WARNING,Stationary 11s within 0.06x height (movement 0.01 heights/s)
10:55:31,2026-09-23T05:25:48Z,BOP-SECTOR-B,CAM-B-TRIPWIRE,LOITERING,151,human,person,0.65,-,0.0,WARNING,Stationary 15s within 0.04x height (movement 0.00 heights/s)
10:55:36,2026-09-23T05:25:48Z,BOP-SECTOR-B,CAM-B-TRIPWIRE,LOITERING,160,human,person,0.65,-,0.0,WARNING,Stationary 35s within 0.09x height (movement 0.01 heights/s)
10:55:25,2026-09-23T05:25:49Z,CHECKPOST-CHARLIE,CAM-C-CHECKPOST,VEHICLE_ANPR,1,vehicle,car,0.885,355,0.998,FLAGGED_FOR_MANUAL_REVIEW,Plate Conf: 78%
10:55:25,2026-09-23T05:25:49Z,CHECKPOST-CHARLIE,CAM-C-CHECKPOST,VEHICLE_ANPR,2,vehicle,car,0.853,PLATE_UNREADABLE,0.0,FLAGGED_FOR_MANUAL_REVIEW,Plate Conf: 61%
10:55:25,2026-09-23T05:25:49Z,CHECKPOST-CHARLIE,CAM-C-CHECKPOST,VEHICLE_ANPR,17,vehicle,car,0.946,1BOB3551,0.666,VERIFIED,Plate Conf: 77%
10:55:25,2026-09-23T05:25:49Z,CHECKPOST-CHARLIE,CAM-C-CHECKPOST,VEHICLE_ANPR,30,vehicle,car,0.879,IPBOB355,0.999,VERIFIED,Plate Conf: 83%
10:55:25,2026-09-23T05:25:49Z,CHECKPOST-CHARLIE,CAM-C-CHECKPOST,VEHICLE_ANPR,34,vehicle,car,0.929,FBOB3551,0.696,VERIFIED,Plate Conf: 65%
10:55:25,2026-09-23T05:25:49Z,CHECKPOST-CHARLIE,CAM-C-CHECKPOST,VEHICLE_ANPR,36,vehicle,car,0.896,IBOB3551,0.644,VERIFIED,Plate Conf: 87%
10:55:49,2026-09-23T05:26:06Z,CHECKPOST-CHARLIE,CAM-C-CHECKPOST,VEHICLE_ANPR,1,vehicle,car,0.885,355,0.998,FLAGGED_FOR_MANUAL_REVIEW,Plate Conf: 78%
10:55:49,2026-09-23T05:26:06Z,CHECKPOST-CHARLIE,CAM-C-CHECKPOST,VEHICLE_ANPR,2,vehicle,car,0.853,PLATE_UNREADABLE,0.0,FLAGGED_FOR_MANUAL_REVIEW,Plate Conf: 61%
10:55:49,2026-09-23T05:26:06Z,CHECKPOST-CHARLIE,CAM-C-CHECKPOST,VEHICLE_ANPR,17,vehicle,car,0.912,1BOB3551,0.666,VERIFIED,Plate Conf: 77%
10:55:49,2026-09-23T05:26:06Z,CHECKPOST-CHARLIE,CAM-C-CHECKPOST,VEHICLE_ANPR,30,vehicle,car,0.879,IPBOB355,0.999,VERIFIED,Plate Conf: 83%
10:55:49,2026-09-23T05:26:06Z,CHECKPOST-CHARLIE,CAM-C-CHECKPOST,VEHICLE_ANPR,34,vehicle,car,0.929,FBOB3551,0.696,VERIFIED,Plate Conf: 65%
10:55:49,2026-09-23T05:26:06Z,CHECKPOST-CHARLIE,CAM-C-CHECKPOST,VEHICLE_ANPR,36,vehicle,car,0.896,IBOB3551,0.644,VERIFIED,Plate Conf: 87%
10:55:49,2026-09-23T05:26:07Z,CHECKPOST-CHARLIE,CAM-C-CHECKPOST,LOITERING,4,human,person,0.65,-,0.0,WARNING,Stationary 17s within 0.07x height (movement 0.00 heights/s)
10:55:49,2026-09-23T05:26:07Z,CHECKPOST-CHARLIE,CAM-C-CHECKPOST,LOITERING,31,human,person,0.65,-,0.0,WARNING,Stationary 17s within 0.06x height (movement 0.00 heights/s)
10:55:49,2026-09-23T05:26:07Z,CHECKPOST-CHARLIE,CAM-C-CHECKPOST,LOITERING,28,human,person,0.65,-,0.0,WARNING,Stationary 17s within 0.20x height (movement 0.01 heights/s)
10:55:49,2026-09-23T05:26:07Z,CHECKPOST-CHARLIE,CAM-C-CHECKPOST,LOITERING,3,human,person,0.65,-,0.0,WARNING,Stationary 17s within 0.18x height (movement 0.01 heights/s)
10:55:49,2026-09-23T05:26:07Z,CHECKPOST-CHARLIE,CAM-C-CHECKPOST,LOITERING,9,human,person,0.65,-,0.0,WARNING,Stationary 17s within 0.05x height (movement 0.00 heights/s)
10:56:06,2026-09-23T05:26:23Z,CHECKPOST-CHARLIE,CAM-C-CHECKPOST,VEHICLE_ANPR,1,vehicle,car,0.885,355,0.998,FLAGGED_FOR_MANUAL_REVIEW,Plate Conf: 78%
10:56:06,2026-09-23T05:26:23Z,CHECKPOST-CHARLIE,CAM-C-CHECKPOST,VEHICLE_ANPR,2,vehicle,car,0.853,PLATE_UNREADABLE,0.0,FLAGGED_FOR_MANUAL_REVIEW,Plate Conf: 61%
10:56:06,2026-09-23T05:26:23Z,CHECKPOST-CHARLIE,CAM-C-CHECKPOST,VEHICLE_ANPR,17,vehicle,car,0.755,1BOB3551,0.666,VERIFIED,Plate Conf: 77%
10:56:06,2026-09-23T05:26:23Z,CHECKPOST-CHARLIE,CAM-C-CHECKPOST,VEHICLE_ANPR,30,vehicle,car,0.879,IPBOB355,0.999,VERIFIED,Plate Conf: 83%
10:56:06,2026-09-23T05:26:23Z,CHECKPOST-CHARLIE,CAM-C-CHECKPOST,VEHICLE_ANPR,34,vehicle,car,0.929,FBOB3551,0.696,VERIFIED,Plate Conf: 65%
10:56:06,2026-09-23T05:26:23Z,CHECKPOST-CHARLIE,CAM-C-CHECKPOST,VEHICLE_ANPR,36,vehicle,car,0.896,IBOB3551,0.644,VERIFIED,Plate Conf: 87%
10:56:06,2026-09-23T05:26:23Z,CHECKPOST-CHARLIE,CAM-C-CHECKPOST,VEHICLE_ANPR,42,vehicle,car,0.899,PLATE_UNREADABLE,0.0,FLAGGED_FOR_MANUAL_REVIEW,Plate Conf: 69%
10:56:06,2026-09-23T05:26:23Z,CHECKPOST-CHARLIE,CAM-C-CHECKPOST,LOITERING,13,human,person,0.65,-,0.0,WARNING,Stationary 17s within 0.16x height (movement 0.01 heights/s)
10:56:06,2026-09-23T05:26:23Z,CHECKPOST-CHARLIE,CAM-C-CHECKPOST,LOITERING,45,human,person,0.65,-,0.0,WARNING,Stationary 17s within 0.18x height (movement 0.01 heights/s)
10:56:23,2026-09-23T05:26:35Z,CHECKPOST-CHARLIE,CAM-C-CHECKPOST,VEHICLE_ANPR,2,vehicle,car,0.785,PLATE_UNREADABLE,0.0,FLAGGED_FOR_MANUAL_REVIEW,Plate Conf: 61%
10:56:23,2026-09-23T05:26:35Z,CHECKPOST-CHARLIE,CAM-C-CHECKPOST,VEHICLE_ANPR,17,vehicle,car,0.755,1BOB3551,0.666,VERIFIED,Plate Conf: 77%
10:56:23,2026-09-23T05:26:35Z,CHECKPOST-CHARLIE,CAM-C-CHECKPOST,VEHICLE_ANPR,30,vehicle,car,0.879,IPBOB355,0.999,VERIFIED,Plate Conf: 83%
10:56:23,2026-09-23T05:26:35Z,CHECKPOST-CHARLIE,CAM-C-CHECKPOST,VEHICLE_ANPR,34,vehicle,car,0.929,FBOB3551,0.696,VERIFIED,Plate Conf: 65%
10:56:23,2026-09-23T05:26:36Z,CHECKPOST-CHARLIE,CAM-C-CHECKPOST,VEHICLE_ANPR,36,vehicle,car,0.861,IBOB3551,0.644,VERIFIED,Plate Conf: 87%
10:56:23,2026-09-23T05:26:36Z,CHECKPOST-CHARLIE,CAM-C-CHECKPOST,LOITERING,28,human,person,0.65,-,0.0,WARNING,Stationary 46s within 0.20x height (movement 0.01 heights/s)
10:55:47,2026-09-23T05:26:48Z,BOP-SECTOR-B,CAM-B-TRIPWIRE,GROUP_CONVERGENCE,113,human,person,0.6,-,0.0,NOTICE,"3 persons converged within 1.6 body-lengths (tracks [113, 155, 169])"
10:56:01,2026-09-23T05:26:48Z,BOP-SECTOR-B,CAM-B-TRIPWIRE,LOITERING,156,human,person,0.65,-,0.0,WARNING,Stationary 12s within 0.14x height (movement 0.01 heights/s)
10:56:01,2026-09-23T05:26:48Z,BOP-SECTOR-B,CAM-B-TRIPWIRE,LOITERING,169,human,person,0.65,-,0.0,WARNING,Stationary 15s within 0.15x height (movement 0.03 heights/s)
10:56:05,2026-09-23T05:26:48Z,BOP-SECTOR-B,CAM-B-TRIPWIRE,INTRUSION_ALERT,158,human,person,0.817,-,0.0,UNKNOWN_INTRUDER,"UNKNOWN PERSON | OUTBOUND (Northbound) at (460, 269) | ID:NONE"
10:56:05,2026-09-23T05:26:48Z,BOP-SECTOR-B,CAM-B-TRIPWIRE,LOITERING,160,human,person,0.65,-,0.0,WARNING,Stationary 64s within 0.11x height (movement 0.01 heights/s)
10:56:08,2026-09-23T05:26:48Z,BOP-SECTOR-B,CAM-B-TRIPWIRE,LOITERING,113,human,person,0.65,-,0.0,WARNING,Stationary 22s within 0.17x height (movement 0.01 heights/s)
10:56:08,2026-09-23T05:26:48Z,BOP-SECTOR-B,CAM-B-TRIPWIRE,GROUP_CONVERGENCE,113,human,person,0.6,-,0.0,NOTICE,"3 persons converged within 1.6 body-lengths (tracks [113, 151, 169])"
10:56:31,2026-09-23T05:26:49Z,BOP-SECTOR-B,CAM-B-TRIPWIRE,GROUP_CONVERGENCE,151,human,person,0.6,-,0.0,NOTICE,"3 persons converged within 1.6 body-lengths (tracks [151, 158, 169])"
10:56:42,2026-09-23T05:26:49Z,BOP-SECTOR-B,CAM-B-TRIPWIRE,LOITERING,148,human,person,0.65,-,0.0,WARNING,Stationary 13s within 0.14x height (movement 0.02 heights/s)
10:56:35,2026-09-23T05:26:57Z,CHECKPOST-CHARLIE,CAM-C-CHECKPOST,VEHICLE_ANPR,1,vehicle,car,0.885,355,0.998,FLAGGED_FOR_MANUAL_REVIEW,Plate Conf: 78%
10:56:35,2026-09-23T05:26:57Z,CHECKPOST-CHARLIE,CAM-C-CHECKPOST,VEHICLE_ANPR,2,vehicle,car,0.378,PLATE_UNREADABLE,0.0,FLAGGED_FOR_MANUAL_REVIEW,Plate Conf: 61%
10:56:35,2026-09-23T05:26:57Z,CHECKPOST-CHARLIE,CAM-C-CHECKPOST,VEHICLE_ANPR,17,vehicle,car,0.755,1BOB3551,0.666,VERIFIED,Plate Conf: 77%
10:56:35,2026-09-23T05:26:57Z,CHECKPOST-CHARLIE,CAM-C-CHECKPOST,VEHICLE_ANPR,30,vehicle,car,0.879,IPBOB355,0.999,VERIFIED,Plate Conf: 83%
10:56:35,2026-09-23T05:26:57Z,CHECKPOST-CHARLIE,CAM-C-CHECKPOST,VEHICLE_ANPR,34,vehicle,car,0.929,FBOB3551,0.696,VERIFIED,Plate Conf: 65%
10:56:35,2026-09-23T05:26:57Z,CHECKPOST-CHARLIE,CAM-C-CHECKPOST,VEHICLE_ANPR,36,vehicle,car,0.934,IBOB3551,0.644,VERIFIED,Plate Conf: 87%
10:56:35,2026-09-23T05:26:57Z,CHECKPOST-CHARLIE,CAM-C-CHECKPOST,VEHICLE_ANPR,42,vehicle,car,0.374,PLATE_UNREADABLE,0.0,FLAGGED_FOR_MANUAL_REVIEW,Plate Conf: 69%
10:56:56,2026-09-23T05:27:11Z,CHECKPOST-CHARLIE,CAM-C-CHECKPOST,VEHICLE_ANPR,1,vehicle,car,0.885,355,0.998,FLAGGED_FOR_MANUAL_REVIEW,Plate Conf: 78%
10:56:56,2026-09-23T05:27:11Z,CHECKPOST-CHARLIE,CAM-C-CHECKPOST,VEHICLE_ANPR,2,vehicle,car,0.378,PLATE_UNREADABLE,0.0,FLAGGED_FOR_MANUAL_REVIEW,Plate Conf: 61%
10:56:56,2026-09-23T05:27:11Z,CHECKPOST-CHARLIE,CAM-C-CHECKPOST,VEHICLE_ANPR,11,vehicle,car,0.438,PLATE_UNREADABLE,0.0,FLAGGED_FOR_MANUAL_REVIEW,Plate Conf: 71%
10:56:56,2026-09-23T05:27:11Z,CHECKPOST-CHARLIE,CAM-C-CHECKPOST,VEHICLE_ANPR,17,vehicle,car,0.946,1BOB3551,0.666,VERIFIED,Plate Conf: 77%
10:56:56,2026-09-23T05:27:11Z,CHECKPOST-CHARLIE,CAM-C-CHECKPOST,VEHICLE_ANPR,30,vehicle,car,0.879,IPBOB355,0.999,VERIFIED,Plate Conf: 83%
10:56:56,2026-09-23T05:27:11Z,CHECKPOST-CHARLIE,CAM-C-CHECKPOST,VEHICLE_ANPR,34,vehicle,car,0.929,FBOB3551,0.696,VERIFIED,Plate Conf: 65%
10:56:56,2026-09-23T05:27:11Z,CHECKPOST-CHARLIE,CAM-C-CHECKPOST,VEHICLE_ANPR,36,vehicle,car,0.934,IBOB3551,0.644,VERIFIED,Plate Conf: 87%
10:56:56,2026-09-23T05:27:11Z,CHECKPOST-CHARLIE,CAM-C-CHECKPOST,VEHICLE_ANPR,42,vehicle,car,0.374,PLATE_UNREADABLE,0.0,FLAGGED_FOR_MANUAL_REVIEW,Plate Conf: 69%
10:56:56,2026-09-23T05:27:11Z,CHECKPOST-CHARLIE,CAM-C-CHECKPOST,LOITERING,3,human,person,0.65,-,0.0,WARNING,Stationary 14s within 0.14x height (movement 0.01 heights/s)
10:56:56,2026-09-23T05:27:11Z,CHECKPOST-CHARLIE,CAM-C-CHECKPOST,LOITERING,47,human,person,0.65,-,0.0,WARNING,Stationary 14s within 0.26x height (movement 0.02 heights/s)
10:56:56,2026-09-23T05:27:11Z,CHECKPOST-CHARLIE,CAM-C-CHECKPOST,LOITERING,28,human,person,0.65,-,0.0,WARNING,Stationary 14s within 0.07x height (movement 0.00 heights/s)
10:56:56,2026-09-23T05:27:11Z,CHECKPOST-CHARLIE,CAM-C-CHECKPOST,LOITERING,27,human,person,0.65,-,0.0,WARNING,Stationary 14s within 0.16x height (movement 0.01 heights/s)
10:56:56,2026-09-23T05:27:11Z,CHECKPOST-CHARLIE,CAM-C-CHECKPOST,LOITERING,9,human,person,0.65,-,0.0,WARNING,Stationary 14s within 0.09x height (movement 0.01 heights/s)
10:56:56,2026-09-23T05:27:11Z,CHECKPOST-CHARLIE,CAM-C-CHECKPOST,LOITERING,50,human,person,0.65,-,0.0,WARNING,Stationary 14s within 0.09x height (movement 0.01 heights/s)
10:57:11,2026-09-23T05:27:17Z,CHECKPOST-CHARLIE,CAM-C-CHECKPOST,VEHICLE_ANPR,1,vehicle,car,0.885,355,0.998,FLAGGED_FOR_MANUAL_REVIEW,Plate Conf: 78%
10:57:11,2026-09-23T05:27:17Z,CHECKPOST-CHARLIE,CAM-C-CHECKPOST,VEHICLE_ANPR,2,vehicle,car,0.378,PLATE_UNREADABLE,0.0,FLAGGED_FOR_MANUAL_REVIEW,Plate Conf: 61%
10:57:11,2026-09-23T05:27:17Z,CHECKPOST-CHARLIE,CAM-C-CHECKPOST,VEHICLE_ANPR,11,vehicle,car,0.438,PLATE_UNREADABLE,0.0,FLAGGED_FOR_MANUAL_REVIEW,Plate Conf: 71%
10:57:11,2026-09-23T05:27:17Z,CHECKPOST-CHARLIE,CAM-C-CHECKPOST,VEHICLE_ANPR,17,vehicle,car,0.946,1BOB3551,0.666,VERIFIED,Plate Conf: 77%
10:57:11,2026-09-23T05:27:17Z,CHECKPOST-CHARLIE,CAM-C-CHECKPOST,VEHICLE_ANPR,24,vehicle,car,0.508,PLATE_UNREADABLE,0.0,FLAGGED_FOR_MANUAL_REVIEW,Plate Conf: 82%
10:57:11,2026-09-23T05:27:17Z,CHECKPOST-CHARLIE,CAM-C-CHECKPOST,VEHICLE_ANPR,30,vehicle,car,0.879,IPBOB355,0.999,VERIFIED,Plate Conf: 83%
10:57:11,2026-09-23T05:27:17Z,CHECKPOST-CHARLIE,CAM-C-CHECKPOST,VEHICLE_ANPR,34,vehicle,car,0.797,FBOB3551,0.696,VERIFIED,Plate Conf: 65%
10:57:11,2026-09-23T05:27:17Z,CHECKPOST-CHARLIE,CAM-C-CHECKPOST,VEHICLE_ANPR,36,vehicle,car,0.934,IBOB3551,0.644,VERIFIED,Plate Conf: 87%
10:57:11,2026-09-23T05:27:17Z,CHECKPOST-CHARLIE,CAM-C-CHECKPOST,VEHICLE_ANPR,42,vehicle,car,0.374,PLATE_UNREADABLE,0.0,FLAGGED_FOR_MANUAL_REVIEW,Plate Conf: 69%
10:57:11,2026-09-23T05:27:17Z,CHECKPOST-CHARLIE,CAM-C-CHECKPOST,VEHICLE_ANPR,43,vehicle,car,0.838,PLATE_UNREADABLE,0.0,FLAGGED_FOR_MANUAL_REVIEW,Plate Conf: 77%
10:57:11,2026-09-23T05:27:18Z,CHECKPOST-CHARLIE,CAM-C-CHECKPOST,GROUP_CONVERGENCE,3,human,person,0.6,-,0.0,NOTICE,"6 persons converged within 1.6 body-lengths (tracks [3, 18, 20, 27, 45, 48])"
10:57:17,2026-09-23T05:27:24Z,CHECKPOST-CHARLIE,CAM-C-CHECKPOST,VEHICLE_ANPR,2,vehicle,car,0.378,PLATE_UNREADABLE,0.0,FLAGGED_FOR_MANUAL_REVIEW,Plate Conf: 61%
10:57:17,2026-09-23T05:27:24Z,CHECKPOST-CHARLIE,CAM-C-CHECKPOST,VEHICLE_ANPR,11,vehicle,car,0.438,PLATE_UNREADABLE,0.0,FLAGGED_FOR_MANUAL_REVIEW,Plate Conf: 71%
10:57:17,2026-09-23T05:27:24Z,CHECKPOST-CHARLIE,CAM-C-CHECKPOST,VEHICLE_ANPR,17,vehicle,car,0.946,1BOB3551,0.666,VERIFIED,Plate Conf: 77%
10:57:17,2026-09-23T05:27:24Z,CHECKPOST-CHARLIE,CAM-C-CHECKPOST,VEHICLE_ANPR,24,vehicle,car,0.508,PLATE_UNREADABLE,0.0,FLAGGED_FOR_MANUAL_REVIEW,Plate Conf: 82%
10:57:17,2026-09-23T05:27:24Z,CHECKPOST-CHARLIE,CAM-C-CHECKPOST,VEHICLE_ANPR,30,vehicle,car,0.893,IPBOB355,0.999,VERIFIED,Plate Conf: 83%
10:57:17,2026-09-23T05:27:24Z,CHECKPOST-CHARLIE,CAM-C-CHECKPOST,VEHICLE_ANPR,34,vehicle,car,0.797,FBOB3551,0.696,VERIFIED,Plate Conf: 65%
10:57:17,2026-09-23T05:27:24Z,CHECKPOST-CHARLIE,CAM-C-CHECKPOST,VEHICLE_ANPR,36,vehicle,car,0.934,IBOB3551,0.644,VERIFIED,Plate Conf: 87%
10:57:17,2026-09-23T05:27:24Z,CHECKPOST-CHARLIE,CAM-C-CHECKPOST,VEHICLE_ANPR,42,vehicle,car,0.374,PLATE_UNREADABLE,0.0,FLAGGED_FOR_MANUAL_REVIEW,Plate Conf: 69%
10:57:17,2026-09-23T05:27:24Z,CHECKPOST-CHARLIE,CAM-C-CHECKPOST,VEHICLE_ANPR,43,vehicle,car,0.838,PLATE_UNREADABLE,0.0,FLAGGED_FOR_MANUAL_REVIEW,Plate Conf: 77%
10:57:17,2026-09-23T05:27:24Z,CHECKPOST-CHARLIE,CAM-C-CHECKPOST,VEHICLE_ANPR,44,vehicle,car,0.838,PLATE_UNREADABLE,0.0,FLAGGED_FOR_MANUAL_REVIEW,Plate Conf: 72%
10:57:17,2026-09-23T05:27:24Z,CHECKPOST-CHARLIE,CAM-C-CHECKPOST,LOITERING,45,human,person,0.65,-,0.0,WARNING,Stationary 13s within 0.22x height (movement 0.02 heights/s)
10:57:24,2026-09-23T05:27:29Z,CHECKPOST-CHARLIE,CAM-C-CHECKPOST,VEHICLE_ANPR,2,vehicle,car,0.378,PLATE_UNREADABLE,0.0,FLAGGED_FOR_MANUAL_REVIEW,Plate Conf: 61%
10:57:24,2026-09-23T05:27:29Z,CHECKPOST-CHARLIE,CAM-C-CHECKPOST,VEHICLE_ANPR,11,vehicle,car,0.438,FBDF18,0.467,VERIFIED,Plate Conf: 83%
10:57:24,2026-09-23T05:27:29Z,CHECKPOST-CHARLIE,CAM-C-CHECKPOST,VEHICLE_ANPR,17,vehicle,car,0.946,1BOB3551,0.666,VERIFIED,Plate Conf: 77%
10:57:24,2026-09-23T05:27:29Z,CHECKPOST-CHARLIE,CAM-C-CHECKPOST,VEHICLE_ANPR,24,vehicle,car,0.508,PLATE_UNREADABLE,0.0,FLAGGED_FOR_MANUAL_REVIEW,Plate Conf: 82%
10:57:24,2026-09-23T05:27:29Z,CHECKPOST-CHARLIE,CAM-C-CHECKPOST,VEHICLE_ANPR,30,vehicle,car,0.893,IPBOB355,0.999,VERIFIED,Plate Conf: 83%
10:57:24,2026-09-23T05:27:29Z,CHECKPOST-CHARLIE,CAM-C-CHECKPOST,VEHICLE_ANPR,34,vehicle,car,0.887,FBOB3551,0.696,VERIFIED,Plate Conf: 65%
10:57:24,2026-09-23T05:27:29Z,CHECKPOST-CHARLIE,CAM-C-CHECKPOST,VEHICLE_ANPR,36,vehicle,car,0.934,IBOB3551,0.644,VERIFIED,Plate Conf: 87%
10:57:24,2026-09-23T05:27:29Z,CHECKPOST-CHARLIE,CAM-C-CHECKPOST,VEHICLE_ANPR,42,vehicle,car,0.374,PLATE_UNREADABLE,0.0,FLAGGED_FOR_MANUAL_REVIEW,Plate Conf: 69%
10:57:24,2026-09-23T05:27:29Z,CHECKPOST-CHARLIE,CAM-C-CHECKPOST,VEHICLE_ANPR,44,vehicle,car,0.685,PLATE_UNREADABLE,0.0,FLAGGED_FOR_MANUAL_REVIEW,Plate Conf: 72%
10:57:24,2026-09-23T05:27:29Z,CHECKPOST-CHARLIE,CAM-C-CHECKPOST,LOITERING,51,human,person,0.65,-,0.0,WARNING,Stationary 18s within 0.13x height (movement 0.01 heights/s)
10:57:24,2026-09-23T05:27:29Z,CHECKPOST-CHARLIE,CAM-C-CHECKPOST,LOITERING,18,human,person,0.65,-,0.0,WARNING,Stationary 12s within 0.15x height (movement 0.01 heights/s)
10:57:24,2026-09-23T05:27:29Z,CHECKPOST-CHARLIE,CAM-C-CHECKPOST,LOITERING,5,human,person,0.65,-,0.0,WARNING,Stationary 18s within 0.15x height (movement 0.01 heights/s)
10:57:24,2026-09-23T05:27:29Z,CHECKPOST-CHARLIE,CAM-C-CHECKPOST,LOITERING,41,human,person,0.65,-,0.0,WARNING,Stationary 12s within 0.22x height (movement 0.02 heights/s)
10:57:29,2026-09-23T05:27:35Z,CHECKPOST-CHARLIE,CAM-C-CHECKPOST,VEHICLE_ANPR,2,vehicle,car,0.378,PLATE_UNREADABLE,0.0,FLAGGED_FOR_MANUAL_REVIEW,Plate Conf: 61%
10:57:29,2026-09-23T05:27:35Z,CHECKPOST-CHARLIE,CAM-C-CHECKPOST,VEHICLE_ANPR,11,vehicle,car,0.438,FBDF18,0.467,VERIFIED,Plate Conf: 83%
10:57:29,2026-09-23T05:27:35Z,CHECKPOST-CHARLIE,CAM-C-CHECKPOST,VEHICLE_ANPR,17,vehicle,car,0.946,1BOB3551,0.666,VERIFIED,Plate Conf: 77%
10:57:29,2026-09-23T05:27:35Z,CHECKPOST-CHARLIE,CAM-C-CHECKPOST,VEHICLE_ANPR,24,vehicle,car,0.508,PLATE_UNREADABLE,0.0,FLAGGED_FOR_MANUAL_REVIEW,Plate Conf: 82%
10:57:29,2026-09-23T05:27:35Z,CHECKPOST-CHARLIE,CAM-C-CHECKPOST,VEHICLE_ANPR,30,vehicle,car,0.893,IPBOB355,0.999,VERIFIED,Plate Conf: 83%
10:57:29,2026-09-23T05:27:35Z,CHECKPOST-CHARLIE,CAM-C-CHECKPOST,VEHICLE_ANPR,34,vehicle,car,0.929,FBOB3551,0.696,VERIFIED,Plate Conf: 65%
10:57:29,2026-09-23T05:27:35Z,CHECKPOST-CHARLIE,CAM-C-CHECKPOST,VEHICLE_ANPR,36,vehicle,car,0.934,IBOB3551,0.644,VERIFIED,Plate Conf: 87%
10:57:29,2026-09-23T05:27:35Z,CHECKPOST-CHARLIE,CAM-C-CHECKPOST,VEHICLE_ANPR,42,vehicle,car,0.374,PLATE_UNREADABLE,0.0,FLAGGED_FOR_MANUAL_REVIEW,Plate Conf: 69%
10:57:34,2026-09-23T05:27:41Z,CHECKPOST-CHARLIE,CAM-C-CHECKPOST,VEHICLE_ANPR,2,vehicle,car,0.378,PLATE_UNREADABLE,0.0,FLAGGED_FOR_MANUAL_REVIEW,Plate Conf: 61%
10:57:34,2026-09-23T05:27:41Z,CHECKPOST-CHARLIE,CAM-C-CHECKPOST,VEHICLE_ANPR,11,vehicle,car,0.438,FBDF18,0.467,VERIFIED,Plate Conf: 83%
10:57:34,2026-09-23T05:27:41Z,CHECKPOST-CHARLIE,CAM-C-CHECKPOST,VEHICLE_ANPR,17,vehicle,car,0.946,1BOB3551,0.666,VERIFIED,Plate Conf: 77%
10:57:34,2026-09-23T05:27:41Z,CHECKPOST-CHARLIE,CAM-C-CHECKPOST,VEHICLE_ANPR,24,vehicle,car,0.508,PLATE_UNREADABLE,0.0,FLAGGED_FOR_MANUAL_REVIEW,Plate Conf: 82%
10:57:34,2026-09-23T05:27:41Z,CHECKPOST-CHARLIE,CAM-C-CHECKPOST,VEHICLE_ANPR,30,vehicle,car,0.889,IPBOB355,0.999,VERIFIED,Plate Conf: 83%
10:57:34,2026-09-23T05:27:41Z,CHECKPOST-CHARLIE,CAM-C-CHECKPOST,VEHICLE_ANPR,32,vehicle,car,0.482,PLATE_UNREADABLE,0.0,FLAGGED_FOR_MANUAL_REVIEW,Plate Conf: 85%
10:57:34,2026-09-23T05:27:41Z,CHECKPOST-CHARLIE,CAM-C-CHECKPOST,VEHICLE_ANPR,34,vehicle,car,0.929,FBOB3551,0.696,VERIFIED,Plate Conf: 65%
10:57:34,2026-09-23T05:27:41Z,CHECKPOST-CHARLIE,CAM-C-CHECKPOST,VEHICLE_ANPR,36,vehicle,car,0.934,IBOB3551,0.644,VERIFIED,Plate Conf: 87%
10:57:34,2026-09-23T05:27:41Z,CHECKPOST-CHARLIE,CAM-C-CHECKPOST,VEHICLE_ANPR,38,vehicle,car,0.87,PLATE_UNREADABLE,0.0,FLAGGED_FOR_MANUAL_REVIEW,Plate Conf: 78%
10:57:34,2026-09-23T05:27:41Z,CHECKPOST-CHARLIE,CAM-C-CHECKPOST,VEHICLE_ANPR,42,vehicle,car,0.374,PLATE_UNREADABLE,0.0,FLAGGED_FOR_MANUAL_REVIEW,Plate Conf: 69%
10:57:34,2026-09-23T05:27:41Z,CHECKPOST-CHARLIE,CAM-C-CHECKPOST,VEHICLE_ANPR,44,vehicle,car,0.642,PLATE_UNREADABLE,0.0,FLAGGED_FOR_MANUAL_REVIEW,Plate Conf: 72%
10:57:34,2026-09-23T05:27:41Z,CHECKPOST-CHARLIE,CAM-C-CHECKPOST,LOITERING,8,human,person,0.65,-,0.0,WARNING,Stationary 17s within 0.18x height (movement 0.01 heights/s)
10:57:41,2026-09-23T05:27:47Z,CHECKPOST-CHARLIE,CAM-C-CHECKPOST,VEHICLE_ANPR,2,vehicle,car,0.378,PLATE_UNREADABLE,0.0,FLAGGED_FOR_MANUAL_REVIEW,Plate Conf: 61%
10:57:41,2026-09-23T05:27:47Z,CHECKPOST-CHARLIE,CAM-C-CHECKPOST,VEHICLE_ANPR,11,vehicle,car,0.438,FBDF18,0.467,VERIFIED,Plate Conf: 83%
10:57:41,2026-09-23T05:27:47Z,CHECKPOST-CHARLIE,CAM-C-CHECKPOST,VEHICLE_ANPR,17,vehicle,car,0.946,1BOB3551,0.666,VERIFIED,Plate Conf: 77%
10:57:41,2026-09-23T05:27:47Z,CHECKPOST-CHARLIE,CAM-C-CHECKPOST,VEHICLE_ANPR,24,vehicle,car,0.508,PLATE_UNREADABLE,0.0,FLAGGED_FOR_MANUAL_REVIEW,Plate Conf: 82%
10:57:41,2026-09-23T05:27:47Z,CHECKPOST-CHARLIE,CAM-C-CHECKPOST,VEHICLE_ANPR,30,vehicle,car,0.889,IPBOB355,0.999,VERIFIED,Plate Conf: 83%
10:57:41,2026-09-23T05:27:47Z,CHECKPOST-CHARLIE,CAM-C-CHECKPOST,VEHICLE_ANPR,32,vehicle,car,0.482,PLATE_UNREADABLE,0.0,FLAGGED_FOR_MANUAL_REVIEW,Plate Conf: 85%
10:57:41,2026-09-23T05:27:47Z,CHECKPOST-CHARLIE,CAM-C-CHECKPOST,VEHICLE_ANPR,34,vehicle,car,0.931,FBOB3551,0.696,VERIFIED,Plate Conf: 65%
10:57:41,2026-09-23T05:27:48Z,CHECKPOST-CHARLIE,CAM-C-CHECKPOST,VEHICLE_ANPR,36,vehicle,car,0.934,IBOB3551,0.644,VERIFIED,Plate Conf: 87%
10:57:41,2026-09-23T05:27:48Z,CHECKPOST-CHARLIE,CAM-C-CHECKPOST,VEHICLE_ANPR,42,vehicle,car,0.374,PLATE_UNREADABLE,0.0,FLAGGED_FOR_MANUAL_REVIEW,Plate Conf: 69%
10:57:41,2026-09-23T05:27:48Z,CHECKPOST-CHARLIE,CAM-C-CHECKPOST,VEHICLE_ANPR,43,vehicle,car,0.838,PLATE_UNREADABLE,0.0,FLAGGED_FOR_MANUAL_REVIEW,Plate Conf: 77%
10:57:41,2026-09-23T05:27:48Z,CHECKPOST-CHARLIE,CAM-C-CHECKPOST,VEHICLE_ANPR,44,vehicle,car,0.658,PLATE_UNREADABLE,0.0,FLAGGED_FOR_MANUAL_REVIEW,Plate Conf: 72%
10:57:41,2026-09-23T05:27:48Z,CHECKPOST-CHARLIE,CAM-C-CHECKPOST,LOITERING,4,human,person,0.65,-,0.0,WARNING,Stationary 18s within 0.04x height (movement 0.00 heights/s)
10:56:53,2026-09-23T05:27:50Z,BOP-SECTOR-B,CAM-B-TRIPWIRE,LOITERING,151,human,person,0.65,-,0.0,WARNING,Stationary 22s within 0.24x height (movement 0.01 heights/s)
10:56:53,2026-09-23T05:27:50Z,BOP-SECTOR-B,CAM-B-TRIPWIRE,GROUP_CONVERGENCE,151,human,person,0.6,-,0.0,NOTICE,"3 persons converged within 1.6 body-lengths (tracks [151, 158, 169])"
10:57:15,2026-09-23T05:27:50Z,BOP-SECTOR-B,CAM-B-TRIPWIRE,INTRUSION_ALERT,160,human,person,0.83,-,0.0,UNKNOWN_INTRUDER,"UNKNOWN PERSON | INBOUND (Southbound) at (412, 281) | ID:NONE"
10:57:17,2026-09-23T05:27:50Z,BOP-SECTOR-B,CAM-B-TRIPWIRE,LOITERING,179,human,person,0.65,-,0.0,WARNING,Stationary 14s within 0.07x height (movement 0.00 heights/s)
10:57:17,2026-09-23T05:27:50Z,BOP-SECTOR-B,CAM-B-TRIPWIRE,LOITERING,113,human,person,0.65,-,0.0,WARNING,Stationary 14s within 0.03x height (movement 0.00 heights/s)
10:57:27,2026-09-23T05:27:50Z,BOP-SECTOR-B,CAM-B-TRIPWIRE,LOITERING,180,human,person,0.65,-,0.0,WARNING,Stationary 14s within 0.14x height (movement 0.01 heights/s)
10:57:29,2026-09-23T05:27:50Z,BOP-SECTOR-B,CAM-B-TRIPWIRE,LOITERING,160,human,person,0.65,-,0.0,WARNING,Stationary 16s within 0.20x height (movement 0.05 heights/s)
10:57:38,2026-09-23T05:27:50Z,BOP-SECTOR-B,CAM-B-TRIPWIRE,LOITERING,113,human,person,0.65,-,0.0,WARNING,Stationary 35s within 0.18x height (movement 0.01 heights/s)
10:57:38,2026-09-23T05:27:50Z,BOP-SECTOR-B,CAM-B-TRIPWIRE,GROUP_CONVERGENCE,113,human,person,0.6,-,0.0,NOTICE,"3 persons converged within 1.6 body-lengths (tracks [113, 155, 169])"
10:57:47,2026-09-23T05:28:10Z,CHECKPOST-CHARLIE,CAM-C-CHECKPOST,VEHICLE_ANPR,2,vehicle,car,0.619,PLATE_UNREADABLE,0.0,FLAGGED_FOR_MANUAL_REVIEW,Plate Conf: 61%
10:57:47,2026-09-23T05:28:10Z,CHECKPOST-CHARLIE,CAM-C-CHECKPOST,VEHICLE_ANPR,11,vehicle,car,0.438,FBDF18,0.467,VERIFIED,Plate Conf: 83%
10:57:47,2026-09-23T05:28:10Z,CHECKPOST-CHARLIE,CAM-C-CHECKPOST,VEHICLE_ANPR,13,vehicle,car,0.516,PLATE_UNREADABLE,0.0,FLAGGED_FOR_MANUAL_REVIEW,Plate Conf: 62%
10:57:47,2026-09-23T05:28:10Z,CHECKPOST-CHARLIE,CAM-C-CHECKPOST,VEHICLE_ANPR,17,vehicle,car,0.946,1BOB3551,0.666,VERIFIED,Plate Conf: 77%
10:57:47,2026-09-23T05:28:10Z,CHECKPOST-CHARLIE,CAM-C-CHECKPOST,VEHICLE_ANPR,24,vehicle,car,0.508,PLATE_UNREADABLE,0.0,FLAGGED_FOR_MANUAL_REVIEW,Plate Conf: 82%
10:57:47,2026-09-23T05:28:10Z,CHECKPOST-CHARLIE,CAM-C-CHECKPOST,VEHICLE_ANPR,30,vehicle,car,0.889,IPBOB355,0.999,VERIFIED,Plate Conf: 83%
10:57:47,2026-09-23T05:28:10Z,CHECKPOST-CHARLIE,CAM-C-CHECKPOST,VEHICLE_ANPR,32,vehicle,car,0.482,PLATE_UNREADABLE,0.0,FLAGGED_FOR_MANUAL_REVIEW,Plate Conf: 85%
10:57:47,2026-09-23T05:28:10Z,CHECKPOST-CHARLIE,CAM-C-CHECKPOST,VEHICLE_ANPR,34,vehicle,car,0.931,FBOB3551,0.696,VERIFIED,Plate Conf: 65%
10:57:47,2026-09-23T05:28:10Z,CHECKPOST-CHARLIE,CAM-C-CHECKPOST,VEHICLE_ANPR,36,vehicle,car,0.881,IBOB3551,0.644,VERIFIED,Plate Conf: 87%
10:57:47,2026-09-23T05:28:10Z,CHECKPOST-CHARLIE,CAM-C-CHECKPOST,VEHICLE_ANPR,42,vehicle,car,0.374,PLATE_UNREADABLE,0.0,FLAGGED_FOR_MANUAL_REVIEW,Plate Conf: 69%
10:57:47,2026-09-23T05:28:10Z,CHECKPOST-CHARLIE,CAM-C-CHECKPOST,VEHICLE_ANPR,44,vehicle,car,0.462,PLATE_UNREADABLE,0.0,FLAGGED_FOR_MANUAL_REVIEW,Plate Conf: 72%
10:58:10,2026-09-23T05:28:17Z,CHECKPOST-CHARLIE,CAM-C-CHECKPOST,VEHICLE_ANPR,2,vehicle,car,0.619,PLATE_UNREADABLE,0.0,FLAGGED_FOR_MANUAL_REVIEW,Plate Conf: 61%
10:58:10,2026-09-23T05:28:17Z,CHECKPOST-CHARLIE,CAM-C-CHECKPOST,VEHICLE_ANPR,17,vehicle,car,0.946,1BOB3551,0.666,VERIFIED,Plate Conf: 77%
10:58:10,2026-09-23T05:28:17Z,CHECKPOST-CHARLIE,CAM-C-CHECKPOST,VEHICLE_ANPR,24,vehicle,car,0.508,PLATE_UNREADABLE,0.0,FLAGGED_FOR_MANUAL_REVIEW,Plate Conf: 82%
10:58:10,2026-09-23T05:28:17Z,CHECKPOST-CHARLIE,CAM-C-CHECKPOST,VEHICLE_ANPR,30,vehicle,car,0.648,IPBOB355,0.999,VERIFIED,Plate Conf: 83%
10:58:10,2026-09-23T05:28:18Z,CHECKPOST-CHARLIE,CAM-C-CHECKPOST,VEHICLE_ANPR,32,vehicle,car,0.713,PLATE_UNREADABLE,0.0,FLAGGED_FOR_MANUAL_REVIEW,Plate Conf: 85%
10:58:10,2026-09-23T05:28:18Z,CHECKPOST-CHARLIE,CAM-C-CHECKPOST,VEHICLE_ANPR,34,vehicle,car,0.931,FBOB3551,0.696,VERIFIED,Plate Conf: 65%
10:58:10,2026-09-23T05:28:18Z,CHECKPOST-CHARLIE,CAM-C-CHECKPOST,VEHICLE_ANPR,36,vehicle,car,0.881,IBOB3551,0.644,VERIFIED,Plate Conf: 87%
10:58:10,2026-09-23T05:28:18Z,CHECKPOST-CHARLIE,CAM-C-CHECKPOST,VEHICLE_ANPR,37,vehicle,car,0.882,PLATE_UNREADABLE,0.0,FLAGGED_FOR_MANUAL_REVIEW,Plate Conf: 80%
10:58:10,2026-09-23T05:28:18Z,CHECKPOST-CHARLIE,CAM-C-CHECKPOST,VEHICLE_ANPR,38,vehicle,car,0.87,PLATE_UNREADABLE,0.0,FLAGGED_FOR_MANUAL_REVIEW,Plate Conf: 78%
10:58:10,2026-09-23T05:28:18Z,CHECKPOST-CHARLIE,CAM-C-CHECKPOST,VEHICLE_ANPR,42,vehicle,car,0.374,PLATE_UNREADABLE,0.0,FLAGGED_FOR_MANUAL_REVIEW,Plate Conf: 69%
10:58:10,2026-09-23T05:28:18Z,CHECKPOST-CHARLIE,CAM-C-CHECKPOST,VEHICLE_ANPR,43,vehicle,car,0.838,PLATE_UNREADABLE,0.0,FLAGGED_FOR_MANUAL_REVIEW,Plate Conf: 77%
10:58:10,2026-09-23T05:28:18Z,CHECKPOST-CHARLIE,CAM-C-CHECKPOST,VEHICLE_ANPR,44,vehicle,car,0.462,PLATE_UNREADABLE,0.0,FLAGGED_FOR_MANUAL_REVIEW,Plate Conf: 72%
10:58:17,2026-09-23T05:28:25Z,CHECKPOST-CHARLIE,CAM-C-CHECKPOST,VEHICLE_ANPR,2,vehicle,car,0.619,PLATE_UNREADABLE,0.0,FLAGGED_FOR_MANUAL_REVIEW,Plate Conf: 61%
10:58:17,2026-09-23T05:28:25Z,CHECKPOST-CHARLIE,CAM-C-CHECKPOST,VEHICLE_ANPR,7,vehicle,car,0.824,PLATE_UNREADABLE,0.0,FLAGGED_FOR_MANUAL_REVIEW,Plate Conf: 84%
10:58:17,2026-09-23T05:28:25Z,CHECKPOST-CHARLIE,CAM-C-CHECKPOST,VEHICLE_ANPR,11,vehicle,car,0.438,FBDF18,0.467,VERIFIED,Plate Conf: 83%
10:58:17,2026-09-23T05:28:25Z,CHECKPOST-CHARLIE,CAM-C-CHECKPOST,VEHICLE_ANPR,17,vehicle,car,0.946,1BOB3551,0.666,VERIFIED,Plate Conf: 77%
10:58:17,2026-09-23T05:28:25Z,CHECKPOST-CHARLIE,CAM-C-CHECKPOST,VEHICLE_ANPR,24,vehicle,car,0.508,PLATE_UNREADABLE,0.0,FLAGGED_FOR_MANUAL_REVIEW,Plate Conf: 82%
10:58:17,2026-09-23T05:28:25Z,CHECKPOST-CHARLIE,CAM-C-CHECKPOST,VEHICLE_ANPR,30,vehicle,car,0.863,IPBOB355,0.999,VERIFIED,Plate Conf: 83%
10:58:17,2026-09-23T05:28:25Z,CHECKPOST-CHARLIE,CAM-C-CHECKPOST,VEHICLE_ANPR,34,vehicle,car,0.931,FBOB3551,0.696,VERIFIED,Plate Conf: 65%
10:58:17,2026-09-23T05:28:25Z,CHECKPOST-CHARLIE,CAM-C-CHECKPOST,VEHICLE_ANPR,36,vehicle,car,0.881,BOB355,0.992,VERIFIED,Plate Conf: 75%
10:58:17,2026-09-23T05:28:25Z,CHECKPOST-CHARLIE,CAM-C-CHECKPOST,VEHICLE_ANPR,37,vehicle,car,0.511,PLATE_UNREADABLE,0.0,FLAGGED_FOR_MANUAL_REVIEW,Plate Conf: 80%
10:58:17,2026-09-23T05:28:25Z,CHECKPOST-CHARLIE,CAM-C-CHECKPOST,VEHICLE_ANPR,38,vehicle,car,0.87,PLATE_UNREADABLE,0.0,FLAGGED_FOR_MANUAL_REVIEW,Plate Conf: 78%
10:58:17,2026-09-23T05:28:25Z,CHECKPOST-CHARLIE,CAM-C-CHECKPOST,VEHICLE_ANPR,42,vehicle,car,0.374,PLATE_UNREADABLE,0.0,FLAGGED_FOR_MANUAL_REVIEW,Plate Conf: 69%
10:58:17,2026-09-23T05:28:25Z,CHECKPOST-CHARLIE,CAM-C-CHECKPOST,VEHICLE_ANPR,44,vehicle,car,0.462,PLATE_UNREADABLE,0.0,FLAGGED_FOR_MANUAL_REVIEW,Plate Conf: 72%
10:58:17,2026-09-23T05:28:25Z,CHECKPOST-CHARLIE,CAM-C-CHECKPOST,LOITERING,48,human,person,0.65,-,0.0,WARNING,Stationary 15s within 0.14x height (movement 0.01 heights/s)
10:58:25,2026-09-23T05:28:30Z,CHECKPOST-CHARLIE,CAM-C-CHECKPOST,VEHICLE_ANPR,2,vehicle,car,0.619,PLATE_UNREADABLE,0.0,FLAGGED_FOR_MANUAL_REVIEW,Plate Conf: 61%
10:58:25,2026-09-23T05:28:30Z,CHECKPOST-CHARLIE,CAM-C-CHECKPOST,VEHICLE_ANPR,11,vehicle,car,0.438,FBDF18,0.467,VERIFIED,Plate Conf: 83%
10:58:25,2026-09-23T05:28:30Z,CHECKPOST-CHARLIE,CAM-C-CHECKPOST,VEHICLE_ANPR,17,vehicle,car,0.946,1BOB3551,0.666,VERIFIED,Plate Conf: 77%
10:58:25,2026-09-23T05:28:30Z,CHECKPOST-CHARLIE,CAM-C-CHECKPOST,VEHICLE_ANPR,24,vehicle,car,0.508,PLATE_UNREADABLE,0.0,FLAGGED_FOR_MANUAL_REVIEW,Plate Conf: 82%
10:58:25,2026-09-23T05:28:30Z,CHECKPOST-CHARLIE,CAM-C-CHECKPOST,VEHICLE_ANPR,30,vehicle,car,0.863,IPBOB355,0.999,VERIFIED,Plate Conf: 83%
10:58:25,2026-09-23T05:28:30Z,CHECKPOST-CHARLIE,CAM-C-CHECKPOST,VEHICLE_ANPR,32,vehicle,car,0.713,PLATE_UNREADABLE,0.0,FLAGGED_FOR_MANUAL_REVIEW,Plate Conf: 85%
10:58:25,2026-09-23T05:28:30Z,CHECKPOST-CHARLIE,CAM-C-CHECKPOST,VEHICLE_ANPR,34,vehicle,car,0.88,FBOB3551,0.696,VERIFIED,Plate Conf: 65%
10:58:25,2026-09-23T05:28:30Z,CHECKPOST-CHARLIE,CAM-C-CHECKPOST,VEHICLE_ANPR,36,vehicle,car,0.881,BOB355,0.992,VERIFIED,Plate Conf: 75%
10:58:25,2026-09-23T05:28:30Z,CHECKPOST-CHARLIE,CAM-C-CHECKPOST,VEHICLE_ANPR,37,vehicle,car,0.511,PLATE_UNREADABLE,0.0,FLAGGED_FOR_MANUAL_REVIEW,Plate Conf: 80%
10:58:25,2026-09-23T05:28:30Z,CHECKPOST-CHARLIE,CAM-C-CHECKPOST,VEHICLE_ANPR,42,vehicle,car,0.374,PLATE_UNREADABLE,0.0,FLAGGED_FOR_MANUAL_REVIEW,Plate Conf: 69%
10:58:25,2026-09-23T05:28:30Z,CHECKPOST-CHARLIE,CAM-C-CHECKPOST,VEHICLE_ANPR,44,vehicle,car,0.728,PLATE_UNREADABLE,0.0,FLAGGED_FOR_MANUAL_REVIEW,Plate Conf: 72%
10:58:25,2026-09-23T05:28:30Z,CHECKPOST-CHARLIE,CAM-C-CHECKPOST,LOITERING,50,human,person,0.65,-,0.0,WARNING,Stationary 20s within 0.11x height (movement 0.01 heights/s)
10:58:25,2026-09-23T05:28:30Z,CHECKPOST-CHARLIE,CAM-C-CHECKPOST,LOITERING,31,human,person,0.65,-,0.0,WARNING,Stationary 20s within 0.26x height (movement 0.01 heights/s)
10:58:25,2026-09-23T05:28:30Z,CHECKPOST-CHARLIE,CAM-C-CHECKPOST,GROUP_CONVERGENCE,9,human,person,0.6,-,0.0,NOTICE,"4 persons converged within 1.6 body-lengths (tracks [9, 31, 39, 50])"
10:58:30,2026-09-23T05:28:35Z,CHECKPOST-CHARLIE,CAM-C-CHECKPOST,VEHICLE_ANPR,2,vehicle,car,0.831,PLATE_UNREADABLE,0.0,FLAGGED_FOR_MANUAL_REVIEW,Plate Conf: 61%
10:58:30,2026-09-23T05:28:36Z,CHECKPOST-CHARLIE,CAM-C-CHECKPOST,VEHICLE_ANPR,11,vehicle,car,0.438,FBDF18,0.467,VERIFIED,Plate Conf: 83%
10:58:30,2026-09-23T05:28:36Z,CHECKPOST-CHARLIE,CAM-C-CHECKPOST,VEHICLE_ANPR,13,vehicle,car,0.516,PLATE_UNREADABLE,0.0,FLAGGED_FOR_MANUAL_REVIEW,Plate Conf: 62%
10:58:30,2026-09-23T05:28:36Z,CHECKPOST-CHARLIE,CAM-C-CHECKPOST,VEHICLE_ANPR,17,vehicle,car,0.946,1BOB3551,0.666,VERIFIED,Plate Conf: 77%
10:58:30,2026-09-23T05:28:36Z,CHECKPOST-CHARLIE,CAM-C-CHECKPOST,VEHICLE_ANPR,24,vehicle,car,0.508,PLATE_UNREADABLE,0.0,FLAGGED_FOR_MANUAL_REVIEW,Plate Conf: 82%
10:58:30,2026-09-23T05:28:36Z,CHECKPOST-CHARLIE,CAM-C-CHECKPOST,VEHICLE_ANPR,30,vehicle,car,0.863,IPBOB355,0.999,VERIFIED,Plate Conf: 83%
10:58:30,2026-09-23T05:28:36Z,CHECKPOST-CHARLIE,CAM-C-CHECKPOST,VEHICLE_ANPR,34,vehicle,car,0.88,FBOB3551,0.696,VERIFIED,Plate Conf: 65%
10:58:30,2026-09-23T05:28:36Z,CHECKPOST-CHARLIE,CAM-C-CHECKPOST,VEHICLE_ANPR,36,vehicle,car,0.924,BOB355,0.992,VERIFIED,Plate Conf: 75%
10:58:30,2026-09-23T05:28:36Z,CHECKPOST-CHARLIE,CAM-C-CHECKPOST,VEHICLE_ANPR,42,vehicle,car,0.374,PLATE_UNREADABLE,0.0,FLAGGED_FOR_MANUAL_REVIEW,Plate Conf: 69%
10:58:30,2026-09-23T05:28:36Z,CHECKPOST-CHARLIE,CAM-C-CHECKPOST,VEHICLE_ANPR,43,vehicle,car,0.362,PLATE_UNREADABLE,0.0,FLAGGED_FOR_MANUAL_REVIEW,Plate Conf: 77%
10:58:30,2026-09-23T05:28:36Z,CHECKPOST-CHARLIE,CAM-C-CHECKPOST,VEHICLE_ANPR,44,vehicle,car,0.753,PLATE_UNREADABLE,0.0,FLAGGED_FOR_MANUAL_REVIEW,Plate Conf: 72%
10:58:35,2026-09-23T05:28:41Z,CHECKPOST-CHARLIE,CAM-C-CHECKPOST,VEHICLE_ANPR,11,vehicle,car,0.438,FBDF18,0.467,VERIFIED,Plate Conf: 83%
10:58:35,2026-09-23T05:28:41Z,CHECKPOST-CHARLIE,CAM-C-CHECKPOST,VEHICLE_ANPR,17,vehicle,car,0.946,1BOB3551,0.666,VERIFIED,Plate Conf: 77%
10:58:35,2026-09-23T05:28:41Z,CHECKPOST-CHARLIE,CAM-C-CHECKPOST,VEHICLE_ANPR,24,vehicle,car,0.508,PLATE_UNREADABLE,0.0,FLAGGED_FOR_MANUAL_REVIEW,Plate Conf: 82%
10:58:35,2026-09-23T05:28:42Z,CHECKPOST-CHARLIE,CAM-C-CHECKPOST,VEHICLE_ANPR,30,vehicle,car,0.863,IPBOB355,0.999,VERIFIED,Plate Conf: 83%
10:58:35,2026-09-23T05:28:42Z,CHECKPOST-CHARLIE,CAM-C-CHECKPOST,VEHICLE_ANPR,32,vehicle,car,0.713,PLATE_UNREADABLE,0.0,FLAGGED_FOR_MANUAL_REVIEW,Plate Conf: 85%
10:58:35,2026-09-23T05:28:42Z,CHECKPOST-CHARLIE,CAM-C-CHECKPOST,VEHICLE_ANPR,34,vehicle,car,0.928,FBOB3551,0.696,VERIFIED,Plate Conf: 65%
10:58:35,2026-09-23T05:28:42Z,CHECKPOST-CHARLIE,CAM-C-CHECKPOST,VEHICLE_ANPR,36,vehicle,car,0.924,BOB355,0.992,VERIFIED,Plate Conf: 75%
10:58:35,2026-09-23T05:28:42Z,CHECKPOST-CHARLIE,CAM-C-CHECKPOST,VEHICLE_ANPR,42,vehicle,car,0.374,PLATE_UNREADABLE,0.0,FLAGGED_FOR_MANUAL_REVIEW,Plate Conf: 69%
10:58:35,2026-09-23T05:28:42Z,CHECKPOST-CHARLIE,CAM-C-CHECKPOST,VEHICLE_ANPR,43,vehicle,car,0.362,PLATE_UNREADABLE,0.0,FLAGGED_FOR_MANUAL_REVIEW,Plate Conf: 77%
10:58:35,2026-09-23T05:28:42Z,CHECKPOST-CHARLIE,CAM-C-CHECKPOST,VEHICLE_ANPR,44,vehicle,car,0.602,PLATE_UNREADABLE,0.0,FLAGGED_FOR_MANUAL_REVIEW,Plate Conf: 72%
10:58:35,2026-09-23T05:28:42Z,CHECKPOST-CHARLIE,CAM-C-CHECKPOST,LOITERING,52,human,person,0.65,-,0.0,WARNING,Stationary 12s within 0.06x height (movement 0.01 heights/s)
10:58:35,2026-09-23T05:28:42Z,CHECKPOST-CHARLIE,CAM-C-CHECKPOST,LOITERING,45,human,person,0.65,-,0.0,WARNING,Stationary 12s within 0.05x height (movement 0.00 heights/s)
10:58:35,2026-09-23T05:28:42Z,CHECKPOST-CHARLIE,CAM-C-CHECKPOST,LOITERING,51,human,person,0.65,-,0.0,WARNING,Stationary 12s within 0.09x height (movement 0.01 heights/s)
10:58:35,2026-09-23T05:28:42Z,CHECKPOST-CHARLIE,CAM-C-CHECKPOST,LOITERING,9,human,person,0.65,-,0.0,WARNING,Stationary 12s within 0.06x height (movement 0.01 heights/s)
10:58:35,2026-09-23T05:28:42Z,CHECKPOST-CHARLIE,CAM-C-CHECKPOST,LOITERING,39,human,person,0.65,-,0.0,WARNING,Stationary 12s within 0.08x height (movement 0.01 heights/s)
10:58:05,2026-09-23T05:28:48Z,BOP-SECTOR-B,CAM-B-TRIPWIRE,INTRUSION_ALERT,169,human,person,0.833,-,0.0,UNKNOWN_INTRUDER,"UNKNOWN PERSON | OUTBOUND (Northbound) at (457, 269) | ID:NONE"
10:58:05,2026-09-23T05:28:48Z,BOP-SECTOR-B,CAM-B-TRIPWIRE,GROUP_CONVERGENCE,160,human,person,0.6,-,0.0,NOTICE,"3 persons converged within 1.6 body-lengths (tracks [160, 169, 183])"
10:58:17,2026-09-23T05:28:48Z,BOP-SECTOR-B,CAM-B-TRIPWIRE,LOITERING,183,human,person,0.65,-,0.0,WARNING,Stationary 10s within 0.10x height (movement 0.01 heights/s)
10:58:20,2026-09-23T05:28:48Z,BOP-SECTOR-B,CAM-B-TRIPWIRE,LOITERING,169,human,person,0.65,-,0.0,WARNING,Stationary 13s within 0.30x height (movement 0.05 heights/s)
10:58:26,2026-09-23T05:28:48Z,BOP-SECTOR-B,CAM-B-TRIPWIRE,LOITERING,160,human,person,0.65,-,0.0,WARNING,Stationary 19s within 0.27x height (movement 0.02 heights/s)
10:58:34,2026-09-23T05:28:48Z,BOP-SECTOR-B,CAM-B-TRIPWIRE,INTRUSION_ALERT,185,human,person,0.857,-,0.0,UNKNOWN_INTRUDER,"UNKNOWN PERSON | OUTBOUND (Northbound) at (464, 270) | ID:NONE"
10:58:41,2026-09-23T05:28:51Z,CHECKPOST-CHARLIE,CAM-C-CHECKPOST,VEHICLE_ANPR,2,vehicle,car,0.88,PLATE_UNREADABLE,0.0,FLAGGED_FOR_MANUAL_REVIEW,Plate Conf: 61%
10:58:41,2026-09-23T05:28:51Z,CHECKPOST-CHARLIE,CAM-C-CHECKPOST,VEHICLE_ANPR,11,vehicle,car,0.438,FBDF18,0.467,VERIFIED,Plate Conf: 83%
10:58:41,2026-09-23T05:28:51Z,CHECKPOST-CHARLIE,CAM-C-CHECKPOST,VEHICLE_ANPR,13,vehicle,car,0.516,PLATE_UNREADABLE,0.0,FLAGGED_FOR_MANUAL_REVIEW,Plate Conf: 62%
10:58:41,2026-09-23T05:28:51Z,CHECKPOST-CHARLIE,CAM-C-CHECKPOST,VEHICLE_ANPR,17,vehicle,car,0.946,1BOB3551,0.666,VERIFIED,Plate Conf: 77%
10:58:41,2026-09-23T05:28:51Z,CHECKPOST-CHARLIE,CAM-C-CHECKPOST,VEHICLE_ANPR,24,vehicle,car,0.508,PLATE_UNREADABLE,0.0,FLAGGED_FOR_MANUAL_REVIEW,Plate Conf: 82%
10:58:41,2026-09-23T05:28:52Z,CHECKPOST-CHARLIE,CAM-C-CHECKPOST,VEHICLE_ANPR,30,vehicle,car,0.863,IPBOB355,0.999,VERIFIED,Plate Conf: 83%
10:58:41,2026-09-23T05:28:52Z,CHECKPOST-CHARLIE,CAM-C-CHECKPOST,VEHICLE_ANPR,32,vehicle,car,0.713,PLATE_UNREADABLE,0.0,FLAGGED_FOR_MANUAL_REVIEW,Plate Conf: 85%
10:58:41,2026-09-23T05:28:52Z,CHECKPOST-CHARLIE,CAM-C-CHECKPOST,VEHICLE_ANPR,34,vehicle,car,0.928,FBOB3551,0.696,VERIFIED,Plate Conf: 65%
10:58:41,2026-09-23T05:28:52Z,CHECKPOST-CHARLIE,CAM-C-CHECKPOST,VEHICLE_ANPR,36,vehicle,car,0.924,BOB355,0.992,VERIFIED,Plate Conf: 75%
10:58:41,2026-09-23T05:28:52Z,CHECKPOST-CHARLIE,CAM-C-CHECKPOST,VEHICLE_ANPR,42,vehicle,car,0.374,PLATE_UNREADABLE,0.0,FLAGGED_FOR_MANUAL_REVIEW,Plate Conf: 69%
10:58:41,2026-09-23T05:28:52Z,CHECKPOST-CHARLIE,CAM-C-CHECKPOST,VEHICLE_ANPR,43,vehicle,car,0.362,PLATE_UNREADABLE,0.0,FLAGGED_FOR_MANUAL_REVIEW,Plate Conf: 77%
10:58:41,2026-09-23T05:28:52Z,CHECKPOST-CHARLIE,CAM-C-CHECKPOST,VEHICLE_ANPR,44,vehicle,car,0.625,PLATE_UNREADABLE,0.0,FLAGGED_FOR_MANUAL_REVIEW,Plate Conf: 72%
10:58:41,2026-09-23T05:28:52Z,CHECKPOST-CHARLIE,CAM-C-CHECKPOST,VEHICLE_ANPR,59,vehicle,car,0.828,PLATE_UNREADABLE,0.0,FLAGGED_FOR_MANUAL_REVIEW,Plate Conf: 77%
10:58:41,2026-09-23T05:28:52Z,CHECKPOST-CHARLIE,CAM-C-CHECKPOST,LOITERING,28,human,person,0.65,-,0.0,WARNING,Stationary 10s within 0.20x height (movement 0.02 heights/s)
10:58:41,2026-09-23T05:28:52Z,CHECKPOST-CHARLIE,CAM-C-CHECKPOST,LOITERING,50,human,person,0.65,-,0.0,WARNING,Stationary 42s within 0.25x height (movement 0.01 heights/s)
10:58:41,2026-09-23T05:28:52Z,CHECKPOST-CHARLIE,CAM-C-CHECKPOST,LOITERING,5,human,person,0.65,-,0.0,WARNING,Stationary 16s within 0.11x height (movement 0.01 heights/s)
10:58:51,2026-09-23T05:29:01Z,CHECKPOST-CHARLIE,CAM-C-CHECKPOST,VEHICLE_ANPR,2,vehicle,car,0.88,PLATE_UNREADABLE,0.0,FLAGGED_FOR_MANUAL_REVIEW,Plate Conf: 61%
10:58:51,2026-09-23T05:29:01Z,CHECKPOST-CHARLIE,CAM-C-CHECKPOST,VEHICLE_ANPR,13,vehicle,car,0.516,PLATE_UNREADABLE,0.0,FLAGGED_FOR_MANUAL_REVIEW,Plate Conf: 62%
10:58:51,2026-09-23T05:29:01Z,CHECKPOST-CHARLIE,CAM-C-CHECKPOST,VEHICLE_ANPR,17,vehicle,car,0.946,1BOB3551,0.666,VERIFIED,Plate Conf: 77%
10:58:51,2026-09-23T05:29:01Z,CHECKPOST-CHARLIE,CAM-C-CHECKPOST,VEHICLE_ANPR,24,vehicle,car,0.508,PLATE_UNREADABLE,0.0,FLAGGED_FOR_MANUAL_REVIEW,Plate Conf: 82%
10:58:51,2026-09-23T05:29:01Z,CHECKPOST-CHARLIE,CAM-C-CHECKPOST,VEHICLE_ANPR,30,vehicle,car,0.863,IPBOB355,0.999,VERIFIED,Plate Conf: 83%
10:58:51,2026-09-23T05:29:01Z,CHECKPOST-CHARLIE,CAM-C-CHECKPOST,VEHICLE_ANPR,34,vehicle,car,0.928,FBOB3551,0.696,VERIFIED,Plate Conf: 65%
10:58:51,2026-09-23T05:29:01Z,CHECKPOST-CHARLIE,CAM-C-CHECKPOST,VEHICLE_ANPR,36,vehicle,car,0.894,BOB355,0.992,VERIFIED,Plate Conf: 75%
10:58:51,2026-09-23T05:29:01Z,CHECKPOST-CHARLIE,CAM-C-CHECKPOST,VEHICLE_ANPR,42,vehicle,car,0.374,PLATE_UNREADABLE,0.0,FLAGGED_FOR_MANUAL_REVIEW,Plate Conf: 69%
10:58:51,2026-09-23T05:29:01Z,CHECKPOST-CHARLIE,CAM-C-CHECKPOST,VEHICLE_ANPR,43,vehicle,car,0.362,PLATE_UNREADABLE,0.0,FLAGGED_FOR_MANUAL_REVIEW,Plate Conf: 77%
10:58:51,2026-09-23T05:29:01Z,CHECKPOST-CHARLIE,CAM-C-CHECKPOST,VEHICLE_ANPR,44,vehicle,car,0.625,PLATE_UNREADABLE,0.0,FLAGGED_FOR_MANUAL_REVIEW,Plate Conf: 72%
10:58:51,2026-09-23T05:29:01Z,CHECKPOST-CHARLIE,CAM-C-CHECKPOST,VEHICLE_ANPR,59,vehicle,car,0.828,PLATE_UNREADABLE,0.0,FLAGGED_FOR_MANUAL_REVIEW,Plate Conf: 77%
10:58:51,2026-09-23T05:29:02Z,CHECKPOST-CHARLIE,CAM-C-CHECKPOST,LOITERING,3,human,person,0.65,-,0.0,WARNING,Stationary 10s within 0.05x height (movement 0.01 heights/s)
10:58:51,2026-09-23T05:29:02Z,CHECKPOST-CHARLIE,CAM-C-CHECKPOST,LOITERING,41,human,person,0.65,-,0.0,WARNING,Stationary 10s within 0.11x height (movement 0.01 heights/s)
10:58:51,2026-09-23T05:29:02Z,CHECKPOST-CHARLIE,CAM-C-CHECKPOST,LOITERING,37,human,person,0.65,-,0.0,WARNING,Stationary 10s within 0.31x height (movement 0.03 heights/s)
10:59:01,2026-09-23T05:29:09Z,CHECKPOST-CHARLIE,CAM-C-CHECKPOST,VEHICLE_ANPR,2,vehicle,car,0.88,PLATE_UNREADABLE,0.0,FLAGGED_FOR_MANUAL_REVIEW,Plate Conf: 61%
10:59:01,2026-09-23T05:29:09Z,CHECKPOST-CHARLIE,CAM-C-CHECKPOST,VEHICLE_ANPR,7,vehicle,car,0.824,PLATE_UNREADABLE,0.0,FLAGGED_FOR_MANUAL_REVIEW,Plate Conf: 84%
10:59:01,2026-09-23T05:29:09Z,CHECKPOST-CHARLIE,CAM-C-CHECKPOST,VEHICLE_ANPR,11,vehicle,car,0.438,FBDF18,0.467,VERIFIED,Plate Conf: 83%
10:59:01,2026-09-23T05:29:09Z,CHECKPOST-CHARLIE,CAM-C-CHECKPOST,VEHICLE_ANPR,17,vehicle,car,0.946,1BOB3551,0.666,VERIFIED,Plate Conf: 77%
10:59:01,2026-09-23T05:29:10Z,CHECKPOST-CHARLIE,CAM-C-CHECKPOST,VEHICLE_ANPR,24,vehicle,car,0.508,PLATE_UNREADABLE,0.0,FLAGGED_FOR_MANUAL_REVIEW,Plate Conf: 82%
10:59:01,2026-09-23T05:29:10Z,CHECKPOST-CHARLIE,CAM-C-CHECKPOST,VEHICLE_ANPR,30,vehicle,car,0.891,IPBOB355,0.999,VERIFIED,Plate Conf: 83%
10:59:01,2026-09-23T05:29:10Z,CHECKPOST-CHARLIE,CAM-C-CHECKPOST,VEHICLE_ANPR,32,vehicle,car,0.713,PLATE_UNREADABLE,0.0,FLAGGED_FOR_MANUAL_REVIEW,Plate Conf: 85%
10:59:01,2026-09-23T05:29:10Z,CHECKPOST-CHARLIE,CAM-C-CHECKPOST,VEHICLE_ANPR,34,vehicle,car,0.928,FBOB3551,0.696,VERIFIED,Plate Conf: 65%
10:59:01,2026-09-23T05:29:10Z,CHECKPOST-CHARLIE,CAM-C-CHECKPOST,VEHICLE_ANPR,36,vehicle,car,0.894,BOB355,0.992,VERIFIED,Plate Conf: 75%
10:59:01,2026-09-23T05:29:10Z,CHECKPOST-CHARLIE,CAM-C-CHECKPOST,VEHICLE_ANPR,38,vehicle,car,0.869,PLATE_UNREADABLE,0.0,FLAGGED_FOR_MANUAL_REVIEW,Plate Conf: 78%
10:59:01,2026-09-23T05:29:10Z,CHECKPOST-CHARLIE,CAM-C-CHECKPOST,VEHICLE_ANPR,42,vehicle,car,0.374,PLATE_UNREADABLE,0.0,FLAGGED_FOR_MANUAL_REVIEW,Plate Conf: 69%
10:59:01,2026-09-23T05:29:10Z,CHECKPOST-CHARLIE,CAM-C-CHECKPOST,VEHICLE_ANPR,43,vehicle,car,0.362,PLATE_UNREADABLE,0.0,FLAGGED_FOR_MANUAL_REVIEW,Plate Conf: 77%
10:59:01,2026-09-23T05:29:10Z,CHECKPOST-CHARLIE,CAM-C-CHECKPOST,VEHICLE_ANPR,44,vehicle,car,0.625,PLATE_UNREADABLE,0.0,FLAGGED_FOR_MANUAL_REVIEW,Plate Conf: 72%
10:59:09,2026-09-23T05:29:18Z,CHECKPOST-CHARLIE,CAM-C-CHECKPOST,VEHICLE_ANPR,2,vehicle,car,0.88,PLATE_UNREADABLE,0.0,FLAGGED_FOR_MANUAL_REVIEW,Plate Conf: 61%
10:59:09,2026-09-23T05:29:18Z,CHECKPOST-CHARLIE,CAM-C-CHECKPOST,VEHICLE_ANPR,11,vehicle,car,0.438,FBDF18,0.467,VERIFIED,Plate Conf: 83%
10:59:09,2026-09-23T05:29:18Z,CHECKPOST-CHARLIE,CAM-C-CHECKPOST,VEHICLE_ANPR,13,vehicle,car,0.516,PLATE_UNREADABLE,0.0,FLAGGED_FOR_MANUAL_REVIEW,Plate Conf: 62%
10:59:09,2026-09-23T05:29:18Z,CHECKPOST-CHARLIE,CAM-C-CHECKPOST,VEHICLE_ANPR,17,vehicle,car,0.946,1BOB3551,0.666,VERIFIED,Plate Conf: 77%
10:59:09,2026-09-23T05:29:18Z,CHECKPOST-CHARLIE,CAM-C-CHECKPOST,VEHICLE_ANPR,24,vehicle,car,0.557,PLATE_UNREADABLE,0.0,FLAGGED_FOR_MANUAL_REVIEW,Plate Conf: 82%
10:59:09,2026-09-23T05:29:18Z,CHECKPOST-CHARLIE,CAM-C-CHECKPOST,VEHICLE_ANPR,30,vehicle,car,0.815,IPBOB355,0.999,VERIFIED,Plate Conf: 83%
10:59:09,2026-09-23T05:29:18Z,CHECKPOST-CHARLIE,CAM-C-CHECKPOST,VEHICLE_ANPR,32,vehicle,car,0.713,PLATE_UNREADABLE,0.0,FLAGGED_FOR_MANUAL_REVIEW,Plate Conf: 85%
10:59:09,2026-09-23T05:29:18Z,CHECKPOST-CHARLIE,CAM-C-CHECKPOST,VEHICLE_ANPR,34,vehicle,car,0.928,FBOB3551,0.696,VERIFIED,Plate Conf: 65%
10:59:09,2026-09-23T05:29:18Z,CHECKPOST-CHARLIE,CAM-C-CHECKPOST,VEHICLE_ANPR,36,vehicle,car,0.894,BOB355,0.992,VERIFIED,Plate Conf: 75%
10:59:09,2026-09-23T05:29:18Z,CHECKPOST-CHARLIE,CAM-C-CHECKPOST,VEHICLE_ANPR,42,vehicle,car,0.374,PLATE_UNREADABLE,0.0,FLAGGED_FOR_MANUAL_REVIEW,Plate Conf: 69%
10:59:09,2026-09-23T05:29:18Z,CHECKPOST-CHARLIE,CAM-C-CHECKPOST,VEHICLE_ANPR,43,vehicle,car,0.817,PLATE_UNREADABLE,0.0,FLAGGED_FOR_MANUAL_REVIEW,Plate Conf: 77%
10:59:09,2026-09-23T05:29:18Z,CHECKPOST-CHARLIE,CAM-C-CHECKPOST,VEHICLE_ANPR,44,vehicle,car,0.625,PLATE_UNREADABLE,0.0,FLAGGED_FOR_MANUAL_REVIEW,Plate Conf: 72%
10:59:09,2026-09-23T05:29:19Z,CHECKPOST-CHARLIE,CAM-C-CHECKPOST,LOITERING,35,human,person,0.65,-,0.0,WARNING,Stationary 9s within 0.01x height (movement 0.00 heights/s)
10:59:09,2026-09-23T05:29:19Z,CHECKPOST-CHARLIE,CAM-C-CHECKPOST,LOITERING,53,human,person,0.65,-,0.0,WARNING,Stationary 9s within 0.07x height (movement 0.01 heights/s)
10:59:09,2026-09-23T05:29:19Z,CHECKPOST-CHARLIE,CAM-C-CHECKPOST,LOITERING,14,human,person,0.65,-,0.0,WARNING,Stationary 9s within 0.01x height (movement 0.00 heights/s)
10:59:09,2026-09-23T05:29:19Z,CHECKPOST-CHARLIE,CAM-C-CHECKPOST,LOITERING,28,human,person,0.65,-,0.0,WARNING,Stationary 37s within 0.27x height (movement 0.01 heights/s)
10:59:18,2026-09-23T05:29:29Z,CHECKPOST-CHARLIE,CAM-C-CHECKPOST,VEHICLE_ANPR,2,vehicle,car,0.88,55,0.999,FLAGGED_FOR_MANUAL_REVIEW,Plate Conf: 45%
10:59:18,2026-09-23T05:29:29Z,CHECKPOST-CHARLIE,CAM-C-CHECKPOST,VEHICLE_ANPR,17,vehicle,car,0.946,1BOB3551,0.666,VERIFIED,Plate Conf: 77%
10:59:18,2026-09-23T05:29:29Z,CHECKPOST-CHARLIE,CAM-C-CHECKPOST,VEHICLE_ANPR,24,vehicle,car,0.557,PLATE_UNREADABLE,0.0,FLAGGED_FOR_MANUAL_REVIEW,Plate Conf: 82%
10:59:18,2026-09-23T05:29:29Z,CHECKPOST-CHARLIE,CAM-C-CHECKPOST,VEHICLE_ANPR,30,vehicle,car,0.815,IPBOB355,0.999,VERIFIED,Plate Conf: 83%
10:59:18,2026-09-23T05:29:29Z,CHECKPOST-CHARLIE,CAM-C-CHECKPOST,VEHICLE_ANPR,32,vehicle,car,0.575,PLATE_UNREADABLE,0.0,FLAGGED_FOR_MANUAL_REVIEW,Plate Conf: 85%
10:59:18,2026-09-23T05:29:29Z,CHECKPOST-CHARLIE,CAM-C-CHECKPOST,VEHICLE_ANPR,34,vehicle,car,0.928,FBOB3551,0.696,VERIFIED,Plate Conf: 65%
10:59:18,2026-09-23T05:29:29Z,CHECKPOST-CHARLIE,CAM-C-CHECKPOST,VEHICLE_ANPR,36,vehicle,car,0.894,BOB355,0.992,VERIFIED,Plate Conf: 75%
10:59:18,2026-09-23T05:29:29Z,CHECKPOST-CHARLIE,CAM-C-CHECKPOST,VEHICLE_ANPR,42,vehicle,car,0.374,PLATE_UNREADABLE,0.0,FLAGGED_FOR_MANUAL_REVIEW,Plate Conf: 69%
10:59:18,2026-09-23T05:29:29Z,CHECKPOST-CHARLIE,CAM-C-CHECKPOST,VEHICLE_ANPR,44,vehicle,car,0.625,PLATE_UNREADABLE,0.0,FLAGGED_FOR_MANUAL_REVIEW,Plate Conf: 72%
10:59:18,2026-09-23T05:29:29Z,CHECKPOST-CHARLIE,CAM-C-CHECKPOST,VEHICLE_ANPR,55,vehicle,car,0.659,7PBOB3551,0.653,VERIFIED,Plate Conf: 90%
10:59:18,2026-09-23T05:29:29Z,CHECKPOST-CHARLIE,CAM-C-CHECKPOST,VEHICLE_ANPR,60,vehicle,car,0.853,PLATE_UNREADABLE,0.0,FLAGGED_FOR_MANUAL_REVIEW,Plate Conf: 84%
10:59:18,2026-09-23T05:29:29Z,CHECKPOST-CHARLIE,CAM-C-CHECKPOST,LOITERING,16,human,person,0.65,-,0.0,WARNING,Stationary 19s within 0.22x height (movement 0.01 heights/s)
10:59:29,2026-09-23T05:29:39Z,CHECKPOST-CHARLIE,CAM-C-CHECKPOST,VEHICLE_ANPR,2,vehicle,car,0.88,55,0.999,FLAGGED_FOR_MANUAL_REVIEW,Plate Conf: 45%
10:59:29,2026-09-23T05:29:39Z,CHECKPOST-CHARLIE,CAM-C-CHECKPOST,VEHICLE_ANPR,13,vehicle,car,0.516,PLATE_UNREADABLE,0.0,FLAGGED_FOR_MANUAL_REVIEW,Plate Conf: 62%
10:59:29,2026-09-23T05:29:39Z,CHECKPOST-CHARLIE,CAM-C-CHECKPOST,VEHICLE_ANPR,17,vehicle,car,0.946,1BOB3551,0.666,VERIFIED,Plate Conf: 77%
10:59:29,2026-09-23T05:29:39Z,CHECKPOST-CHARLIE,CAM-C-CHECKPOST,VEHICLE_ANPR,24,vehicle,car,0.557,PLATE_UNREADABLE,0.0,FLAGGED_FOR_MANUAL_REVIEW,Plate Conf: 82%
10:59:29,2026-09-23T05:29:39Z,CHECKPOST-CHARLIE,CAM-C-CHECKPOST,VEHICLE_ANPR,30,vehicle,car,0.815,IPBOB355,0.999,VERIFIED,Plate Conf: 83%
10:59:29,2026-09-23T05:29:39Z,CHECKPOST-CHARLIE,CAM-C-CHECKPOST,VEHICLE_ANPR,34,vehicle,car,0.928,FBOB3551,0.696,VERIFIED,Plate Conf: 65%
10:59:29,2026-09-23T05:29:39Z,CHECKPOST-CHARLIE,CAM-C-CHECKPOST,VEHICLE_ANPR,36,vehicle,car,0.906,BOB355,0.992,VERIFIED,Plate Conf: 75%
10:59:29,2026-09-23T05:29:39Z,CHECKPOST-CHARLIE,CAM-C-CHECKPOST,VEHICLE_ANPR,42,vehicle,car,0.374,PLATE_UNREADABLE,0.0,FLAGGED_FOR_MANUAL_REVIEW,Plate Conf: 69%
10:59:29,2026-09-23T05:29:39Z,CHECKPOST-CHARLIE,CAM-C-CHECKPOST,VEHICLE_ANPR,44,vehicle,car,0.625,PLATE_UNREADABLE,0.0,FLAGGED_FOR_MANUAL_REVIEW,Plate Conf: 72%
10:59:29,2026-09-23T05:29:39Z,CHECKPOST-CHARLIE,CAM-C-CHECKPOST,VEHICLE_ANPR,55,vehicle,car,0.659,7PBOB3551,0.653,VERIFIED,Plate Conf: 90%
10:59:29,2026-09-23T05:29:39Z,CHECKPOST-CHARLIE,CAM-C-CHECKPOST,VEHICLE_ANPR,59,vehicle,car,0.828,PLATE_UNREADABLE,0.0,FLAGGED_FOR_MANUAL_REVIEW,Plate Conf: 77%
10:59:29,2026-09-23T05:29:39Z,CHECKPOST-CHARLIE,CAM-C-CHECKPOST,LOITERING,28,human,person,0.65,-,0.0,WARNING,Stationary 57s within 0.28x height (movement 0.01 heights/s)
10:59:29,2026-09-23T05:29:39Z,CHECKPOST-CHARLIE,CAM-C-CHECKPOST,LOITERING,52,human,person,0.65,-,0.0,WARNING,Stationary 21s within 0.13x height (movement 0.01 heights/s)
10:59:29,2026-09-23T05:29:39Z,CHECKPOST-CHARLIE,CAM-C-CHECKPOST,GROUP_CONVERGENCE,4,human,person,0.6,-,0.0,NOTICE,"4 persons converged within 1.6 body-lengths (tracks [4, 37, 51, 52])"
10:59:39,2026-09-23T05:29:47Z,CHECKPOST-CHARLIE,CAM-C-CHECKPOST,VEHICLE_ANPR,2,vehicle,car,0.88,55,0.999,FLAGGED_FOR_MANUAL_REVIEW,Plate Conf: 45%
10:59:39,2026-09-23T05:29:47Z,CHECKPOST-CHARLIE,CAM-C-CHECKPOST,VEHICLE_ANPR,7,vehicle,car,0.824,PLATE_UNREADABLE,0.0,FLAGGED_FOR_MANUAL_REVIEW,Plate Conf: 84%
10:59:39,2026-09-23T05:29:47Z,CHECKPOST-CHARLIE,CAM-C-CHECKPOST,VEHICLE_ANPR,17,vehicle,car,0.946,1BOB3551,0.666,VERIFIED,Plate Conf: 77%
10:59:39,2026-09-23T05:29:47Z,CHECKPOST-CHARLIE,CAM-C-CHECKPOST,VEHICLE_ANPR,24,vehicle,car,0.557,PLATE_UNREADABLE,0.0,FLAGGED_FOR_MANUAL_REVIEW,Plate Conf: 82%
10:59:39,2026-09-23T05:29:47Z,CHECKPOST-CHARLIE,CAM-C-CHECKPOST,VEHICLE_ANPR,30,vehicle,car,0.926,IPBOB355,0.999,VERIFIED,Plate Conf: 83%
10:59:39,2026-09-23T05:29:48Z,CHECKPOST-CHARLIE,CAM-C-CHECKPOST,VEHICLE_ANPR,32,vehicle,car,0.575,PLATE_UNREADABLE,0.0,FLAGGED_FOR_MANUAL_REVIEW,Plate Conf: 85%
10:59:39,2026-09-23T05:29:48Z,CHECKPOST-CHARLIE,CAM-C-CHECKPOST,VEHICLE_ANPR,34,vehicle,car,0.928,FBOB3551,0.696,VERIFIED,Plate Conf: 65%
10:59:39,2026-09-23T05:29:48Z,CHECKPOST-CHARLIE,CAM-C-CHECKPOST,VEHICLE_ANPR,36,vehicle,car,0.906,BOB355,0.992,VERIFIED,Plate Conf: 75%
10:58:49,2026-09-23T05:29:48Z,BOP-SECTOR-B,CAM-B-TRIPWIRE,GROUP_CONVERGENCE,113,human,person,0.6,-,0.0,NOTICE,"3 persons converged within 1.6 body-lengths (tracks [113, 185, 189])"
10:59:39,2026-09-23T05:29:48Z,CHECKPOST-CHARLIE,CAM-C-CHECKPOST,VEHICLE_ANPR,42,vehicle,car,0.559,PLATE_UNREADABLE,0.0,FLAGGED_FOR_MANUAL_REVIEW,Plate Conf: 69%
10:59:39,2026-09-23T05:29:48Z,CHECKPOST-CHARLIE,CAM-C-CHECKPOST,VEHICLE_ANPR,44,vehicle,car,0.625,PLATE_UNREADABLE,0.0,FLAGGED_FOR_MANUAL_REVIEW,Plate Conf: 72%
10:59:39,2026-09-23T05:29:48Z,CHECKPOST-CHARLIE,CAM-C-CHECKPOST,VEHICLE_ANPR,55,vehicle,car,0.659,7PBOB3551,0.653,VERIFIED,Plate Conf: 90%
10:59:10,2026-09-23T05:29:48Z,BOP-SECTOR-B,CAM-B-TRIPWIRE,GROUP_CONVERGENCE,181,human,person,0.6,-,0.0,NOTICE,"3 persons converged within 1.6 body-lengths (tracks [181, 189, 190])"
10:59:39,2026-09-23T05:29:48Z,CHECKPOST-CHARLIE,CAM-C-CHECKPOST,VEHICLE_ANPR,59,vehicle,car,0.828,PLATE_UNREADABLE,0.0,FLAGGED_FOR_MANUAL_REVIEW,Plate Conf: 77%
10:59:11,2026-09-23T05:29:48Z,BOP-SECTOR-B,CAM-B-TRIPWIRE,LOITERING,160,human,person,0.65,-,0.0,WARNING,Stationary 9s within 0.12x height (movement 0.01 heights/s)
10:59:21,2026-09-23T05:29:48Z,BOP-SECTOR-B,CAM-B-TRIPWIRE,LOITERING,193,human,person,0.65,-,0.0,WARNING,Stationary 8s within 0.34x height (movement 0.06 heights/s)
10:59:36,2026-09-23T05:29:48Z,BOP-SECTOR-B,CAM-B-TRIPWIRE,LOITERING,158,human,person,0.65,-,0.0,WARNING,Stationary 10s within 0.01x height (movement 0.00 heights/s)
10:59:51,2026-09-23T05:29:57Z,BOP-SECTOR-B,CAM-B-TRIPWIRE,LOITERING,185,human,person,0.65,-,0.0,WARNING,Stationary 10s within 0.15x height (movement 0.02 heights/s)
10:59:47,2026-09-23T05:29:58Z,CHECKPOST-CHARLIE,CAM-C-CHECKPOST,VEHICLE_ANPR,2,vehicle,car,0.582,55,0.999,FLAGGED_FOR_MANUAL_REVIEW,Plate Conf: 45%
10:59:47,2026-09-23T05:29:58Z,CHECKPOST-CHARLIE,CAM-C-CHECKPOST,VEHICLE_ANPR,17,vehicle,car,0.946,1BOB3551,0.666,VERIFIED,Plate Conf: 77%
10:59:47,2026-09-23T05:29:58Z,CHECKPOST-CHARLIE,CAM-C-CHECKPOST,VEHICLE_ANPR,24,vehicle,car,0.557,PLATE_UNREADABLE,0.0,FLAGGED_FOR_MANUAL_REVIEW,Plate Conf: 82%
10:59:47,2026-09-23T05:29:58Z,CHECKPOST-CHARLIE,CAM-C-CHECKPOST,VEHICLE_ANPR,30,vehicle,car,0.926,IPBOB355,0.999,VERIFIED,Plate Conf: 83%
10:59:47,2026-09-23T05:29:58Z,CHECKPOST-CHARLIE,CAM-C-CHECKPOST,VEHICLE_ANPR,34,vehicle,car,0.928,FBOB3551,0.696,VERIFIED,Plate Conf: 65%
10:59:47,2026-09-23T05:29:58Z,CHECKPOST-CHARLIE,CAM-C-CHECKPOST,VEHICLE_ANPR,36,vehicle,car,0.837,BOB355,0.992,VERIFIED,Plate Conf: 75%
10:59:47,2026-09-23T05:29:58Z,CHECKPOST-CHARLIE,CAM-C-CHECKPOST,VEHICLE_ANPR,44,vehicle,car,0.625,PLATE_UNREADABLE,0.0,FLAGGED_FOR_MANUAL_REVIEW,Plate Conf: 72%
10:59:47,2026-09-23T05:29:58Z,CHECKPOST-CHARLIE,CAM-C-CHECKPOST,VEHICLE_ANPR,55,vehicle,car,0.659,7PBOB3551,0.653,VERIFIED,Plate Conf: 90%
10:59:47,2026-09-23T05:29:58Z,CHECKPOST-CHARLIE,CAM-C-CHECKPOST,VEHICLE_ANPR,59,vehicle,car,0.828,PLATE_UNREADABLE,0.0,FLAGGED_FOR_MANUAL_REVIEW,Plate Conf: 77%
10:59:47,2026-09-23T05:29:58Z,CHECKPOST-CHARLIE,CAM-C-CHECKPOST,VEHICLE_ANPR,60,vehicle,car,0.853,PLATE_UNREADABLE,0.0,FLAGGED_FOR_MANUAL_REVIEW,Plate Conf: 84%
10:59:47,2026-09-23T05:29:58Z,CHECKPOST-CHARLIE,CAM-C-CHECKPOST,LOITERING,50,human,person,0.65,-,0.0,WARNING,Stationary 16s within 0.07x height (movement 0.00 heights/s)
10:59:55,2026-09-23T05:30:01Z,CHECKPOST-CHARLIE,CAM-C-CHECKPOST,VEHICLE_ANPR,2,vehicle,car,0.582,55,0.999,FLAGGED_FOR_MANUAL_REVIEW,Plate Conf: 45%
10:59:55,2026-09-23T05:30:01Z,CHECKPOST-CHARLIE,CAM-C-CHECKPOST,VEHICLE_ANPR,24,vehicle,car,0.557,PLATE_UNREADABLE,0.0,FLAGGED_FOR_MANUAL_REVIEW,Plate Conf: 82%
10:59:55,2026-09-23T05:30:01Z,CHECKPOST-CHARLIE,CAM-C-CHECKPOST,VEHICLE_ANPR,30,vehicle,car,0.926,IPBOB355,0.999,VERIFIED,Plate Conf: 83%
10:59:55,2026-09-23T05:30:01Z,CHECKPOST-CHARLIE,CAM-C-CHECKPOST,VEHICLE_ANPR,34,vehicle,car,0.906,FBOB3551,0.696,VERIFIED,Plate Conf: 65%
10:59:55,2026-09-23T05:30:01Z,CHECKPOST-CHARLIE,CAM-C-CHECKPOST,VEHICLE_ANPR,36,vehicle,car,0.837,BOB355,0.992,VERIFIED,Plate Conf: 75%
10:59:55,2026-09-23T05:30:01Z,CHECKPOST-CHARLIE,CAM-C-CHECKPOST,VEHICLE_ANPR,43,vehicle,car,0.46,PLATE_UNREADABLE,0.0,FLAGGED_FOR_MANUAL_REVIEW,Plate Conf: 77%
10:59:55,2026-09-23T05:30:01Z,CHECKPOST-CHARLIE,CAM-C-CHECKPOST,VEHICLE_ANPR,44,vehicle,car,0.581,PLATE_UNREADABLE,0.0,FLAGGED_FOR_MANUAL_REVIEW,Plate Conf: 72%
10:59:55,2026-09-23T05:30:01Z,CHECKPOST-CHARLIE,CAM-C-CHECKPOST,VEHICLE_ANPR,55,vehicle,car,0.659,7PBOB3551,0.653,VERIFIED,Plate Conf: 90%
10:59:55,2026-09-23T05:30:01Z,CHECKPOST-CHARLIE,CAM-C-CHECKPOST,VEHICLE_ANPR,59,vehicle,car,0.828,PLATE_UNREADABLE,0.0,FLAGGED_FOR_MANUAL_REVIEW,Plate Conf: 77%
10:59:55,2026-09-23T05:30:01Z,CHECKPOST-CHARLIE,CAM-C-CHECKPOST,GROUP_CONVERGENCE,28,human,person,0.6,-,0.0,NOTICE,"4 persons converged within 1.6 body-lengths (tracks [28, 31, 39, 50])"
11:00:00,2026-09-23T05:30:07Z,CHECKPOST-CHARLIE,CAM-C-CHECKPOST,VEHICLE_ANPR,2,vehicle,car,0.873,55,0.999,FLAGGED_FOR_MANUAL_REVIEW,Plate Conf: 45%
11:00:00,2026-09-23T05:30:07Z,CHECKPOST-CHARLIE,CAM-C-CHECKPOST,VEHICLE_ANPR,24,vehicle,car,0.557,PLATE_UNREADABLE,0.0,FLAGGED_FOR_MANUAL_REVIEW,Plate Conf: 82%
11:00:00,2026-09-23T05:30:07Z,CHECKPOST-CHARLIE,CAM-C-CHECKPOST,VEHICLE_ANPR,30,vehicle,car,0.926,IPBOB355,0.999,VERIFIED,Plate Conf: 83%
11:00:00,2026-09-23T05:30:08Z,CHECKPOST-CHARLIE,CAM-C-CHECKPOST,VEHICLE_ANPR,34,vehicle,car,0.906,FBOB3551,0.696,VERIFIED,Plate Conf: 65%
11:00:00,2026-09-23T05:30:08Z,CHECKPOST-CHARLIE,CAM-C-CHECKPOST,VEHICLE_ANPR,36,vehicle,car,0.837,BOB355,0.992,VERIFIED,Plate Conf: 75%
11:00:00,2026-09-23T05:30:08Z,CHECKPOST-CHARLIE,CAM-C-CHECKPOST,VEHICLE_ANPR,42,vehicle,car,0.559,PLATE_UNREADABLE,0.0,FLAGGED_FOR_MANUAL_REVIEW,Plate Conf: 69%
11:00:00,2026-09-23T05:30:08Z,CHECKPOST-CHARLIE,CAM-C-CHECKPOST,VEHICLE_ANPR,43,vehicle,car,0.444,PLATE_UNREADABLE,0.0,FLAGGED_FOR_MANUAL_REVIEW,Plate Conf: 77%
11:00:00,2026-09-23T05:30:08Z,CHECKPOST-CHARLIE,CAM-C-CHECKPOST,VEHICLE_ANPR,44,vehicle,car,0.89,PLATE_UNREADABLE,0.0,FLAGGED_FOR_MANUAL_REVIEW,Plate Conf: 72%
11:00:00,2026-09-23T05:30:08Z,CHECKPOST-CHARLIE,CAM-C-CHECKPOST,VEHICLE_ANPR,55,vehicle,car,0.659,7PBOB3551,0.653,VERIFIED,Plate Conf: 90%
11:00:07,2026-09-23T05:30:19Z,CHECKPOST-CHARLIE,CAM-C-CHECKPOST,VEHICLE_ANPR,2,vehicle,car,0.873,55,0.999,FLAGGED_FOR_MANUAL_REVIEW,Plate Conf: 45%
11:00:07,2026-09-23T05:30:19Z,CHECKPOST-CHARLIE,CAM-C-CHECKPOST,VEHICLE_ANPR,24,vehicle,car,0.557,PLATE_UNREADABLE,0.0,FLAGGED_FOR_MANUAL_REVIEW,Plate Conf: 82%
11:00:07,2026-09-23T05:30:19Z,CHECKPOST-CHARLIE,CAM-C-CHECKPOST,VEHICLE_ANPR,30,vehicle,car,0.926,IPBOB355,0.999,VERIFIED,Plate Conf: 83%
11:00:07,2026-09-23T05:30:19Z,CHECKPOST-CHARLIE,CAM-C-CHECKPOST,VEHICLE_ANPR,32,vehicle,car,0.575,PLATE_UNREADABLE,0.0,FLAGGED_FOR_MANUAL_REVIEW,Plate Conf: 85%
11:00:07,2026-09-23T05:30:19Z,CHECKPOST-CHARLIE,CAM-C-CHECKPOST,VEHICLE_ANPR,34,vehicle,car,0.906,FBOB3551,0.696,VERIFIED,Plate Conf: 65%
11:00:07,2026-09-23T05:30:19Z,CHECKPOST-CHARLIE,CAM-C-CHECKPOST,VEHICLE_ANPR,36,vehicle,car,0.837,BOB355,0.992,VERIFIED,Plate Conf: 75%
11:00:07,2026-09-23T05:30:19Z,CHECKPOST-CHARLIE,CAM-C-CHECKPOST,VEHICLE_ANPR,42,vehicle,car,0.559,PLATE_UNREADABLE,0.0,FLAGGED_FOR_MANUAL_REVIEW,Plate Conf: 69%
11:00:07,2026-09-23T05:30:19Z,CHECKPOST-CHARLIE,CAM-C-CHECKPOST,VEHICLE_ANPR,43,vehicle,car,0.357,PLATE_UNREADABLE,0.0,FLAGGED_FOR_MANUAL_REVIEW,Plate Conf: 77%
11:00:07,2026-09-23T05:30:19Z,CHECKPOST-CHARLIE,CAM-C-CHECKPOST,VEHICLE_ANPR,44,vehicle,car,0.858,PLATE_UNREADABLE,0.0,FLAGGED_FOR_MANUAL_REVIEW,Plate Conf: 72%
11:00:07,2026-09-23T05:30:19Z,CHECKPOST-CHARLIE,CAM-C-CHECKPOST,VEHICLE_ANPR,55,vehicle,car,0.902,7PBOB3551,0.653,VERIFIED,Plate Conf: 90%
11:00:07,2026-09-23T05:30:20Z,CHECKPOST-CHARLIE,CAM-C-CHECKPOST,VEHICLE_ANPR,59,vehicle,car,0.828,PLATE_UNREADABLE,0.0,FLAGGED_FOR_MANUAL_REVIEW,Plate Conf: 77%
11:00:07,2026-09-23T05:30:20Z,CHECKPOST-CHARLIE,CAM-C-CHECKPOST,LOITERING,45,human,person,0.65,-,0.0,WARNING,Stationary 17s within 0.19x height (movement 0.01 heights/s)
11:00:07,2026-09-23T05:30:20Z,CHECKPOST-CHARLIE,CAM-C-CHECKPOST,LOITERING,8,human,person,0.65,-,0.0,WARNING,Stationary 10s within 0.15x height (movement 0.01 heights/s)
11:00:07,2026-09-23T05:30:20Z,CHECKPOST-CHARLIE,CAM-C-CHECKPOST,LOITERING,50,human,person,0.65,-,0.0,WARNING,Stationary 38s within 0.16x height (movement 0.01 heights/s)
11:00:07,2026-09-23T05:30:20Z,CHECKPOST-CHARLIE,CAM-C-CHECKPOST,LOITERING,48,human,person,0.65,-,0.0,WARNING,Stationary 17s within 0.11x height (movement 0.01 heights/s)
11:00:07,2026-09-23T05:30:20Z,CHECKPOST-CHARLIE,CAM-C-CHECKPOST,LOITERING,10,human,person,0.65,-,0.0,WARNING,Stationary 10s within 0.07x height (movement 0.01 heights/s)
11:00:07,2026-09-23T05:30:20Z,CHECKPOST-CHARLIE,CAM-C-CHECKPOST,LOITERING,41,human,person,0.65,-,0.0,WARNING,Stationary 10s within 0.14x height (movement 0.01 heights/s)
11:00:17,2026-09-23T05:30:27Z,CHECKPOST-CHARLIE,CAM-C-CHECKPOST,VEHICLE_ANPR,2,vehicle,car,0.879,55,0.999,FLAGGED_FOR_MANUAL_REVIEW,Plate Conf: 45%
11:00:17,2026-09-23T05:30:27Z,CHECKPOST-CHARLIE,CAM-C-CHECKPOST,VEHICLE_ANPR,24,vehicle,car,0.392,PLATE_UNREADABLE,0.0,FLAGGED_FOR_MANUAL_REVIEW,Plate Conf: 82%
11:00:17,2026-09-23T05:30:27Z,CHECKPOST-CHARLIE,CAM-C-CHECKPOST,VEHICLE_ANPR,30,vehicle,car,0.926,IPBOB355,0.999,VERIFIED,Plate Conf: 83%
11:00:17,2026-09-23T05:30:27Z,CHECKPOST-CHARLIE,CAM-C-CHECKPOST,VEHICLE_ANPR,34,vehicle,car,0.906,FBOB3551,0.696,VERIFIED,Plate Conf: 65%
11:00:17,2026-09-23T05:30:27Z,CHECKPOST-CHARLIE,CAM-C-CHECKPOST,VEHICLE_ANPR,36,vehicle,car,0.837,BOB355,0.992,VERIFIED,Plate Conf: 75%
11:00:17,2026-09-23T05:30:27Z,CHECKPOST-CHARLIE,CAM-C-CHECKPOST,VEHICLE_ANPR,42,vehicle,car,0.559,PLATE_UNREADABLE,0.0,FLAGGED_FOR_MANUAL_REVIEW,Plate Conf: 69%
11:00:17,2026-09-23T05:30:27Z,CHECKPOST-CHARLIE,CAM-C-CHECKPOST,VEHICLE_ANPR,43,vehicle,car,0.874,PLATE_UNREADABLE,0.0,FLAGGED_FOR_MANUAL_REVIEW,Plate Conf: 77%
11:00:17,2026-09-23T05:30:27Z,CHECKPOST-CHARLIE,CAM-C-CHECKPOST,VEHICLE_ANPR,44,vehicle,car,0.858,PLATE_UNREADABLE,0.0,FLAGGED_FOR_MANUAL_REVIEW,Plate Conf: 72%
11:00:17,2026-09-23T05:30:27Z,CHECKPOST-CHARLIE,CAM-C-CHECKPOST,VEHICLE_ANPR,55,vehicle,car,0.902,7PBOB3551,0.653,VERIFIED,Plate Conf: 90%
11:00:17,2026-09-23T05:30:27Z,CHECKPOST-CHARLIE,CAM-C-CHECKPOST,LOITERING,53,human,person,0.65,-,0.0,WARNING,Stationary 18s within 0.01x height (movement 0.00 heights/s)
11:00:17,2026-09-23T05:30:27Z,CHECKPOST-CHARLIE,CAM-C-CHECKPOST,GROUP_CONVERGENCE,4,human,person,0.6,-,0.0,NOTICE,"4 persons converged within 1.6 body-lengths (tracks [4, 10, 37, 48])"
11:00:26,2026-09-23T05:30:35Z,CHECKPOST-CHARLIE,CAM-C-CHECKPOST,VEHICLE_ANPR,2,vehicle,car,0.879,55,0.999,FLAGGED_FOR_MANUAL_REVIEW,Plate Conf: 45%
11:00:26,2026-09-23T05:30:35Z,CHECKPOST-CHARLIE,CAM-C-CHECKPOST,VEHICLE_ANPR,24,vehicle,car,0.392,PLATE_UNREADABLE,0.0,FLAGGED_FOR_MANUAL_REVIEW,Plate Conf: 82%
11:00:26,2026-09-23T05:30:35Z,CHECKPOST-CHARLIE,CAM-C-CHECKPOST,VEHICLE_ANPR,30,vehicle,car,0.926,IPBOB355,0.999,VERIFIED,Plate Conf: 83%
11:00:26,2026-09-23T05:30:35Z,CHECKPOST-CHARLIE,CAM-C-CHECKPOST,VEHICLE_ANPR,32,vehicle,car,0.575,PLATE_UNREADABLE,0.0,FLAGGED_FOR_MANUAL_REVIEW,Plate Conf: 85%
11:00:26,2026-09-23T05:30:35Z,CHECKPOST-CHARLIE,CAM-C-CHECKPOST,VEHICLE_ANPR,34,vehicle,car,0.755,FBOB3551,0.696,VERIFIED,Plate Conf: 65%
11:00:26,2026-09-23T05:30:35Z,CHECKPOST-CHARLIE,CAM-C-CHECKPOST,VEHICLE_ANPR,36,vehicle,car,0.837,BOB355,0.992,VERIFIED,Plate Conf: 75%
11:00:26,2026-09-23T05:30:35Z,CHECKPOST-CHARLIE,CAM-C-CHECKPOST,VEHICLE_ANPR,42,vehicle,car,0.559,PLATE_UNREADABLE,0.0,FLAGGED_FOR_MANUAL_REVIEW,Plate Conf: 69%
11:00:26,2026-09-23T05:30:35Z,CHECKPOST-CHARLIE,CAM-C-CHECKPOST,VEHICLE_ANPR,43,vehicle,car,0.874,PLATE_UNREADABLE,0.0,FLAGGED_FOR_MANUAL_REVIEW,Plate Conf: 77%
11:00:26,2026-09-23T05:30:35Z,CHECKPOST-CHARLIE,CAM-C-CHECKPOST,VEHICLE_ANPR,44,vehicle,car,0.858,PLATE_UNREADABLE,0.0,FLAGGED_FOR_MANUAL_REVIEW,Plate Conf: 72%
11:00:26,2026-09-23T05:30:35Z,CHECKPOST-CHARLIE,CAM-C-CHECKPOST,VEHICLE_ANPR,55,vehicle,car,0.902,7PBOB3551,0.653,VERIFIED,Plate Conf: 90%
11:00:26,2026-09-23T05:30:35Z,CHECKPOST-CHARLIE,CAM-C-CHECKPOST,LOITERING,47,human,person,0.65,-,0.0,WARNING,Stationary 17s within 0.34x height (movement 0.02 heights/s)
11:00:35,2026-09-23T05:30:37Z,BOP-SECTOR-B,CAM-B-TRIPWIRE,INTRUSION_ALERT,205,human,person,0.833,-,0.0,UNKNOWN_INTRUDER,"UNKNOWN PERSON | OUTBOUND (Northbound) at (457, 269) | ID:NONE"
11:00:41,2026-09-23T05:30:42Z,BOP-SECTOR-B,CAM-B-TRIPWIRE,LOITERING,181,human,person,0.65,-,0.0,WARNING,Stationary 11s within 0.16x height (movement 0.01 heights/s)
11:00:34,2026-09-23T05:30:42Z,CHECKPOST-CHARLIE,CAM-C-CHECKPOST,VEHICLE_ANPR,2,vehicle,car,0.883,55,0.999,FLAGGED_FOR_MANUAL_REVIEW,Plate Conf: 45%
11:00:34,2026-09-23T05:30:42Z,CHECKPOST-CHARLIE,CAM-C-CHECKPOST,VEHICLE_ANPR,24,vehicle,car,0.392,PLATE_UNREADABLE,0.0,FLAGGED_FOR_MANUAL_REVIEW,Plate Conf: 82%
11:00:34,2026-09-23T05:30:43Z,CHECKPOST-CHARLIE,CAM-C-CHECKPOST,VEHICLE_ANPR,30,vehicle,car,0.926,IPBOB355,0.999,VERIFIED,Plate Conf: 83%
11:00:34,2026-09-23T05:30:43Z,CHECKPOST-CHARLIE,CAM-C-CHECKPOST,VEHICLE_ANPR,34,vehicle,car,0.755,FBOB3551,0.696,VERIFIED,Plate Conf: 65%
11:00:34,2026-09-23T05:30:43Z,CHECKPOST-CHARLIE,CAM-C-CHECKPOST,VEHICLE_ANPR,36,vehicle,car,0.837,BOB355,0.992,VERIFIED,Plate Conf: 75%
11:00:34,2026-09-23T05:30:43Z,CHECKPOST-CHARLIE,CAM-C-CHECKPOST,VEHICLE_ANPR,42,vehicle,car,0.559,PLATE_UNREADABLE,0.0,FLAGGED_FOR_MANUAL_REVIEW,Plate Conf: 69%
11:00:34,2026-09-23T05:30:43Z,CHECKPOST-CHARLIE,CAM-C-CHECKPOST,VEHICLE_ANPR,43,vehicle,car,0.874,PLATE_UNREADABLE,0.0,FLAGGED_FOR_MANUAL_REVIEW,Plate Conf: 77%
11:00:34,2026-09-23T05:30:43Z,CHECKPOST-CHARLIE,CAM-C-CHECKPOST,VEHICLE_ANPR,44,vehicle,car,0.629,PLATE_UNREADABLE,0.0,FLAGGED_FOR_MANUAL_REVIEW,Plate Conf: 72%
11:00:34,2026-09-23T05:30:43Z,CHECKPOST-CHARLIE,CAM-C-CHECKPOST,VEHICLE_ANPR,55,vehicle,car,0.902,7PBOB3551,0.653,VERIFIED,Plate Conf: 90%
11:00:34,2026-09-23T05:30:43Z,CHECKPOST-CHARLIE,CAM-C-CHECKPOST,VEHICLE_ANPR,60,vehicle,car,0.853,PLATE_UNREADABLE,0.0,FLAGGED_FOR_MANUAL_REVIEW,Plate Conf: 84%
11:00:34,2026-09-23T05:30:43Z,CHECKPOST-CHARLIE,CAM-C-CHECKPOST,LOITERING,8,human,person,0.65,-,0.0,WARNING,Stationary 35s within 0.19x height (movement 0.02 heights/s)
11:00:34,2026-09-23T05:30:43Z,CHECKPOST-CHARLIE,CAM-C-CHECKPOST,LOITERING,50,human,person,0.65,-,0.0,WARNING,Stationary 63s within 0.16x height (movement 0.01 heights/s)
11:00:46,2026-09-23T05:30:47Z,BOP-SECTOR-B,CAM-B-TRIPWIRE,GROUP_CONVERGENCE,113,human,person,0.6,-,0.0,NOTICE,"3 persons converged within 1.6 body-lengths (tracks [113, 158, 189])"
11:00:42,2026-09-23T05:30:51Z,CHECKPOST-CHARLIE,CAM-C-CHECKPOST,VEHICLE_ANPR,2,vehicle,car,0.883,55,0.999,FLAGGED_FOR_MANUAL_REVIEW,Plate Conf: 45%
11:00:42,2026-09-23T05:30:51Z,CHECKPOST-CHARLIE,CAM-C-CHECKPOST,VEHICLE_ANPR,24,vehicle,car,0.412,PLATE_UNREADABLE,0.0,FLAGGED_FOR_MANUAL_REVIEW,Plate Conf: 82%
11:00:42,2026-09-23T05:30:51Z,CHECKPOST-CHARLIE,CAM-C-CHECKPOST,VEHICLE_ANPR,30,vehicle,car,0.842,IPBOB355,0.999,VERIFIED,Plate Conf: 83%
11:00:42,2026-09-23T05:30:51Z,CHECKPOST-CHARLIE,CAM-C-CHECKPOST,VEHICLE_ANPR,32,vehicle,car,0.575,PLATE_UNREADABLE,0.0,FLAGGED_FOR_MANUAL_REVIEW,Plate Conf: 85%
11:00:42,2026-09-23T05:30:51Z,CHECKPOST-CHARLIE,CAM-C-CHECKPOST,VEHICLE_ANPR,34,vehicle,car,0.755,FBOB3551,0.696,VERIFIED,Plate Conf: 65%
11:00:42,2026-09-23T05:30:51Z,CHECKPOST-CHARLIE,CAM-C-CHECKPOST,VEHICLE_ANPR,36,vehicle,car,0.837,BOB355,0.992,VERIFIED,Plate Conf: 75%
11:00:42,2026-09-23T05:30:51Z,CHECKPOST-CHARLIE,CAM-C-CHECKPOST,VEHICLE_ANPR,42,vehicle,car,0.559,PLATE_UNREADABLE,0.0,FLAGGED_FOR_MANUAL_REVIEW,Plate Conf: 69%
11:00:42,2026-09-23T05:30:51Z,CHECKPOST-CHARLIE,CAM-C-CHECKPOST,VEHICLE_ANPR,43,vehicle,car,0.806,PLATE_UNREADABLE,0.0,FLAGGED_FOR_MANUAL_REVIEW,Plate Conf: 77%
11:00:42,2026-09-23T05:30:51Z,CHECKPOST-CHARLIE,CAM-C-CHECKPOST,VEHICLE_ANPR,44,vehicle,car,0.629,PLATE_UNREADABLE,0.0,FLAGGED_FOR_MANUAL_REVIEW,Plate Conf: 72%
11:00:42,2026-09-23T05:30:51Z,CHECKPOST-CHARLIE,CAM-C-CHECKPOST,VEHICLE_ANPR,55,vehicle,car,0.902,7PBOB3551,0.653,VERIFIED,Plate Conf: 90%
11:00:42,2026-09-23T05:30:51Z,CHECKPOST-CHARLIE,CAM-C-CHECKPOST,LOITERING,48,human,person,0.65,-,0.0,WARNING,Stationary 49s within 0.11x height (movement 0.00 heights/s)
11:00:42,2026-09-23T05:30:51Z,CHECKPOST-CHARLIE,CAM-C-CHECKPOST,LOITERING,19,human,person,0.65,-,0.0,WARNING,Stationary 15s within 0.14x height (movement 0.01 heights/s)
11:00:42,2026-09-23T05:30:51Z,CHECKPOST-CHARLIE,CAM-C-CHECKPOST,LOITERING,41,human,person,0.65,-,0.0,WARNING,Stationary 42s within 0.20x height (movement 0.02 heights/s)
11:00:42,2026-09-23T05:30:51Z,CHECKPOST-CHARLIE,CAM-C-CHECKPOST,LOITERING,14,human,person,0.65,-,0.0,WARNING,Stationary 15s within 0.10x height (movement 0.01 heights/s)
11:01:02,2026-09-23T05:31:03Z,BOP-SECTOR-B,CAM-B-TRIPWIRE,LOITERING,207,human,person,0.65,-,0.0,WARNING,Stationary 20s within 0.08x height (movement 0.00 heights/s)
11:01:06,2026-09-23T05:31:08Z,BOP-SECTOR-B,CAM-B-TRIPWIRE,LOITERING,205,human,person,0.65,-,0.0,WARNING,Stationary 8s within 0.29x height (movement 0.03 heights/s)
11:01:06,2026-09-23T05:31:08Z,BOP-SECTOR-B,CAM-B-TRIPWIRE,GROUP_CONVERGENCE,158,human,person,0.6,-,0.0,NOTICE,"3 persons converged within 1.6 body-lengths (tracks [158, 189, 205])"
11:01:20,2026-09-23T05:31:21Z,BOP-SECTOR-B,CAM-B-TRIPWIRE,INTRUSION_ALERT,189,human,person,0.769,-,0.0,UNKNOWN_INTRUDER,"UNKNOWN PERSON | OUTBOUND (Northbound) at (454, 265) | ID:NONE"
11:01:40,2026-09-23T05:31:42Z,BOP-SECTOR-B,CAM-B-TRIPWIRE,LOITERING,185,human,person,0.65,-,0.0,WARNING,Stationary 10s within 0.17x height (movement 0.02 heights/s)
11:01:45,2026-09-23T05:31:46Z,BOP-SECTOR-B,CAM-B-TRIPWIRE,LOITERING,198,human,person,0.65,-,0.0,WARNING,Stationary 21s within 0.02x height (movement 0.00 heights/s)
11:00:49,2026-09-23T05:31:48Z,CHECKPOST-CHARLIE,CAM-C-CHECKPOST,VEHICLE_ANPR,2,vehicle,car,0.883,3551,0.538,VERIFIED,Plate Conf: 74%
11:00:49,2026-09-23T05:31:48Z,CHECKPOST-CHARLIE,CAM-C-CHECKPOST,VEHICLE_ANPR,10,vehicle,car,0.878,PLATE_UNREADABLE,0.0,FLAGGED_FOR_MANUAL_REVIEW,Plate Conf: 79%
11:00:49,2026-09-23T05:31:48Z,CHECKPOST-CHARLIE,CAM-C-CHECKPOST,VEHICLE_ANPR,24,vehicle,car,0.412,PLATE_UNREADABLE,0.0,FLAGGED_FOR_MANUAL_REVIEW,Plate Conf: 82%
11:00:49,2026-09-23T05:31:48Z,CHECKPOST-CHARLIE,CAM-C-CHECKPOST,VEHICLE_ANPR,30,vehicle,car,0.842,IPBOB355,0.999,VERIFIED,Plate Conf: 83%
11:00:49,2026-09-23T05:31:48Z,CHECKPOST-CHARLIE,CAM-C-CHECKPOST,VEHICLE_ANPR,32,vehicle,car,0.575,PLATE_UNREADABLE,0.0,FLAGGED_FOR_MANUAL_REVIEW,Plate Conf: 85%
11:00:49,2026-09-23T05:31:48Z,CHECKPOST-CHARLIE,CAM-C-CHECKPOST,VEHICLE_ANPR,34,vehicle,car,0.755,FBOB3551,0.696,VERIFIED,Plate Conf: 65%
11:00:49,2026-09-23T05:31:48Z,CHECKPOST-CHARLIE,CAM-C-CHECKPOST,VEHICLE_ANPR,36,vehicle,car,0.837,BOB355,0.992,VERIFIED,Plate Conf: 75%
11:00:49,2026-09-23T05:31:48Z,CHECKPOST-CHARLIE,CAM-C-CHECKPOST,VEHICLE_ANPR,42,vehicle,car,0.559,PLATE_UNREADABLE,0.0,FLAGGED_FOR_MANUAL_REVIEW,Plate Conf: 69%
11:00:49,2026-09-23T05:31:48Z,CHECKPOST-CHARLIE,CAM-C-CHECKPOST,VEHICLE_ANPR,44,vehicle,car,0.629,PLATE_UNREADABLE,0.0,FLAGGED_FOR_MANUAL_REVIEW,Plate Conf: 72%
11:00:49,2026-09-23T05:31:48Z,CHECKPOST-CHARLIE,CAM-C-CHECKPOST,VEHICLE_ANPR,55,vehicle,car,0.835,7PBOB3551,0.653,VERIFIED,Plate Conf: 90%
11:00:49,2026-09-23T05:31:48Z,CHECKPOST-CHARLIE,CAM-C-CHECKPOST,VEHICLE_ANPR,60,vehicle,car,0.817,PLATE_UNREADABLE,0.0,FLAGGED_FOR_MANUAL_REVIEW,Plate Conf: 84%
11:00:56,2026-09-23T05:31:48Z,CHECKPOST-CHARLIE,CAM-C-CHECKPOST,VEHICLE_ANPR,2,vehicle,car,0.883,3551,0.734,VERIFIED,Plate Conf: 81%
11:00:56,2026-09-23T05:31:48Z,CHECKPOST-CHARLIE,CAM-C-CHECKPOST,VEHICLE_ANPR,10,vehicle,car,0.878,PLATE_UNREADABLE,0.0,FLAGGED_FOR_MANUAL_REVIEW,Plate Conf: 79%
11:00:56,2026-09-23T05:31:48Z,CHECKPOST-CHARLIE,CAM-C-CHECKPOST,VEHICLE_ANPR,24,vehicle,car,0.412,PLATE_UNREADABLE,0.0,FLAGGED_FOR_MANUAL_REVIEW,Plate Conf: 82%
11:00:56,2026-09-23T05:31:48Z,CHECKPOST-CHARLIE,CAM-C-CHECKPOST,VEHICLE_ANPR,30,vehicle,car,0.842,IPBOB355,0.999,VERIFIED,Plate Conf: 83%
11:00:56,2026-09-23T05:31:48Z,CHECKPOST-CHARLIE,CAM-C-CHECKPOST,VEHICLE_ANPR,32,vehicle,car,0.677,PLATE_UNREADABLE,0.0,FLAGGED_FOR_MANUAL_REVIEW,Plate Conf: 85%
11:00:56,2026-09-23T05:31:48Z,CHECKPOST-CHARLIE,CAM-C-CHECKPOST,VEHICLE_ANPR,34,vehicle,car,0.755,FBOB3551,0.696,VERIFIED,Plate Conf: 65%
11:00:56,2026-09-23T05:31:48Z,CHECKPOST-CHARLIE,CAM-C-CHECKPOST,VEHICLE_ANPR,36,vehicle,car,0.837,BOB355,0.992,VERIFIED,Plate Conf: 75%
11:00:56,2026-09-23T05:31:49Z,CHECKPOST-CHARLIE,CAM-C-CHECKPOST,VEHICLE_ANPR,42,vehicle,car,0.559,PLATE_UNREADABLE,0.0,FLAGGED_FOR_MANUAL_REVIEW,Plate Conf: 69%
11:00:56,2026-09-23T05:31:49Z,CHECKPOST-CHARLIE,CAM-C-CHECKPOST,VEHICLE_ANPR,43,vehicle,car,0.806,PLATE_UNREADABLE,0.0,FLAGGED_FOR_MANUAL_REVIEW,Plate Conf: 77%
11:00:56,2026-09-23T05:31:49Z,CHECKPOST-CHARLIE,CAM-C-CHECKPOST,VEHICLE_ANPR,44,vehicle,car,0.629,PLATE_UNREADABLE,0.0,FLAGGED_FOR_MANUAL_REVIEW,Plate Conf: 72%
11:00:56,2026-09-23T05:31:49Z,CHECKPOST-CHARLIE,CAM-C-CHECKPOST,VEHICLE_ANPR,55,vehicle,car,0.704,7PBOB3551,0.653,VERIFIED,Plate Conf: 90%
11:00:56,2026-09-23T05:31:49Z,CHECKPOST-CHARLIE,CAM-C-CHECKPOST,VEHICLE_ANPR,60,vehicle,car,0.854,PLATE_UNREADABLE,0.0,FLAGGED_FOR_MANUAL_REVIEW,Plate Conf: 84%
11:00:56,2026-09-23T05:31:49Z,CHECKPOST-CHARLIE,CAM-C-CHECKPOST,LOITERING,5,human,person,0.65,-,0.0,WARNING,Stationary 15s within 0.26x height (movement 0.02 heights/s)
11:01:04,2026-09-23T05:31:49Z,CHECKPOST-CHARLIE,CAM-C-CHECKPOST,VEHICLE_ANPR,2,vehicle,car,0.883,3551,0.734,VERIFIED,Plate Conf: 81%
11:01:04,2026-09-23T05:31:49Z,CHECKPOST-CHARLIE,CAM-C-CHECKPOST,VEHICLE_ANPR,11,vehicle,car,0.466,FBDF18,0.467,VERIFIED,Plate Conf: 83%
11:01:04,2026-09-23T05:31:49Z,CHECKPOST-CHARLIE,CAM-C-CHECKPOST,VEHICLE_ANPR,24,vehicle,car,0.412,PLATE_UNREADABLE,0.0,FLAGGED_FOR_MANUAL_REVIEW,Plate Conf: 82%
11:01:04,2026-09-23T05:31:49Z,CHECKPOST-CHARLIE,CAM-C-CHECKPOST,VEHICLE_ANPR,30,vehicle,car,0.842,IPBOB355,0.999,VERIFIED,Plate Conf: 83%
11:01:04,2026-09-23T05:31:49Z,CHECKPOST-CHARLIE,CAM-C-CHECKPOST,VEHICLE_ANPR,34,vehicle,car,0.755,FBOB3551,0.696,VERIFIED,Plate Conf: 65%
11:01:04,2026-09-23T05:31:49Z,CHECKPOST-CHARLIE,CAM-C-CHECKPOST,VEHICLE_ANPR,36,vehicle,car,0.929,BOB355,0.992,VERIFIED,Plate Conf: 75%
11:01:04,2026-09-23T05:31:49Z,CHECKPOST-CHARLIE,CAM-C-CHECKPOST,VEHICLE_ANPR,42,vehicle,car,0.487,PLATE_UNREADABLE,0.0,FLAGGED_FOR_MANUAL_REVIEW,Plate Conf: 69%
11:01:04,2026-09-23T05:31:49Z,CHECKPOST-CHARLIE,CAM-C-CHECKPOST,VEHICLE_ANPR,43,vehicle,car,0.806,PLATE_UNREADABLE,0.0,FLAGGED_FOR_MANUAL_REVIEW,Plate Conf: 77%
11:01:48,2026-09-23T05:31:49Z,BOP-SECTOR-B,CAM-B-TRIPWIRE,GROUP_CONVERGENCE,215,human,person,0.6,-,0.0,NOTICE,"3 persons converged within 1.6 body-lengths (tracks [215, 216, 217])"
11:01:04,2026-09-23T05:31:49Z,CHECKPOST-CHARLIE,CAM-C-CHECKPOST,VEHICLE_ANPR,44,vehicle,car,0.629,PLATE_UNREADABLE,0.0,FLAGGED_FOR_MANUAL_REVIEW,Plate Conf: 72%
11:01:04,2026-09-23T05:31:49Z,CHECKPOST-CHARLIE,CAM-C-CHECKPOST,VEHICLE_ANPR,55,vehicle,car,0.704,7PBOB3551,0.653,VERIFIED,Plate Conf: 90%
11:01:11,2026-09-23T05:31:49Z,CHECKPOST-CHARLIE,CAM-C-CHECKPOST,VEHICLE_ANPR,2,vehicle,car,0.883,3551,0.734,VERIFIED,Plate Conf: 81%
11:01:11,2026-09-23T05:31:50Z,CHECKPOST-CHARLIE,CAM-C-CHECKPOST,VEHICLE_ANPR,7,vehicle,car,0.834,PLATE_UNREADABLE,0.0,FLAGGED_FOR_MANUAL_REVIEW,Plate Conf: 84%
11:01:11,2026-09-23T05:31:50Z,CHECKPOST-CHARLIE,CAM-C-CHECKPOST,VEHICLE_ANPR,10,vehicle,car,0.878,PLATE_UNREADABLE,0.0,FLAGGED_FOR_MANUAL_REVIEW,Plate Conf: 79%
11:01:11,2026-09-23T05:31:50Z,CHECKPOST-CHARLIE,CAM-C-CHECKPOST,VEHICLE_ANPR,11,vehicle,car,0.466,FBDF18,0.467,VERIFIED,Plate Conf: 83%
11:01:11,2026-09-23T05:31:50Z,CHECKPOST-CHARLIE,CAM-C-CHECKPOST,VEHICLE_ANPR,24,vehicle,car,0.412,PLATE_UNREADABLE,0.0,FLAGGED_FOR_MANUAL_REVIEW,Plate Conf: 82%
11:01:11,2026-09-23T05:31:50Z,CHECKPOST-CHARLIE,CAM-C-CHECKPOST,VEHICLE_ANPR,30,vehicle,car,0.842,IPBOB355,0.999,VERIFIED,Plate Conf: 83%
11:01:11,2026-09-23T05:31:50Z,CHECKPOST-CHARLIE,CAM-C-CHECKPOST,VEHICLE_ANPR,34,vehicle,car,0.755,FBOB3551,0.696,VERIFIED,Plate Conf: 65%
11:01:11,2026-09-23T05:31:50Z,CHECKPOST-CHARLIE,CAM-C-CHECKPOST,VEHICLE_ANPR,36,vehicle,car,0.929,BOB355,0.992,VERIFIED,Plate Conf: 75%
11:01:11,2026-09-23T05:31:50Z,CHECKPOST-CHARLIE,CAM-C-CHECKPOST,VEHICLE_ANPR,37,vehicle,car,0.489,PLATE_UNREADABLE,0.0,FLAGGED_FOR_MANUAL_REVIEW,Plate Conf: 80%
11:01:11,2026-09-23T05:31:50Z,CHECKPOST-CHARLIE,CAM-C-CHECKPOST,VEHICLE_ANPR,42,vehicle,car,0.487,PLATE_UNREADABLE,0.0,FLAGGED_FOR_MANUAL_REVIEW,Plate Conf: 69%
11:01:11,2026-09-23T05:31:50Z,CHECKPOST-CHARLIE,CAM-C-CHECKPOST,VEHICLE_ANPR,43,vehicle,car,0.806,PLATE_UNREADABLE,0.0,FLAGGED_FOR_MANUAL_REVIEW,Plate Conf: 77%
11:01:11,2026-09-23T05:31:50Z,CHECKPOST-CHARLIE,CAM-C-CHECKPOST,VEHICLE_ANPR,44,vehicle,car,0.629,PLATE_UNREADABLE,0.0,FLAGGED_FOR_MANUAL_REVIEW,Plate Conf: 72%
11:01:11,2026-09-23T05:31:50Z,CHECKPOST-CHARLIE,CAM-C-CHECKPOST,VEHICLE_ANPR,55,vehicle,car,0.861,7PBOB3551,0.653,VERIFIED,Plate Conf: 90%
11:01:11,2026-09-23T05:31:50Z,CHECKPOST-CHARLIE,CAM-C-CHECKPOST,VEHICLE_ANPR,60,vehicle,car,0.406,PLATE_UNREADABLE,0.0,FLAGGED_FOR_MANUAL_REVIEW,Plate Conf: 84%
11:01:11,2026-09-23T05:31:50Z,CHECKPOST-CHARLIE,CAM-C-CHECKPOST,LOITERING,14,human,person,0.65,-,0.0,WARNING,Stationary 43s within 0.23x height (movement 0.01 heights/s)
11:01:17,2026-09-23T05:31:50Z,CHECKPOST-CHARLIE,CAM-C-CHECKPOST,VEHICLE_ANPR,2,vehicle,car,0.883,3551,0.734,VERIFIED,Plate Conf: 81%
11:01:17,2026-09-23T05:31:51Z,CHECKPOST-CHARLIE,CAM-C-CHECKPOST,VEHICLE_ANPR,11,vehicle,car,0.466,FBDF18,0.467,VERIFIED,Plate Conf: 83%
11:01:17,2026-09-23T05:31:51Z,CHECKPOST-CHARLIE,CAM-C-CHECKPOST,VEHICLE_ANPR,24,vehicle,car,0.544,PLATE_UNREADABLE,0.0,FLAGGED_FOR_MANUAL_REVIEW,Plate Conf: 82%
11:01:17,2026-09-23T05:31:51Z,CHECKPOST-CHARLIE,CAM-C-CHECKPOST,VEHICLE_ANPR,30,vehicle,car,0.857,IPBOB355,0.999,VERIFIED,Plate Conf: 83%
11:01:17,2026-09-23T05:31:51Z,CHECKPOST-CHARLIE,CAM-C-CHECKPOST,VEHICLE_ANPR,34,vehicle,car,0.755,FBOB3551,0.696,VERIFIED,Plate Conf: 65%
11:01:17,2026-09-23T05:31:51Z,CHECKPOST-CHARLIE,CAM-C-CHECKPOST,VEHICLE_ANPR,36,vehicle,car,0.929,BOB355,0.992,VERIFIED,Plate Conf: 75%
11:01:17,2026-09-23T05:31:51Z,CHECKPOST-CHARLIE,CAM-C-CHECKPOST,VEHICLE_ANPR,42,vehicle,car,0.487,PLATE_UNREADABLE,0.0,FLAGGED_FOR_MANUAL_REVIEW,Plate Conf: 69%
11:01:17,2026-09-23T05:31:51Z,CHECKPOST-CHARLIE,CAM-C-CHECKPOST,VEHICLE_ANPR,43,vehicle,car,0.858,PLATE_UNREADABLE,0.0,FLAGGED_FOR_MANUAL_REVIEW,Plate Conf: 77%
11:01:17,2026-09-23T05:31:51Z,CHECKPOST-CHARLIE,CAM-C-CHECKPOST,VEHICLE_ANPR,44,vehicle,car,0.629,PLATE_UNREADABLE,0.0,FLAGGED_FOR_MANUAL_REVIEW,Plate Conf: 72%
11:01:17,2026-09-23T05:31:51Z,CHECKPOST-CHARLIE,CAM-C-CHECKPOST,VEHICLE_ANPR,55,vehicle,car,0.861,7PBOB3551,0.653,VERIFIED,Plate Conf: 90%
11:01:17,2026-09-23T05:31:51Z,CHECKPOST-CHARLIE,CAM-C-CHECKPOST,VEHICLE_ANPR,60,vehicle,car,0.406,PLATE_UNREADABLE,0.0,FLAGGED_FOR_MANUAL_REVIEW,Plate Conf: 84%
11:01:17,2026-09-23T05:31:51Z,CHECKPOST-CHARLIE,CAM-C-CHECKPOST,LOITERING,18,human,person,0.65,-,0.0,WARNING,Stationary 12s within 0.13x height (movement 0.01 heights/s)
11:01:17,2026-09-23T05:31:51Z,CHECKPOST-CHARLIE,CAM-C-CHECKPOST,LOITERING,47,human,person,0.65,-,0.0,WARNING,Stationary 12s within 0.26x height (movement 0.02 heights/s)
11:01:17,2026-09-23T05:31:51Z,CHECKPOST-CHARLIE,CAM-C-CHECKPOST,LOITERING,27,human,person,0.65,-,0.0,WARNING,Stationary 12s within 0.11x height (movement 0.01 heights/s)
11:01:17,2026-09-23T05:31:51Z,CHECKPOST-CHARLIE,CAM-C-CHECKPOST,LOITERING,8,human,person,0.65,-,0.0,WARNING,Stationary 12s within 0.26x height (movement 0.02 heights/s)
11:01:23,2026-09-23T05:31:51Z,CHECKPOST-CHARLIE,CAM-C-CHECKPOST,VEHICLE_ANPR,2,vehicle,car,0.883,3551,0.734,VERIFIED,Plate Conf: 81%
11:01:23,2026-09-23T05:31:51Z,CHECKPOST-CHARLIE,CAM-C-CHECKPOST,VEHICLE_ANPR,7,vehicle,car,0.834,PLATE_UNREADABLE,0.0,FLAGGED_FOR_MANUAL_REVIEW,Plate Conf: 84%
11:01:23,2026-09-23T05:31:51Z,CHECKPOST-CHARLIE,CAM-C-CHECKPOST,VEHICLE_ANPR,11,vehicle,car,0.466,FBDF18,0.467,VERIFIED,Plate Conf: 83%
11:01:23,2026-09-23T05:31:52Z,CHECKPOST-CHARLIE,CAM-C-CHECKPOST,VEHICLE_ANPR,24,vehicle,car,0.415,PLATE_UNREADABLE,0.0,FLAGGED_FOR_MANUAL_REVIEW,Plate Conf: 82%
11:01:23,2026-09-23T05:31:52Z,CHECKPOST-CHARLIE,CAM-C-CHECKPOST,VEHICLE_ANPR,30,vehicle,car,0.857,IPBOB355,0.999,VERIFIED,Plate Conf: 83%
11:01:23,2026-09-23T05:31:52Z,CHECKPOST-CHARLIE,CAM-C-CHECKPOST,VEHICLE_ANPR,34,vehicle,car,0.895,FBOB3551,0.696,VERIFIED,Plate Conf: 65%
11:01:23,2026-09-23T05:31:52Z,CHECKPOST-CHARLIE,CAM-C-CHECKPOST,VEHICLE_ANPR,36,vehicle,car,0.929,BOB355,0.992,VERIFIED,Plate Conf: 75%
11:01:23,2026-09-23T05:31:52Z,CHECKPOST-CHARLIE,CAM-C-CHECKPOST,VEHICLE_ANPR,42,vehicle,car,0.487,PLATE_UNREADABLE,0.0,FLAGGED_FOR_MANUAL_REVIEW,Plate Conf: 69%
11:01:23,2026-09-23T05:31:52Z,CHECKPOST-CHARLIE,CAM-C-CHECKPOST,VEHICLE_ANPR,43,vehicle,car,0.858,PLATE_UNREADABLE,0.0,FLAGGED_FOR_MANUAL_REVIEW,Plate Conf: 77%
11:01:23,2026-09-23T05:31:52Z,CHECKPOST-CHARLIE,CAM-C-CHECKPOST,VEHICLE_ANPR,44,vehicle,car,0.646,PLATE_UNREADABLE,0.0,FLAGGED_FOR_MANUAL_REVIEW,Plate Conf: 72%
11:01:23,2026-09-23T05:31:52Z,CHECKPOST-CHARLIE,CAM-C-CHECKPOST,VEHICLE_ANPR,55,vehicle,car,0.861,7PBOB3551,0.653,VERIFIED,Plate Conf: 90%
11:01:23,2026-09-23T05:31:52Z,CHECKPOST-CHARLIE,CAM-C-CHECKPOST,VEHICLE_ANPR,59,vehicle,car,0.828,PLATE_UNREADABLE,0.0,FLAGGED_FOR_MANUAL_REVIEW,Plate Conf: 77%
11:01:23,2026-09-23T05:31:52Z,CHECKPOST-CHARLIE,CAM-C-CHECKPOST,VEHICLE_ANPR,60,vehicle,car,0.406,PLATE_UNREADABLE,0.0,FLAGGED_FOR_MANUAL_REVIEW,Plate Conf: 84%
11:01:23,2026-09-23T05:31:52Z,CHECKPOST-CHARLIE,CAM-C-CHECKPOST,LOITERING,50,human,person,0.65,-,0.0,WARNING,Stationary 18s within 0.24x height (movement 0.01 heights/s)
11:01:23,2026-09-23T05:31:52Z,CHECKPOST-CHARLIE,CAM-C-CHECKPOST,LOITERING,9,human,person,0.65,-,0.0,WARNING,Stationary 18s within 0.06x height (movement 0.00 heights/s)
11:01:51,2026-09-23T05:31:52Z,BOP-SECTOR-B,CAM-B-TRIPWIRE,INTRUSION_ALERT,212,human,person,0.845,-,0.0,UNKNOWN_INTRUDER,"UNKNOWN PERSON | INBOUND (Southbound) at (423, 289) | ID:NONE"
11:01:23,2026-09-23T05:31:52Z,CHECKPOST-CHARLIE,CAM-C-CHECKPOST,GROUP_CONVERGENCE,27,human,person,0.6,-,0.0,NOTICE,"6 persons converged within 1.6 body-lengths (tracks [27, 38, 45, 47, 48, 51])"
11:01:29,2026-09-23T05:31:52Z,CHECKPOST-CHARLIE,CAM-C-CHECKPOST,VEHICLE_ANPR,2,vehicle,car,0.883,3551,0.734,VERIFIED,Plate Conf: 81%
11:01:29,2026-09-23T05:31:52Z,CHECKPOST-CHARLIE,CAM-C-CHECKPOST,VEHICLE_ANPR,11,vehicle,car,0.466,FBDF18,0.467,VERIFIED,Plate Conf: 83%
11:01:29,2026-09-23T05:31:53Z,CHECKPOST-CHARLIE,CAM-C-CHECKPOST,VEHICLE_ANPR,24,vehicle,car,0.496,PLATE_UNREADABLE,0.0,FLAGGED_FOR_MANUAL_REVIEW,Plate Conf: 82%
11:01:29,2026-09-23T05:31:53Z,CHECKPOST-CHARLIE,CAM-C-CHECKPOST,VEHICLE_ANPR,30,vehicle,car,0.857,IPBOB355,0.999,VERIFIED,Plate Conf: 83%
11:01:29,2026-09-23T05:31:53Z,CHECKPOST-CHARLIE,CAM-C-CHECKPOST,VEHICLE_ANPR,34,vehicle,car,0.895,FBOB3551,0.696,VERIFIED,Plate Conf: 65%
11:01:29,2026-09-23T05:31:53Z,CHECKPOST-CHARLIE,CAM-C-CHECKPOST,VEHICLE_ANPR,36,vehicle,car,0.929,BOB355,0.992,VERIFIED,Plate Conf: 75%
11:01:29,2026-09-23T05:31:53Z,CHECKPOST-CHARLIE,CAM-C-CHECKPOST,VEHICLE_ANPR,42,vehicle,car,0.487,PLATE_UNREADABLE,0.0,FLAGGED_FOR_MANUAL_REVIEW,Plate Conf: 69%
11:01:29,2026-09-23T05:31:53Z,CHECKPOST-CHARLIE,CAM-C-CHECKPOST,VEHICLE_ANPR,43,vehicle,car,0.923,PLATE_UNREADABLE,0.0,FLAGGED_FOR_MANUAL_REVIEW,Plate Conf: 77%
11:01:29,2026-09-23T05:31:53Z,CHECKPOST-CHARLIE,CAM-C-CHECKPOST,VEHICLE_ANPR,44,vehicle,car,0.646,PLATE_UNREADABLE,0.0,FLAGGED_FOR_MANUAL_REVIEW,Plate Conf: 72%
11:01:29,2026-09-23T05:31:53Z,CHECKPOST-CHARLIE,CAM-C-CHECKPOST,VEHICLE_ANPR,55,vehicle,car,0.885,7PBOB3551,0.653,VERIFIED,Plate Conf: 90%
11:01:29,2026-09-23T05:31:53Z,CHECKPOST-CHARLIE,CAM-C-CHECKPOST,VEHICLE_ANPR,60,vehicle,car,0.406,PLATE_UNREADABLE,0.0,FLAGGED_FOR_MANUAL_REVIEW,Plate Conf: 84%
11:01:29,2026-09-23T05:31:53Z,CHECKPOST-CHARLIE,CAM-C-CHECKPOST,LOITERING,35,human,person,0.65,-,0.0,WARNING,Stationary 16s within 0.14x height (movement 0.01 heights/s)
11:01:29,2026-09-23T05:31:53Z,CHECKPOST-CHARLIE,CAM-C-CHECKPOST,LOITERING,48,human,person,0.65,-,0.0,WARNING,Stationary 10s within 0.08x height (movement 0.01 heights/s)
11:01:29,2026-09-23T05:31:53Z,CHECKPOST-CHARLIE,CAM-C-CHECKPOST,LOITERING,53,human,person,0.65,-,0.0,WARNING,Stationary 16s within 0.09x height (movement 0.01 heights/s)
11:01:29,2026-09-23T05:31:53Z,CHECKPOST-CHARLIE,CAM-C-CHECKPOST,LOITERING,31,human,person,0.65,-,0.0,WARNING,Stationary 10s within 0.28x height (movement 0.05 heights/s)
11:01:29,2026-09-23T05:31:53Z,CHECKPOST-CHARLIE,CAM-C-CHECKPOST,LOITERING,5,human,person,0.65,-,0.0,WARNING,Stationary 44s within 0.27x height (movement 0.02 heights/s)
11:01:33,2026-09-23T05:31:53Z,CHECKPOST-CHARLIE,CAM-C-CHECKPOST,VEHICLE_ANPR,2,vehicle,car,0.883,3551,0.734,VERIFIED,Plate Conf: 81%
11:01:33,2026-09-23T05:31:53Z,CHECKPOST-CHARLIE,CAM-C-CHECKPOST,VEHICLE_ANPR,7,vehicle,car,0.834,PLATE_UNREADABLE,0.0,FLAGGED_FOR_MANUAL_REVIEW,Plate Conf: 84%
11:01:33,2026-09-23T05:31:54Z,CHECKPOST-CHARLIE,CAM-C-CHECKPOST,VEHICLE_ANPR,11,vehicle,car,0.466,FBDF18,0.467,VERIFIED,Plate Conf: 83%
11:01:33,2026-09-23T05:31:54Z,CHECKPOST-CHARLIE,CAM-C-CHECKPOST,VEHICLE_ANPR,30,vehicle,car,0.925,IPBOB355,0.999,VERIFIED,Plate Conf: 83%
11:01:33,2026-09-23T05:31:54Z,CHECKPOST-CHARLIE,CAM-C-CHECKPOST,VEHICLE_ANPR,34,vehicle,car,0.895,FBOB3551,0.696,VERIFIED,Plate Conf: 65%
11:01:33,2026-09-23T05:31:54Z,CHECKPOST-CHARLIE,CAM-C-CHECKPOST,VEHICLE_ANPR,36,vehicle,car,0.929,BOB355,0.992,VERIFIED,Plate Conf: 75%
11:01:33,2026-09-23T05:31:54Z,CHECKPOST-CHARLIE,CAM-C-CHECKPOST,VEHICLE_ANPR,42,vehicle,car,0.637,PLATE_UNREADABLE,0.0,FLAGGED_FOR_MANUAL_REVIEW,Plate Conf: 69%
11:01:33,2026-09-23T05:31:54Z,CHECKPOST-CHARLIE,CAM-C-CHECKPOST,VEHICLE_ANPR,44,vehicle,car,0.646,PLATE_UNREADABLE,0.0,FLAGGED_FOR_MANUAL_REVIEW,Plate Conf: 72%
11:01:33,2026-09-23T05:31:54Z,CHECKPOST-CHARLIE,CAM-C-CHECKPOST,VEHICLE_ANPR,55,vehicle,car,0.885,7PBOB3551,0.653,VERIFIED,Plate Conf: 90%
11:01:33,2026-09-23T05:31:54Z,CHECKPOST-CHARLIE,CAM-C-CHECKPOST,VEHICLE_ANPR,60,vehicle,car,0.406,PLATE_UNREADABLE,0.0,FLAGGED_FOR_MANUAL_REVIEW,Plate Conf: 84%
11:01:33,2026-09-23T05:31:54Z,CHECKPOST-CHARLIE,CAM-C-CHECKPOST,LOITERING,45,human,person,0.65,-,0.0,WARNING,Stationary 15s within 0.34x height (movement 0.03 heights/s)
11:01:33,2026-09-23T05:31:54Z,CHECKPOST-CHARLIE,CAM-C-CHECKPOST,LOITERING,51,human,person,0.65,-,0.0,WARNING,Stationary 9s within 0.25x height (movement 0.05 heights/s)
11:01:33,2026-09-23T05:31:54Z,CHECKPOST-CHARLIE,CAM-C-CHECKPOST,LOITERING,15,human,person,0.65,-,0.0,WARNING,Stationary 9s within 0.26x height (movement 0.03 heights/s)
11:01:33,2026-09-23T05:31:54Z,CHECKPOST-CHARLIE,CAM-C-CHECKPOST,LOITERING,37,human,person,0.65,-,0.0,WARNING,Stationary 15s within 0.22x height (movement 0.01 heights/s)
11:01:38,2026-09-23T05:31:54Z,CHECKPOST-CHARLIE,CAM-C-CHECKPOST,VEHICLE_ANPR,2,vehicle,car,0.883,3551,0.734,VERIFIED,Plate Conf: 81%
11:01:38,2026-09-23T05:31:54Z,CHECKPOST-CHARLIE,CAM-C-CHECKPOST,VEHICLE_ANPR,11,vehicle,car,0.466,FBDF18,0.467,VERIFIED,Plate Conf: 83%
11:01:38,2026-09-23T05:31:54Z,CHECKPOST-CHARLIE,CAM-C-CHECKPOST,VEHICLE_ANPR,30,vehicle,car,0.925,IPBOB355,0.999,VERIFIED,Plate Conf: 83%
11:01:38,2026-09-23T05:31:54Z,CHECKPOST-CHARLIE,CAM-C-CHECKPOST,VEHICLE_ANPR,34,vehicle,car,0.895,FBOB3551,0.696,VERIFIED,Plate Conf: 65%
11:01:38,2026-09-23T05:31:55Z,CHECKPOST-CHARLIE,CAM-C-CHECKPOST,VEHICLE_ANPR,36,vehicle,car,0.92,BOB355,0.992,VERIFIED,Plate Conf: 75%
11:01:38,2026-09-23T05:31:55Z,CHECKPOST-CHARLIE,CAM-C-CHECKPOST,VEHICLE_ANPR,42,vehicle,car,0.516,PLATE_UNREADABLE,0.0,FLAGGED_FOR_MANUAL_REVIEW,Plate Conf: 69%
11:01:38,2026-09-23T05:31:55Z,CHECKPOST-CHARLIE,CAM-C-CHECKPOST,VEHICLE_ANPR,43,vehicle,car,0.923,PLATE_UNREADABLE,0.0,FLAGGED_FOR_MANUAL_REVIEW,Plate Conf: 77%
11:01:38,2026-09-23T05:31:55Z,CHECKPOST-CHARLIE,CAM-C-CHECKPOST,VEHICLE_ANPR,44,vehicle,car,0.506,PLATE_UNREADABLE,0.0,FLAGGED_FOR_MANUAL_REVIEW,Plate Conf: 72%
11:01:38,2026-09-23T05:31:55Z,CHECKPOST-CHARLIE,CAM-C-CHECKPOST,VEHICLE_ANPR,55,vehicle,car,0.885,7PBOB3551,0.653,VERIFIED,Plate Conf: 90%
11:01:38,2026-09-23T05:31:55Z,CHECKPOST-CHARLIE,CAM-C-CHECKPOST,VEHICLE_ANPR,60,vehicle,car,0.406,PLATE_UNREADABLE,0.0,FLAGGED_FOR_MANUAL_REVIEW,Plate Conf: 84%
11:01:42,2026-09-23T05:31:55Z,CHECKPOST-CHARLIE,CAM-C-CHECKPOST,VEHICLE_ANPR,2,vehicle,car,0.883,3551,0.734,VERIFIED,Plate Conf: 81%
11:01:42,2026-09-23T05:31:55Z,CHECKPOST-CHARLIE,CAM-C-CHECKPOST,VEHICLE_ANPR,7,vehicle,car,0.834,PLATE_UNREADABLE,0.0,FLAGGED_FOR_MANUAL_REVIEW,Plate Conf: 84%
11:01:42,2026-09-23T05:31:55Z,CHECKPOST-CHARLIE,CAM-C-CHECKPOST,VEHICLE_ANPR,11,vehicle,car,0.466,FBDF18,0.467,VERIFIED,Plate Conf: 83%
11:01:42,2026-09-23T05:31:55Z,CHECKPOST-CHARLIE,CAM-C-CHECKPOST,VEHICLE_ANPR,30,vehicle,car,0.925,IPBOB355,0.999,VERIFIED,Plate Conf: 83%
11:01:42,2026-09-23T05:31:55Z,CHECKPOST-CHARLIE,CAM-C-CHECKPOST,VEHICLE_ANPR,34,vehicle,car,0.927,FBOB3551,0.696,VERIFIED,Plate Conf: 65%
11:01:42,2026-09-23T05:31:55Z,CHECKPOST-CHARLIE,CAM-C-CHECKPOST,VEHICLE_ANPR,36,vehicle,car,0.92,BOB355,0.992,VERIFIED,Plate Conf: 75%
11:01:42,2026-09-23T05:31:55Z,CHECKPOST-CHARLIE,CAM-C-CHECKPOST,VEHICLE_ANPR,43,vehicle,car,0.923,PLATE_UNREADABLE,0.0,FLAGGED_FOR_MANUAL_REVIEW,Plate Conf: 77%
11:01:42,2026-09-23T05:31:55Z,CHECKPOST-CHARLIE,CAM-C-CHECKPOST,VEHICLE_ANPR,44,vehicle,car,0.672,PLATE_UNREADABLE,0.0,FLAGGED_FOR_MANUAL_REVIEW,Plate Conf: 72%
11:01:42,2026-09-23T05:31:55Z,CHECKPOST-CHARLIE,CAM-C-CHECKPOST,VEHICLE_ANPR,55,vehicle,car,0.885,7PBOB3551,0.653,VERIFIED,Plate Conf: 90%
11:01:42,2026-09-23T05:31:55Z,CHECKPOST-CHARLIE,CAM-C-CHECKPOST,VEHICLE_ANPR,60,vehicle,car,0.406,PLATE_UNREADABLE,0.0,FLAGGED_FOR_MANUAL_REVIEW,Plate Conf: 84%
11:01:42,2026-09-23T05:31:56Z,CHECKPOST-CHARLIE,CAM-C-CHECKPOST,LOITERING,18,human,person,0.65,-,0.0,WARNING,Stationary 36s within 0.19x height (movement 0.01 heights/s)
11:01:42,2026-09-23T05:31:56Z,CHECKPOST-CHARLIE,CAM-C-CHECKPOST,LOITERING,8,human,person,0.65,-,0.0,WARNING,Stationary 36s within 0.29x height (movement 0.02 heights/s)
11:01:56,2026-09-23T05:31:58Z,BOP-SECTOR-B,CAM-B-TRIPWIRE,LOITERING,216,human,person,0.65,-,0.0,WARNING,Stationary 10s within 0.32x height (movement 0.07 heights/s)
11:01:59,2026-09-23T05:32:00Z,BOP-SECTOR-B,CAM-B-TRIPWIRE,LOITERING,189,human,person,0.65,-,0.0,WARNING,Stationary 8s within 0.27x height (movement 0.03 heights/s)
11:02:04,2026-09-23T05:32:05Z,BOP-SECTOR-B,CAM-B-TRIPWIRE,LOITERING,185,human,person,0.65,-,0.0,WARNING,Stationary 34s within 0.28x height (movement 0.01 heights/s)
11:02:10,2026-09-23T05:32:12Z,BOP-SECTOR-B,CAM-B-TRIPWIRE,LOITERING,218,human,person,0.65,-,0.0,WARNING,Stationary 14s within 0.15x height (movement 0.01 heights/s)
11:02:10,2026-09-23T05:32:12Z,BOP-SECTOR-B,CAM-B-TRIPWIRE,GROUP_CONVERGENCE,113,human,person,0.6,-,0.0,NOTICE,"4 persons converged within 1.6 body-lengths (tracks [113, 215, 216, 218])"
11:02:23,2026-09-23T05:32:24Z,BOP-SECTOR-B,CAM-B-TRIPWIRE,INTRUSION_ALERT,221,human,person,0.896,-,0.0,UNKNOWN_INTRUDER,"UNKNOWN PERSON | INBOUND (Southbound) at (437, 296) | ID:NONE"
11:02:40,2026-09-23T05:32:43Z,BOP-SECTOR-B,CAM-B-TRIPWIRE,LOITERING,185,human,person,0.65,-,0.0,WARNING,Stationary 16s within 0.07x height (movement 0.00 heights/s)
11:01:47,2026-09-23T05:32:48Z,CHECKPOST-CHARLIE,CAM-C-CHECKPOST,VEHICLE_ANPR,2,vehicle,car,0.883,3551,0.734,VERIFIED,Plate Conf: 81%
11:01:47,2026-09-23T05:32:48Z,CHECKPOST-CHARLIE,CAM-C-CHECKPOST,VEHICLE_ANPR,24,vehicle,car,0.413,PLATE_UNREADABLE,0.0,FLAGGED_FOR_MANUAL_REVIEW,Plate Conf: 82%
11:01:47,2026-09-23T05:32:48Z,CHECKPOST-CHARLIE,CAM-C-CHECKPOST,VEHICLE_ANPR,30,vehicle,car,0.831,IPBOB355,0.999,VERIFIED,Plate Conf: 83%
11:01:47,2026-09-23T05:32:48Z,CHECKPOST-CHARLIE,CAM-C-CHECKPOST,VEHICLE_ANPR,34,vehicle,car,0.927,FBOB3551,0.696,VERIFIED,Plate Conf: 65%
11:01:47,2026-09-23T05:32:48Z,CHECKPOST-CHARLIE,CAM-C-CHECKPOST,VEHICLE_ANPR,36,vehicle,car,0.92,BOB355,0.992,VERIFIED,Plate Conf: 75%
11:01:47,2026-09-23T05:32:48Z,CHECKPOST-CHARLIE,CAM-C-CHECKPOST,VEHICLE_ANPR,42,vehicle,car,0.516,PLATE_UNREADABLE,0.0,FLAGGED_FOR_MANUAL_REVIEW,Plate Conf: 69%
11:01:47,2026-09-23T05:32:48Z,CHECKPOST-CHARLIE,CAM-C-CHECKPOST,VEHICLE_ANPR,43,vehicle,car,0.869,PLATE_UNREADABLE,0.0,FLAGGED_FOR_MANUAL_REVIEW,Plate Conf: 77%
11:01:47,2026-09-23T05:32:48Z,CHECKPOST-CHARLIE,CAM-C-CHECKPOST,VEHICLE_ANPR,44,vehicle,car,0.672,PLATE_UNREADABLE,0.0,FLAGGED_FOR_MANUAL_REVIEW,Plate Conf: 72%
11:01:47,2026-09-23T05:32:48Z,CHECKPOST-CHARLIE,CAM-C-CHECKPOST,VEHICLE_ANPR,55,vehicle,car,0.885,7PBOB3551,0.653,VERIFIED,Plate Conf: 90%
11:01:47,2026-09-23T05:32:48Z,CHECKPOST-CHARLIE,CAM-C-CHECKPOST,VEHICLE_ANPR,60,vehicle,car,0.406,PLATE_UNREADABLE,0.0,FLAGGED_FOR_MANUAL_REVIEW,Plate Conf: 84%
11:01:47,2026-09-23T05:32:48Z,CHECKPOST-CHARLIE,CAM-C-CHECKPOST,LOITERING,14,human,person,0.65,-,0.0,WARNING,Stationary 77s within 0.28x height (movement 0.01 heights/s)
11:01:52,2026-09-23T05:32:48Z,CHECKPOST-CHARLIE,CAM-C-CHECKPOST,VEHICLE_ANPR,2,vehicle,car,0.883,3551,0.734,VERIFIED,Plate Conf: 81%
11:01:52,2026-09-23T05:32:48Z,CHECKPOST-CHARLIE,CAM-C-CHECKPOST,VEHICLE_ANPR,7,vehicle,car,0.86,PLATE_UNREADABLE,0.0,FLAGGED_FOR_MANUAL_REVIEW,Plate Conf: 84%
11:01:52,2026-09-23T05:32:48Z,CHECKPOST-CHARLIE,CAM-C-CHECKPOST,VEHICLE_ANPR,11,vehicle,car,0.466,FBDF18,0.467,VERIFIED,Plate Conf: 83%
11:01:52,2026-09-23T05:32:48Z,CHECKPOST-CHARLIE,CAM-C-CHECKPOST,VEHICLE_ANPR,24,vehicle,car,0.413,PLATE_UNREADABLE,0.0,FLAGGED_FOR_MANUAL_REVIEW,Plate Conf: 82%
11:01:52,2026-09-23T05:32:48Z,CHECKPOST-CHARLIE,CAM-C-CHECKPOST,VEHICLE_ANPR,30,vehicle,car,0.831,IPBOB355,0.999,VERIFIED,Plate Conf: 83%
11:01:52,2026-09-23T05:32:48Z,CHECKPOST-CHARLIE,CAM-C-CHECKPOST,VEHICLE_ANPR,34,vehicle,car,0.927,FBOB3551,0.696,VERIFIED,Plate Conf: 65%
11:01:52,2026-09-23T05:32:48Z,CHECKPOST-CHARLIE,CAM-C-CHECKPOST,VEHICLE_ANPR,36,vehicle,car,0.92,BOB355,0.992,VERIFIED,Plate Conf: 75%
11:01:52,2026-09-23T05:32:48Z,CHECKPOST-CHARLIE,CAM-C-CHECKPOST,VEHICLE_ANPR,37,vehicle,car,0.606,PLATE_UNREADABLE,0.0,FLAGGED_FOR_MANUAL_REVIEW,Plate Conf: 80%
11:01:52,2026-09-23T05:32:49Z,CHECKPOST-CHARLIE,CAM-C-CHECKPOST,VEHICLE_ANPR,42,vehicle,car,0.516,PLATE_UNREADABLE,0.0,FLAGGED_FOR_MANUAL_REVIEW,Plate Conf: 69%
11:01:52,2026-09-23T05:32:49Z,CHECKPOST-CHARLIE,CAM-C-CHECKPOST,VEHICLE_ANPR,44,vehicle,car,0.672,PLATE_UNREADABLE,0.0,FLAGGED_FOR_MANUAL_REVIEW,Plate Conf: 72%
11:01:52,2026-09-23T05:32:49Z,CHECKPOST-CHARLIE,CAM-C-CHECKPOST,VEHICLE_ANPR,55,vehicle,car,0.869,7PBOB3551,0.653,VERIFIED,Plate Conf: 90%
11:01:52,2026-09-23T05:32:49Z,CHECKPOST-CHARLIE,CAM-C-CHECKPOST,VEHICLE_ANPR,60,vehicle,car,0.498,PLATE_UNREADABLE,0.0,FLAGGED_FOR_MANUAL_REVIEW,Plate Conf: 84%
11:01:52,2026-09-23T05:32:49Z,CHECKPOST-CHARLIE,CAM-C-CHECKPOST,LOITERING,5,human,person,0.65,-,0.0,WARNING,Stationary 69s within 0.26x height (movement 0.01 heights/s)
11:01:52,2026-09-23T05:32:49Z,CHECKPOST-CHARLIE,CAM-C-CHECKPOST,LOITERING,53,human,person,0.65,-,0.0,WARNING,Stationary 41s within 0.15x height (movement 0.01 heights/s)
11:01:58,2026-09-23T05:32:49Z,CHECKPOST-CHARLIE,CAM-C-CHECKPOST,VEHICLE_ANPR,2,vehicle,car,0.883,3551,0.734,VERIFIED,Plate Conf: 81%
11:01:58,2026-09-23T05:32:49Z,CHECKPOST-CHARLIE,CAM-C-CHECKPOST,VEHICLE_ANPR,11,vehicle,car,0.466,FBDF18,0.467,VERIFIED,Plate Conf: 83%
11:01:58,2026-09-23T05:32:49Z,CHECKPOST-CHARLIE,CAM-C-CHECKPOST,VEHICLE_ANPR,24,vehicle,car,0.413,PLATE_UNREADABLE,0.0,FLAGGED_FOR_MANUAL_REVIEW,Plate Conf: 82%
11:01:58,2026-09-23T05:32:49Z,CHECKPOST-CHARLIE,CAM-C-CHECKPOST,VEHICLE_ANPR,30,vehicle,car,0.831,IPBOB355,0.999,VERIFIED,Plate Conf: 83%
11:01:58,2026-09-23T05:32:49Z,CHECKPOST-CHARLIE,CAM-C-CHECKPOST,VEHICLE_ANPR,34,vehicle,car,0.927,FBOB3551,0.696,VERIFIED,Plate Conf: 65%
11:01:58,2026-09-23T05:32:50Z,CHECKPOST-CHARLIE,CAM-C-CHECKPOST,VEHICLE_ANPR,36,vehicle,car,0.92,BOB355,0.992,VERIFIED,Plate Conf: 75%
11:01:58,2026-09-23T05:32:50Z,CHECKPOST-CHARLIE,CAM-C-CHECKPOST,VEHICLE_ANPR,37,vehicle,car,0.606,PLATE_UNREADABLE,0.0,FLAGGED_FOR_MANUAL_REVIEW,Plate Conf: 80%
11:01:58,2026-09-23T05:32:50Z,CHECKPOST-CHARLIE,CAM-C-CHECKPOST,VEHICLE_ANPR,42,vehicle,car,0.516,PLATE_UNREADABLE,0.0,FLAGGED_FOR_MANUAL_REVIEW,Plate Conf: 69%
11:01:58,2026-09-23T05:32:50Z,CHECKPOST-CHARLIE,CAM-C-CHECKPOST,VEHICLE_ANPR,44,vehicle,car,0.629,PLATE_UNREADABLE,0.0,FLAGGED_FOR_MANUAL_REVIEW,Plate Conf: 72%
11:01:58,2026-09-23T05:32:50Z,CHECKPOST-CHARLIE,CAM-C-CHECKPOST,VEHICLE_ANPR,55,vehicle,car,0.869,7PBOB3551,0.653,VERIFIED,Plate Conf: 90%
11:01:58,2026-09-23T05:32:50Z,CHECKPOST-CHARLIE,CAM-C-CHECKPOST,VEHICLE_ANPR,60,vehicle,car,0.498,PLATE_UNREADABLE,0.0,FLAGGED_FOR_MANUAL_REVIEW,Plate Conf: 84%
11:01:58,2026-09-23T05:32:50Z,CHECKPOST-CHARLIE,CAM-C-CHECKPOST,LOITERING,45,human,person,0.65,-,0.0,WARNING,Stationary 40s within 0.34x height (movement 0.01 heights/s)
11:02:03,2026-09-23T05:32:50Z,CHECKPOST-CHARLIE,CAM-C-CHECKPOST,VEHICLE_ANPR,2,vehicle,car,0.883,3551,0.734,VERIFIED,Plate Conf: 81%
11:02:03,2026-09-23T05:32:50Z,CHECKPOST-CHARLIE,CAM-C-CHECKPOST,VEHICLE_ANPR,11,vehicle,car,0.466,FBDF18,0.467,VERIFIED,Plate Conf: 83%
11:02:03,2026-09-23T05:32:50Z,CHECKPOST-CHARLIE,CAM-C-CHECKPOST,VEHICLE_ANPR,24,vehicle,car,0.413,PLATE_UNREADABLE,0.0,FLAGGED_FOR_MANUAL_REVIEW,Plate Conf: 82%
11:02:03,2026-09-23T05:32:50Z,CHECKPOST-CHARLIE,CAM-C-CHECKPOST,VEHICLE_ANPR,30,vehicle,car,0.831,IPBOB355,0.999,VERIFIED,Plate Conf: 83%
11:02:03,2026-09-23T05:32:50Z,CHECKPOST-CHARLIE,CAM-C-CHECKPOST,VEHICLE_ANPR,34,vehicle,car,0.907,FBOB3551,0.696,VERIFIED,Plate Conf: 65%
11:02:03,2026-09-23T05:32:50Z,CHECKPOST-CHARLIE,CAM-C-CHECKPOST,VEHICLE_ANPR,36,vehicle,car,0.92,BOB355,0.992,VERIFIED,Plate Conf: 75%
11:02:03,2026-09-23T05:32:50Z,CHECKPOST-CHARLIE,CAM-C-CHECKPOST,VEHICLE_ANPR,37,vehicle,car,0.606,PLATE_UNREADABLE,0.0,FLAGGED_FOR_MANUAL_REVIEW,Plate Conf: 80%
11:02:03,2026-09-23T05:32:50Z,CHECKPOST-CHARLIE,CAM-C-CHECKPOST,VEHICLE_ANPR,42,vehicle,car,0.516,PLATE_UNREADABLE,0.0,FLAGGED_FOR_MANUAL_REVIEW,Plate Conf: 69%
11:02:03,2026-09-23T05:32:50Z,CHECKPOST-CHARLIE,CAM-C-CHECKPOST,VEHICLE_ANPR,43,vehicle,car,0.869,PLATE_UNREADABLE,0.0,FLAGGED_FOR_MANUAL_REVIEW,Plate Conf: 77%
11:02:03,2026-09-23T05:32:51Z,CHECKPOST-CHARLIE,CAM-C-CHECKPOST,VEHICLE_ANPR,44,vehicle,car,0.616,PLATE_UNREADABLE,0.0,FLAGGED_FOR_MANUAL_REVIEW,Plate Conf: 72%
11:02:03,2026-09-23T05:32:51Z,CHECKPOST-CHARLIE,CAM-C-CHECKPOST,VEHICLE_ANPR,55,vehicle,car,0.869,7PBOB3551,0.653,VERIFIED,Plate Conf: 90%
11:02:03,2026-09-23T05:32:51Z,CHECKPOST-CHARLIE,CAM-C-CHECKPOST,VEHICLE_ANPR,60,vehicle,car,0.498,PLATE_UNREADABLE,0.0,FLAGGED_FOR_MANUAL_REVIEW,Plate Conf: 84%
11:02:03,2026-09-23T05:32:51Z,CHECKPOST-CHARLIE,CAM-C-CHECKPOST,LOITERING,48,human,person,0.65,-,0.0,WARNING,Stationary 46s within 0.19x height (movement 0.02 heights/s)
11:02:09,2026-09-23T05:32:51Z,CHECKPOST-CHARLIE,CAM-C-CHECKPOST,VEHICLE_ANPR,2,vehicle,car,0.883,3551,0.734,VERIFIED,Plate Conf: 81%
11:02:09,2026-09-23T05:32:51Z,CHECKPOST-CHARLIE,CAM-C-CHECKPOST,VEHICLE_ANPR,7,vehicle,car,0.86,PLATE_UNREADABLE,0.0,FLAGGED_FOR_MANUAL_REVIEW,Plate Conf: 84%
11:02:09,2026-09-23T05:32:51Z,CHECKPOST-CHARLIE,CAM-C-CHECKPOST,VEHICLE_ANPR,11,vehicle,car,0.466,FBDF18,0.467,VERIFIED,Plate Conf: 83%
11:02:09,2026-09-23T05:32:51Z,CHECKPOST-CHARLIE,CAM-C-CHECKPOST,VEHICLE_ANPR,24,vehicle,car,0.82,PLATE_UNREADABLE,0.0,FLAGGED_FOR_MANUAL_REVIEW,Plate Conf: 82%
11:02:09,2026-09-23T05:32:51Z,CHECKPOST-CHARLIE,CAM-C-CHECKPOST,VEHICLE_ANPR,30,vehicle,car,0.831,IPBOB355,0.999,VERIFIED,Plate Conf: 83%
11:02:09,2026-09-23T05:32:51Z,CHECKPOST-CHARLIE,CAM-C-CHECKPOST,VEHICLE_ANPR,34,vehicle,car,0.907,FBOB3551,0.696,VERIFIED,Plate Conf: 65%
11:02:09,2026-09-23T05:32:51Z,CHECKPOST-CHARLIE,CAM-C-CHECKPOST,VEHICLE_ANPR,36,vehicle,car,0.92,BOB355,0.992,VERIFIED,Plate Conf: 75%
11:02:09,2026-09-23T05:32:51Z,CHECKPOST-CHARLIE,CAM-C-CHECKPOST,VEHICLE_ANPR,37,vehicle,car,0.606,PLATE_UNREADABLE,0.0,FLAGGED_FOR_MANUAL_REVIEW,Plate Conf: 80%
11:02:09,2026-09-23T05:32:51Z,CHECKPOST-CHARLIE,CAM-C-CHECKPOST,VEHICLE_ANPR,38,vehicle,car,0.403,PLATE_UNREADABLE,0.0,FLAGGED_FOR_MANUAL_REVIEW,Plate Conf: 78%
11:02:09,2026-09-23T05:32:52Z,CHECKPOST-CHARLIE,CAM-C-CHECKPOST,VEHICLE_ANPR,42,vehicle,car,0.516,PLATE_UNREADABLE,0.0,FLAGGED_FOR_MANUAL_REVIEW,Plate Conf: 69%
11:02:09,2026-09-23T05:32:52Z,CHECKPOST-CHARLIE,CAM-C-CHECKPOST,VEHICLE_ANPR,44,vehicle,car,0.616,PLATE_UNREADABLE,0.0,FLAGGED_FOR_MANUAL_REVIEW,Plate Conf: 72%
11:02:09,2026-09-23T05:32:52Z,CHECKPOST-CHARLIE,CAM-C-CHECKPOST,VEHICLE_ANPR,55,vehicle,car,0.809,7PBOB3551,0.653,VERIFIED,Plate Conf: 90%
11:02:09,2026-09-23T05:32:52Z,CHECKPOST-CHARLIE,CAM-C-CHECKPOST,LOITERING,31,human,person,0.65,-,0.0,WARNING,Stationary 17s within 0.09x height (movement 0.01 heights/s)
11:02:09,2026-09-23T05:32:52Z,CHECKPOST-CHARLIE,CAM-C-CHECKPOST,LOITERING,35,human,person,0.65,-,0.0,WARNING,Stationary 17s within 0.09x height (movement 0.01 heights/s)
11:02:09,2026-09-23T05:32:52Z,CHECKPOST-CHARLIE,CAM-C-CHECKPOST,LOITERING,52,human,person,0.65,-,0.0,WARNING,Stationary 17s within 0.15x height (movement 0.01 heights/s)
11:02:09,2026-09-23T05:32:52Z,CHECKPOST-CHARLIE,CAM-C-CHECKPOST,LOITERING,40,human,person,0.65,-,0.0,WARNING,Stationary 17s within 0.14x height (movement 0.01 heights/s)
11:02:15,2026-09-23T05:32:52Z,CHECKPOST-CHARLIE,CAM-C-CHECKPOST,VEHICLE_ANPR,2,vehicle,car,0.883,3551,0.734,VERIFIED,Plate Conf: 81%
11:02:15,2026-09-23T05:32:52Z,CHECKPOST-CHARLIE,CAM-C-CHECKPOST,VEHICLE_ANPR,11,vehicle,car,0.466,FBDF18,0.467,VERIFIED,Plate Conf: 83%
11:02:15,2026-09-23T05:32:52Z,CHECKPOST-CHARLIE,CAM-C-CHECKPOST,VEHICLE_ANPR,30,vehicle,car,0.831,IPBOB355,0.999,VERIFIED,Plate Conf: 83%
11:02:15,2026-09-23T05:32:52Z,CHECKPOST-CHARLIE,CAM-C-CHECKPOST,VEHICLE_ANPR,34,vehicle,car,0.907,FBOB3551,0.696,VERIFIED,Plate Conf: 65%
11:02:15,2026-09-23T05:32:52Z,CHECKPOST-CHARLIE,CAM-C-CHECKPOST,VEHICLE_ANPR,36,vehicle,car,0.897,BOB355,0.992,VERIFIED,Plate Conf: 75%
11:02:15,2026-09-23T05:32:52Z,CHECKPOST-CHARLIE,CAM-C-CHECKPOST,VEHICLE_ANPR,37,vehicle,car,0.606,PLATE_UNREADABLE,0.0,FLAGGED_FOR_MANUAL_REVIEW,Plate Conf: 80%
11:02:15,2026-09-23T05:32:53Z,CHECKPOST-CHARLIE,CAM-C-CHECKPOST,VEHICLE_ANPR,38,vehicle,car,0.403,PLATE_UNREADABLE,0.0,FLAGGED_FOR_MANUAL_REVIEW,Plate Conf: 78%
11:02:15,2026-09-23T05:32:53Z,CHECKPOST-CHARLIE,CAM-C-CHECKPOST,VEHICLE_ANPR,42,vehicle,car,0.871,PLATE_UNREADABLE,0.0,FLAGGED_FOR_MANUAL_REVIEW,Plate Conf: 69%
11:02:15,2026-09-23T05:32:53Z,CHECKPOST-CHARLIE,CAM-C-CHECKPOST,VEHICLE_ANPR,44,vehicle,car,0.522,PLATE_UNREADABLE,0.0,FLAGGED_FOR_MANUAL_REVIEW,Plate Conf: 72%
11:02:15,2026-09-23T05:32:53Z,CHECKPOST-CHARLIE,CAM-C-CHECKPOST,VEHICLE_ANPR,55,vehicle,car,0.809,7PBOB3551,0.653,VERIFIED,Plate Conf: 90%
11:02:15,2026-09-23T05:32:53Z,CHECKPOST-CHARLIE,CAM-C-CHECKPOST,LOITERING,28,human,person,0.65,-,0.0,WARNING,Stationary 15s within 0.15x height (movement 0.01 heights/s)
11:02:15,2026-09-23T05:32:53Z,CHECKPOST-CHARLIE,CAM-C-CHECKPOST,LOITERING,13,human,person,0.65,-,0.0,WARNING,Stationary 20s within 0.24x height (movement 0.01 heights/s)
11:02:15,2026-09-23T05:32:53Z,CHECKPOST-CHARLIE,CAM-C-CHECKPOST,LOITERING,64,human,person,0.65,-,0.0,WARNING,Stationary 20s within 0.30x height (movement 0.03 heights/s)
11:02:15,2026-09-23T05:32:53Z,CHECKPOST-CHARLIE,CAM-C-CHECKPOST,LOITERING,51,human,person,0.65,-,0.0,WARNING,Stationary 15s within 0.19x height (movement 0.01 heights/s)
11:02:23,2026-09-23T05:32:53Z,CHECKPOST-CHARLIE,CAM-C-CHECKPOST,VEHICLE_ANPR,2,vehicle,car,0.883,3551,0.734,VERIFIED,Plate Conf: 81%
11:02:23,2026-09-23T05:32:53Z,CHECKPOST-CHARLIE,CAM-C-CHECKPOST,VEHICLE_ANPR,11,vehicle,car,0.466,FBDF18,0.467,VERIFIED,Plate Conf: 83%
11:02:23,2026-09-23T05:32:53Z,CHECKPOST-CHARLIE,CAM-C-CHECKPOST,VEHICLE_ANPR,30,vehicle,car,0.831,IPBOB355,0.999,VERIFIED,Plate Conf: 83%
11:02:23,2026-09-23T05:32:53Z,CHECKPOST-CHARLIE,CAM-C-CHECKPOST,VEHICLE_ANPR,34,vehicle,car,0.907,FBOB3551,0.696,VERIFIED,Plate Conf: 65%
11:02:23,2026-09-23T05:32:53Z,CHECKPOST-CHARLIE,CAM-C-CHECKPOST,VEHICLE_ANPR,36,vehicle,car,0.897,BOB355,0.992,VERIFIED,Plate Conf: 75%
11:02:23,2026-09-23T05:32:53Z,CHECKPOST-CHARLIE,CAM-C-CHECKPOST,VEHICLE_ANPR,37,vehicle,car,0.606,PLATE_UNREADABLE,0.0,FLAGGED_FOR_MANUAL_REVIEW,Plate Conf: 80%
11:02:23,2026-09-23T05:32:53Z,CHECKPOST-CHARLIE,CAM-C-CHECKPOST,VEHICLE_ANPR,38,vehicle,car,0.403,PLATE_UNREADABLE,0.0,FLAGGED_FOR_MANUAL_REVIEW,Plate Conf: 78%
11:02:23,2026-09-23T05:32:54Z,CHECKPOST-CHARLIE,CAM-C-CHECKPOST,VEHICLE_ANPR,42,vehicle,car,0.876,PLATE_UNREADABLE,0.0,FLAGGED_FOR_MANUAL_REVIEW,Plate Conf: 69%
11:02:23,2026-09-23T05:32:54Z,CHECKPOST-CHARLIE,CAM-C-CHECKPOST,VEHICLE_ANPR,43,vehicle,car,0.388,PLATE_UNREADABLE,0.0,FLAGGED_FOR_MANUAL_REVIEW,Plate Conf: 77%
11:02:23,2026-09-23T05:32:54Z,CHECKPOST-CHARLIE,CAM-C-CHECKPOST,VEHICLE_ANPR,44,vehicle,car,0.479,PLATE_UNREADABLE,0.0,FLAGGED_FOR_MANUAL_REVIEW,Plate Conf: 72%
11:02:23,2026-09-23T05:32:54Z,CHECKPOST-CHARLIE,CAM-C-CHECKPOST,VEHICLE_ANPR,55,vehicle,car,0.809,7PBOB3551,0.653,VERIFIED,Plate Conf: 90%
11:02:23,2026-09-23T05:32:54Z,CHECKPOST-CHARLIE,CAM-C-CHECKPOST,VEHICLE_ANPR,66,vehicle,car,0.935,PLATE_UNREADABLE,0.0,FLAGGED_FOR_MANUAL_REVIEW,Plate Conf: 26%
11:02:23,2026-09-23T05:32:54Z,CHECKPOST-CHARLIE,CAM-C-CHECKPOST,LOITERING,60,human,person,0.65,-,0.0,WARNING,Stationary 11s within 0.24x height (movement 0.02 heights/s)
11:02:23,2026-09-23T05:32:54Z,CHECKPOST-CHARLIE,CAM-C-CHECKPOST,LOITERING,41,human,person,0.65,-,0.0,WARNING,Stationary 11s within 0.04x height (movement 0.00 heights/s)
11:02:23,2026-09-23T05:32:54Z,CHECKPOST-CHARLIE,CAM-C-CHECKPOST,GROUP_CONVERGENCE,28,human,person,0.6,-,0.0,NOTICE,"4 persons converged within 1.6 body-lengths (tracks [28, 41, 50, 64])"
11:02:34,2026-09-23T05:32:54Z,CHECKPOST-CHARLIE,CAM-C-CHECKPOST,VEHICLE_ANPR,2,vehicle,car,0.883,3551,0.734,VERIFIED,Plate Conf: 81%
11:02:34,2026-09-23T05:32:54Z,CHECKPOST-CHARLIE,CAM-C-CHECKPOST,VEHICLE_ANPR,11,vehicle,car,0.466,FBDF18,0.467,VERIFIED,Plate Conf: 83%
11:02:34,2026-09-23T05:32:54Z,CHECKPOST-CHARLIE,CAM-C-CHECKPOST,VEHICLE_ANPR,30,vehicle,car,0.831,IPBOB355,0.999,VERIFIED,Plate Conf: 83%
11:02:34,2026-09-23T05:32:54Z,CHECKPOST-CHARLIE,CAM-C-CHECKPOST,VEHICLE_ANPR,34,vehicle,car,0.907,FBOB3551,0.696,VERIFIED,Plate Conf: 65%
11:02:34,2026-09-23T05:32:54Z,CHECKPOST-CHARLIE,CAM-C-CHECKPOST,VEHICLE_ANPR,36,vehicle,car,0.815,BOB355,0.992,VERIFIED,Plate Conf: 75%
11:02:34,2026-09-23T05:32:54Z,CHECKPOST-CHARLIE,CAM-C-CHECKPOST,VEHICLE_ANPR,37,vehicle,car,0.606,PLATE_UNREADABLE,0.0,FLAGGED_FOR_MANUAL_REVIEW,Plate Conf: 80%
11:02:34,2026-09-23T05:32:55Z,CHECKPOST-CHARLIE,CAM-C-CHECKPOST,VEHICLE_ANPR,38,vehicle,car,0.403,PLATE_UNREADABLE,0.0,FLAGGED_FOR_MANUAL_REVIEW,Plate Conf: 78%
11:02:34,2026-09-23T05:32:55Z,CHECKPOST-CHARLIE,CAM-C-CHECKPOST,VEHICLE_ANPR,42,vehicle,car,0.892,PLATE_UNREADABLE,0.0,FLAGGED_FOR_MANUAL_REVIEW,Plate Conf: 69%
11:02:34,2026-09-23T05:32:55Z,CHECKPOST-CHARLIE,CAM-C-CHECKPOST,VEHICLE_ANPR,43,vehicle,car,0.388,PLATE_UNREADABLE,0.0,FLAGGED_FOR_MANUAL_REVIEW,Plate Conf: 77%
11:02:34,2026-09-23T05:32:55Z,CHECKPOST-CHARLIE,CAM-C-CHECKPOST,VEHICLE_ANPR,44,vehicle,car,0.474,PLATE_UNREADABLE,0.0,FLAGGED_FOR_MANUAL_REVIEW,Plate Conf: 72%
11:02:34,2026-09-23T05:32:55Z,CHECKPOST-CHARLIE,CAM-C-CHECKPOST,VEHICLE_ANPR,55,vehicle,car,0.809,7PBOB3551,0.653,VERIFIED,Plate Conf: 90%
11:02:34,2026-09-23T05:32:55Z,CHECKPOST-CHARLIE,CAM-C-CHECKPOST,VEHICLE_ANPR,66,vehicle,car,0.935,PLATE_UNREADABLE,0.0,FLAGGED_FOR_MANUAL_REVIEW,Plate Conf: 26%
11:02:34,2026-09-23T05:32:55Z,CHECKPOST-CHARLIE,CAM-C-CHECKPOST,LOITERING,28,human,person,0.65,-,0.0,WARNING,Stationary 37s within 0.18x height (movement 0.00 heights/s)
11:02:34,2026-09-23T05:32:55Z,CHECKPOST-CHARLIE,CAM-C-CHECKPOST,LOITERING,64,human,person,0.65,-,0.0,WARNING,Stationary 42s within 0.30x height (movement 0.01 heights/s)
11:03:02,2026-09-23T05:33:03Z,BOP-SECTOR-B,CAM-B-TRIPWIRE,LOITERING,215,human,person,0.65,-,0.0,WARNING,Stationary 11s within 0.27x height (movement 0.02 heights/s)
11:03:02,2026-09-23T05:33:03Z,BOP-SECTOR-B,CAM-B-TRIPWIRE,LOITERING,113,human,person,0.65,-,0.0,WARNING,Stationary 11s within 0.15x height (movement 0.01 heights/s)
11:03:04,2026-09-23T05:33:05Z,BOP-SECTOR-B,CAM-B-TRIPWIRE,LOITERING,181,human,person,0.65,-,0.0,WARNING,Stationary 9s within 0.33x height (movement 0.04 heights/s)
11:03:04,2026-09-23T05:33:05Z,BOP-SECTOR-B,CAM-B-TRIPWIRE,LOITERING,158,human,person,0.65,-,0.0,WARNING,Stationary 14s within 0.23x height (movement 0.03 heights/s)
11:03:16,2026-09-23T05:33:18Z,BOP-SECTOR-B,CAM-B-TRIPWIRE,LOITERING,189,human,person,0.65,-,0.0,WARNING,Stationary 21s within 0.28x height (movement 0.04 heights/s)
11:03:17,2026-09-23T05:33:18Z,BOP-SECTOR-B,CAM-B-TRIPWIRE,LOITERING,205,human,person,0.65,-,0.0,WARNING,Stationary 16s within 0.20x height (movement 0.01 heights/s)
11:03:17,2026-09-23T05:33:18Z,BOP-SECTOR-B,CAM-B-TRIPWIRE,LOITERING,185,human,person,0.65,-,0.0,WARNING,Stationary 51s within 0.31x height (movement 0.01 heights/s)
11:03:25,2026-09-23T05:33:26Z,BOP-SECTOR-B,CAM-B-TRIPWIRE,LOITERING,158,human,person,0.65,-,0.0,WARNING,Stationary 35s within 0.24x height (movement 0.02 heights/s)
11:03:35,2026-09-23T05:33:36Z,BOP-SECTOR-B,CAM-B-TRIPWIRE,LOITERING,181,human,person,0.65,-,0.0,WARNING,Stationary 10s within 0.13x height (movement 0.01 heights/s)
11:03:35,2026-09-23T05:33:37Z,BOP-SECTOR-B,CAM-B-TRIPWIRE,LOITERING,113,human,person,0.65,-,0.0,WARNING,Stationary 10s within 0.09x height (movement 0.01 heights/s)
11:03:37,2026-09-23T05:33:39Z,BOP-SECTOR-B,CAM-B-TRIPWIRE,GROUP_CONVERGENCE,181,human,person,0.6,-,0.0,NOTICE,"4 persons converged within 1.6 body-lengths (tracks [181, 216, 232, 233])"
11:03:40,2026-09-23T05:33:42Z,BOP-SECTOR-B,CAM-B-TRIPWIRE,LOITERING,212,human,person,0.65,-,0.0,WARNING,Stationary 21s within 0.25x height (movement 0.06 heights/s)
11:03:44,2026-09-23T05:33:46Z,BOP-SECTOR-B,CAM-B-TRIPWIRE,LOITERING,215,human,person,0.65,-,0.0,WARNING,Stationary 20s within 0.02x height (movement 0.00 heights/s)
11:02:46,2026-09-23T05:33:48Z,CHECKPOST-CHARLIE,CAM-C-CHECKPOST,VEHICLE_ANPR,2,vehicle,car,0.88,3551,0.734,VERIFIED,Plate Conf: 81%
11:02:46,2026-09-23T05:33:48Z,CHECKPOST-CHARLIE,CAM-C-CHECKPOST,VEHICLE_ANPR,7,vehicle,car,0.86,PLATE_UNREADABLE,0.0,FLAGGED_FOR_MANUAL_REVIEW,Plate Conf: 84%
11:02:46,2026-09-23T05:33:48Z,CHECKPOST-CHARLIE,CAM-C-CHECKPOST,VEHICLE_ANPR,11,vehicle,car,0.466,FBDF18,0.467,VERIFIED,Plate Conf: 83%
11:02:46,2026-09-23T05:33:48Z,CHECKPOST-CHARLIE,CAM-C-CHECKPOST,VEHICLE_ANPR,30,vehicle,car,0.831,IPBOB355,0.999,VERIFIED,Plate Conf: 83%
11:02:46,2026-09-23T05:33:48Z,CHECKPOST-CHARLIE,CAM-C-CHECKPOST,VEHICLE_ANPR,34,vehicle,car,0.907,FBOB3551,0.696,VERIFIED,Plate Conf: 65%
11:02:46,2026-09-23T05:33:49Z,CHECKPOST-CHARLIE,CAM-C-CHECKPOST,VEHICLE_ANPR,36,vehicle,car,0.815,BOB355,0.992,VERIFIED,Plate Conf: 75%
11:02:46,2026-09-23T05:33:49Z,CHECKPOST-CHARLIE,CAM-C-CHECKPOST,VEHICLE_ANPR,37,vehicle,car,0.606,PLATE_UNREADABLE,0.0,FLAGGED_FOR_MANUAL_REVIEW,Plate Conf: 80%
11:02:46,2026-09-23T05:33:49Z,CHECKPOST-CHARLIE,CAM-C-CHECKPOST,VEHICLE_ANPR,38,vehicle,car,0.403,PLATE_UNREADABLE,0.0,FLAGGED_FOR_MANUAL_REVIEW,Plate Conf: 78%
11:02:46,2026-09-23T05:33:49Z,CHECKPOST-CHARLIE,CAM-C-CHECKPOST,VEHICLE_ANPR,42,vehicle,car,0.892,PLATE_UNREADABLE,0.0,FLAGGED_FOR_MANUAL_REVIEW,Plate Conf: 69%
11:02:46,2026-09-23T05:33:49Z,CHECKPOST-CHARLIE,CAM-C-CHECKPOST,VEHICLE_ANPR,43,vehicle,car,0.388,PLATE_UNREADABLE,0.0,FLAGGED_FOR_MANUAL_REVIEW,Plate Conf: 77%
11:02:46,2026-09-23T05:33:49Z,CHECKPOST-CHARLIE,CAM-C-CHECKPOST,VEHICLE_ANPR,44,vehicle,car,0.625,PLATE_UNREADABLE,0.0,FLAGGED_FOR_MANUAL_REVIEW,Plate Conf: 72%
11:02:46,2026-09-23T05:33:49Z,CHECKPOST-CHARLIE,CAM-C-CHECKPOST,VEHICLE_ANPR,55,vehicle,car,0.809,7PBOB3551,0.653,VERIFIED,Plate Conf: 90%
11:02:46,2026-09-23T05:33:49Z,CHECKPOST-CHARLIE,CAM-C-CHECKPOST,VEHICLE_ANPR,67,vehicle,car,0.828,PLATE_UNREADABLE,0.0,FLAGGED_FOR_MANUAL_REVIEW,Plate Conf: 77%
11:02:46,2026-09-23T05:33:49Z,CHECKPOST-CHARLIE,CAM-C-CHECKPOST,LOITERING,41,human,person,0.65,-,0.0,WARNING,Stationary 33s within 0.11x height (movement 0.00 heights/s)
11:02:46,2026-09-23T05:33:49Z,CHECKPOST-CHARLIE,CAM-C-CHECKPOST,GROUP_CONVERGENCE,28,human,person,0.6,-,0.0,NOTICE,"4 persons converged within 1.6 body-lengths (tracks [28, 41, 50, 64])"
11:02:56,2026-09-23T05:33:50Z,CHECKPOST-CHARLIE,CAM-C-CHECKPOST,VEHICLE_ANPR,2,vehicle,car,0.873,3551,0.734,VERIFIED,Plate Conf: 81%
11:02:56,2026-09-23T05:33:50Z,CHECKPOST-CHARLIE,CAM-C-CHECKPOST,VEHICLE_ANPR,11,vehicle,car,0.466,FBDF18,0.467,VERIFIED,Plate Conf: 83%
11:02:56,2026-09-23T05:33:50Z,CHECKPOST-CHARLIE,CAM-C-CHECKPOST,VEHICLE_ANPR,30,vehicle,car,0.831,IPBOB355,0.999,VERIFIED,Plate Conf: 83%
11:02:56,2026-09-23T05:33:50Z,CHECKPOST-CHARLIE,CAM-C-CHECKPOST,VEHICLE_ANPR,34,vehicle,car,0.907,FBOB3551,0.696,VERIFIED,Plate Conf: 65%
11:02:56,2026-09-23T05:33:50Z,CHECKPOST-CHARLIE,CAM-C-CHECKPOST,VEHICLE_ANPR,36,vehicle,car,0.815,BOB355,0.992,VERIFIED,Plate Conf: 75%
11:02:56,2026-09-23T05:33:50Z,CHECKPOST-CHARLIE,CAM-C-CHECKPOST,VEHICLE_ANPR,37,vehicle,car,0.606,PLATE_UNREADABLE,0.0,FLAGGED_FOR_MANUAL_REVIEW,Plate Conf: 80%
11:02:56,2026-09-23T05:33:50Z,CHECKPOST-CHARLIE,CAM-C-CHECKPOST,VEHICLE_ANPR,38,vehicle,car,0.403,PLATE_UNREADABLE,0.0,FLAGGED_FOR_MANUAL_REVIEW,Plate Conf: 78%
11:02:56,2026-09-23T05:33:50Z,CHECKPOST-CHARLIE,CAM-C-CHECKPOST,VEHICLE_ANPR,42,vehicle,car,0.892,PLATE_UNREADABLE,0.0,FLAGGED_FOR_MANUAL_REVIEW,Plate Conf: 69%
11:02:56,2026-09-23T05:33:50Z,CHECKPOST-CHARLIE,CAM-C-CHECKPOST,VEHICLE_ANPR,43,vehicle,car,0.388,PLATE_UNREADABLE,0.0,FLAGGED_FOR_MANUAL_REVIEW,Plate Conf: 77%
11:02:56,2026-09-23T05:33:50Z,CHECKPOST-CHARLIE,CAM-C-CHECKPOST,VEHICLE_ANPR,44,vehicle,car,0.572,PLATE_UNREADABLE,0.0,FLAGGED_FOR_MANUAL_REVIEW,Plate Conf: 72%
11:02:56,2026-09-23T05:33:50Z,CHECKPOST-CHARLIE,CAM-C-CHECKPOST,VEHICLE_ANPR,55,vehicle,car,0.809,7PBOB3551,0.653,VERIFIED,Plate Conf: 90%
11:02:56,2026-09-23T05:33:50Z,CHECKPOST-CHARLIE,CAM-C-CHECKPOST,VEHICLE_ANPR,67,vehicle,car,0.828,PLATE_UNREADABLE,0.0,FLAGGED_FOR_MANUAL_REVIEW,Plate Conf: 77%
11:03:02,2026-09-23T05:33:50Z,CHECKPOST-CHARLIE,CAM-C-CHECKPOST,VEHICLE_ANPR,2,vehicle,car,0.873,3551,0.734,VERIFIED,Plate Conf: 81%
11:03:02,2026-09-23T05:33:50Z,CHECKPOST-CHARLIE,CAM-C-CHECKPOST,VEHICLE_ANPR,11,vehicle,car,0.466,FBDF18,0.467,VERIFIED,Plate Conf: 83%
11:03:02,2026-09-23T05:33:51Z,CHECKPOST-CHARLIE,CAM-C-CHECKPOST,VEHICLE_ANPR,30,vehicle,car,0.831,IPBOB355,0.999,VERIFIED,Plate Conf: 83%
11:03:02,2026-09-23T05:33:51Z,CHECKPOST-CHARLIE,CAM-C-CHECKPOST,VEHICLE_ANPR,34,vehicle,car,0.926,FBOB3551,0.696,VERIFIED,Plate Conf: 65%
11:03:02,2026-09-23T05:33:51Z,CHECKPOST-CHARLIE,CAM-C-CHECKPOST,VEHICLE_ANPR,36,vehicle,car,0.815,BOB355,0.992,VERIFIED,Plate Conf: 75%
11:03:02,2026-09-23T05:33:51Z,CHECKPOST-CHARLIE,CAM-C-CHECKPOST,VEHICLE_ANPR,37,vehicle,car,0.606,PLATE_UNREADABLE,0.0,FLAGGED_FOR_MANUAL_REVIEW,Plate Conf: 80%
11:03:02,2026-09-23T05:33:51Z,CHECKPOST-CHARLIE,CAM-C-CHECKPOST,VEHICLE_ANPR,38,vehicle,car,0.403,PLATE_UNREADABLE,0.0,FLAGGED_FOR_MANUAL_REVIEW,Plate Conf: 78%
11:03:02,2026-09-23T05:33:51Z,CHECKPOST-CHARLIE,CAM-C-CHECKPOST,VEHICLE_ANPR,42,vehicle,car,0.892,PLATE_UNREADABLE,0.0,FLAGGED_FOR_MANUAL_REVIEW,Plate Conf: 69%
11:03:02,2026-09-23T05:33:51Z,CHECKPOST-CHARLIE,CAM-C-CHECKPOST,VEHICLE_ANPR,43,vehicle,car,0.388,PLATE_UNREADABLE,0.0,FLAGGED_FOR_MANUAL_REVIEW,Plate Conf: 77%
11:03:02,2026-09-23T05:33:51Z,CHECKPOST-CHARLIE,CAM-C-CHECKPOST,VEHICLE_ANPR,44,vehicle,car,0.556,PLATE_UNREADABLE,0.0,FLAGGED_FOR_MANUAL_REVIEW,Plate Conf: 72%
11:03:02,2026-09-23T05:33:51Z,CHECKPOST-CHARLIE,CAM-C-CHECKPOST,VEHICLE_ANPR,55,vehicle,car,0.809,7PBOB3551,0.653,VERIFIED,Plate Conf: 90%
11:03:02,2026-09-23T05:33:51Z,CHECKPOST-CHARLIE,CAM-C-CHECKPOST,VEHICLE_ANPR,66,vehicle,car,0.935,PLATE_UNREADABLE,0.0,FLAGGED_FOR_MANUAL_REVIEW,Plate Conf: 26%
11:03:02,2026-09-23T05:33:51Z,CHECKPOST-CHARLIE,CAM-C-CHECKPOST,VEHICLE_ANPR,67,vehicle,car,0.828,PLATE_UNREADABLE,0.0,FLAGGED_FOR_MANUAL_REVIEW,Plate Conf: 77%
11:03:47,2026-09-23T05:33:51Z,BOP-SECTOR-B,CAM-B-TRIPWIRE,LOITERING,158,human,person,0.65,-,0.0,WARNING,Stationary 59s within 0.33x height (movement 0.03 heights/s)
11:03:02,2026-09-23T05:33:51Z,CHECKPOST-CHARLIE,CAM-C-CHECKPOST,LOITERING,48,human,person,0.65,-,0.0,WARNING,Stationary 8s within 0.10x height (movement 0.01 heights/s)
11:03:02,2026-09-23T05:33:51Z,CHECKPOST-CHARLIE,CAM-C-CHECKPOST,LOITERING,60,human,person,0.65,-,0.0,WARNING,Stationary 14s within 0.16x height (movement 0.01 heights/s)
11:03:02,2026-09-23T05:33:51Z,CHECKPOST-CHARLIE,CAM-C-CHECKPOST,LOITERING,28,human,person,0.65,-,0.0,WARNING,Stationary 62s within 0.19x height (movement 0.00 heights/s)
11:03:02,2026-09-23T05:33:51Z,CHECKPOST-CHARLIE,CAM-C-CHECKPOST,LOITERING,64,human,person,0.65,-,0.0,WARNING,Stationary 68s within 0.29x height (movement 0.01 heights/s)
11:03:11,2026-09-23T05:33:52Z,CHECKPOST-CHARLIE,CAM-C-CHECKPOST,VEHICLE_ANPR,2,vehicle,car,0.873,3551,0.734,VERIFIED,Plate Conf: 81%
11:03:11,2026-09-23T05:33:52Z,CHECKPOST-CHARLIE,CAM-C-CHECKPOST,VEHICLE_ANPR,11,vehicle,car,0.466,FBDF18,0.467,VERIFIED,Plate Conf: 83%
11:03:11,2026-09-23T05:33:52Z,CHECKPOST-CHARLIE,CAM-C-CHECKPOST,VEHICLE_ANPR,30,vehicle,car,0.917,IPBOB355,0.999,VERIFIED,Plate Conf: 83%
11:03:11,2026-09-23T05:33:52Z,CHECKPOST-CHARLIE,CAM-C-CHECKPOST,VEHICLE_ANPR,34,vehicle,car,0.926,FBOB3551,0.696,VERIFIED,Plate Conf: 65%
11:03:11,2026-09-23T05:33:52Z,CHECKPOST-CHARLIE,CAM-C-CHECKPOST,VEHICLE_ANPR,36,vehicle,car,0.815,BOB355,0.992,VERIFIED,Plate Conf: 75%
11:03:11,2026-09-23T05:33:52Z,CHECKPOST-CHARLIE,CAM-C-CHECKPOST,VEHICLE_ANPR,37,vehicle,car,0.606,PLATE_UNREADABLE,0.0,FLAGGED_FOR_MANUAL_REVIEW,Plate Conf: 80%
11:03:11,2026-09-23T05:33:52Z,CHECKPOST-CHARLIE,CAM-C-CHECKPOST,VEHICLE_ANPR,38,vehicle,car,0.403,PLATE_UNREADABLE,0.0,FLAGGED_FOR_MANUAL_REVIEW,Plate Conf: 78%
11:03:11,2026-09-23T05:33:52Z,CHECKPOST-CHARLIE,CAM-C-CHECKPOST,VEHICLE_ANPR,42,vehicle,car,0.736,PLATE_UNREADABLE,0.0,FLAGGED_FOR_MANUAL_REVIEW,Plate Conf: 69%
11:03:11,2026-09-23T05:33:52Z,CHECKPOST-CHARLIE,CAM-C-CHECKPOST,VEHICLE_ANPR,43,vehicle,car,0.388,PLATE_UNREADABLE,0.0,FLAGGED_FOR_MANUAL_REVIEW,Plate Conf: 77%
11:03:11,2026-09-23T05:33:52Z,CHECKPOST-CHARLIE,CAM-C-CHECKPOST,VEHICLE_ANPR,44,vehicle,car,0.556,PLATE_UNREADABLE,0.0,FLAGGED_FOR_MANUAL_REVIEW,Plate Conf: 72%
11:03:11,2026-09-23T05:33:52Z,CHECKPOST-CHARLIE,CAM-C-CHECKPOST,VEHICLE_ANPR,55,vehicle,car,0.809,7PBOB3551,0.653,VERIFIED,Plate Conf: 90%
11:03:11,2026-09-23T05:33:52Z,CHECKPOST-CHARLIE,CAM-C-CHECKPOST,VEHICLE_ANPR,67,vehicle,car,0.828,PLATE_UNREADABLE,0.0,FLAGGED_FOR_MANUAL_REVIEW,Plate Conf: 77%
11:03:11,2026-09-23T05:33:52Z,CHECKPOST-CHARLIE,CAM-C-CHECKPOST,LOITERING,10,human,person,0.65,-,0.0,WARNING,Stationary 21s within 0.09x height (movement 0.01 heights/s)
11:03:11,2026-09-23T05:33:52Z,CHECKPOST-CHARLIE,CAM-C-CHECKPOST,GROUP_CONVERGENCE,9,human,person,0.6,-,0.0,NOTICE,"3 persons converged within 1.6 body-lengths (tracks [9, 39, 50])"
11:03:18,2026-09-23T05:33:53Z,CHECKPOST-CHARLIE,CAM-C-CHECKPOST,VEHICLE_ANPR,2,vehicle,car,0.873,3551,0.734,VERIFIED,Plate Conf: 81%
11:03:18,2026-09-23T05:33:53Z,CHECKPOST-CHARLIE,CAM-C-CHECKPOST,VEHICLE_ANPR,11,vehicle,car,0.466,FBDF18,0.467,VERIFIED,Plate Conf: 83%
11:03:18,2026-09-23T05:33:53Z,CHECKPOST-CHARLIE,CAM-C-CHECKPOST,VEHICLE_ANPR,30,vehicle,car,0.917,IPBOB355,0.999,VERIFIED,Plate Conf: 83%
11:03:18,2026-09-23T05:33:53Z,CHECKPOST-CHARLIE,CAM-C-CHECKPOST,VEHICLE_ANPR,34,vehicle,car,0.926,FBOB3551,0.696,VERIFIED,Plate Conf: 65%
11:03:18,2026-09-23T05:33:53Z,CHECKPOST-CHARLIE,CAM-C-CHECKPOST,VEHICLE_ANPR,36,vehicle,car,0.815,BOB355,0.992,VERIFIED,Plate Conf: 75%
11:03:18,2026-09-23T05:33:53Z,CHECKPOST-CHARLIE,CAM-C-CHECKPOST,VEHICLE_ANPR,37,vehicle,car,0.606,PLATE_UNREADABLE,0.0,FLAGGED_FOR_MANUAL_REVIEW,Plate Conf: 80%
11:03:18,2026-09-23T05:33:53Z,CHECKPOST-CHARLIE,CAM-C-CHECKPOST,VEHICLE_ANPR,38,vehicle,car,0.403,PLATE_UNREADABLE,0.0,FLAGGED_FOR_MANUAL_REVIEW,Plate Conf: 78%
11:03:18,2026-09-23T05:33:53Z,CHECKPOST-CHARLIE,CAM-C-CHECKPOST,VEHICLE_ANPR,43,vehicle,car,0.357,PLATE_UNREADABLE,0.0,FLAGGED_FOR_MANUAL_REVIEW,Plate Conf: 77%
11:03:18,2026-09-23T05:33:53Z,CHECKPOST-CHARLIE,CAM-C-CHECKPOST,VEHICLE_ANPR,44,vehicle,car,0.892,PLATE_UNREADABLE,0.0,FLAGGED_FOR_MANUAL_REVIEW,Plate Conf: 72%
11:03:18,2026-09-23T05:33:53Z,CHECKPOST-CHARLIE,CAM-C-CHECKPOST,VEHICLE_ANPR,55,vehicle,car,0.873,7PBOB3551,0.653,VERIFIED,Plate Conf: 90%
11:03:18,2026-09-23T05:33:53Z,CHECKPOST-CHARLIE,CAM-C-CHECKPOST,VEHICLE_ANPR,67,vehicle,car,0.828,PLATE_UNREADABLE,0.0,FLAGGED_FOR_MANUAL_REVIEW,Plate Conf: 77%
11:03:18,2026-09-23T05:33:53Z,CHECKPOST-CHARLIE,CAM-C-CHECKPOST,LOITERING,51,human,person,0.65,-,0.0,WARNING,Stationary 14s within 0.20x height (movement 0.01 heights/s)
11:03:18,2026-09-23T05:33:53Z,CHECKPOST-CHARLIE,CAM-C-CHECKPOST,LOITERING,27,human,person,0.65,-,0.0,WARNING,Stationary 14s within 0.14x height (movement 0.01 heights/s)
11:03:18,2026-09-23T05:33:53Z,CHECKPOST-CHARLIE,CAM-C-CHECKPOST,LOITERING,13,human,person,0.65,-,0.0,WARNING,Stationary 14s within 0.17x height (movement 0.01 heights/s)
11:03:25,2026-09-23T05:33:53Z,CHECKPOST-CHARLIE,CAM-C-CHECKPOST,VEHICLE_ANPR,2,vehicle,car,0.879,3551,0.734,VERIFIED,Plate Conf: 81%
11:03:25,2026-09-23T05:33:53Z,CHECKPOST-CHARLIE,CAM-C-CHECKPOST,VEHICLE_ANPR,30,vehicle,car,0.917,IPBOB355,0.999,VERIFIED,Plate Conf: 83%
11:03:25,2026-09-23T05:33:53Z,CHECKPOST-CHARLIE,CAM-C-CHECKPOST,VEHICLE_ANPR,34,vehicle,car,0.926,FBOB3551,0.696,VERIFIED,Plate Conf: 65%
11:03:25,2026-09-23T05:33:54Z,CHECKPOST-CHARLIE,CAM-C-CHECKPOST,VEHICLE_ANPR,36,vehicle,car,0.815,BOB355,0.992,VERIFIED,Plate Conf: 75%
11:03:25,2026-09-23T05:33:54Z,CHECKPOST-CHARLIE,CAM-C-CHECKPOST,VEHICLE_ANPR,37,vehicle,car,0.606,PLATE_UNREADABLE,0.0,FLAGGED_FOR_MANUAL_REVIEW,Plate Conf: 80%
11:03:25,2026-09-23T05:33:54Z,CHECKPOST-CHARLIE,CAM-C-CHECKPOST,VEHICLE_ANPR,38,vehicle,car,0.403,PLATE_UNREADABLE,0.0,FLAGGED_FOR_MANUAL_REVIEW,Plate Conf: 78%
11:03:25,2026-09-23T05:33:54Z,CHECKPOST-CHARLIE,CAM-C-CHECKPOST,VEHICLE_ANPR,42,vehicle,car,0.6,PLATE_UNREADABLE,0.0,FLAGGED_FOR_MANUAL_REVIEW,Plate Conf: 69%
11:03:25,2026-09-23T05:33:54Z,CHECKPOST-CHARLIE,CAM-C-CHECKPOST,VEHICLE_ANPR,43,vehicle,car,0.357,PLATE_UNREADABLE,0.0,FLAGGED_FOR_MANUAL_REVIEW,Plate Conf: 77%
11:03:25,2026-09-23T05:33:54Z,CHECKPOST-CHARLIE,CAM-C-CHECKPOST,VEHICLE_ANPR,44,vehicle,car,0.471,PLATE_UNREADABLE,0.0,FLAGGED_FOR_MANUAL_REVIEW,Plate Conf: 72%
11:03:25,2026-09-23T05:33:54Z,CHECKPOST-CHARLIE,CAM-C-CHECKPOST,VEHICLE_ANPR,55,vehicle,car,0.873,7PBOB3551,0.653,VERIFIED,Plate Conf: 90%
11:03:25,2026-09-23T05:33:54Z,CHECKPOST-CHARLIE,CAM-C-CHECKPOST,VEHICLE_ANPR,67,vehicle,car,0.61,PLATE_UNREADABLE,0.0,FLAGGED_FOR_MANUAL_REVIEW,Plate Conf: 77%
11:03:25,2026-09-23T05:33:54Z,CHECKPOST-CHARLIE,CAM-C-CHECKPOST,LOITERING,9,human,person,0.65,-,0.0,WARNING,Stationary 18s within 0.15x height (movement 0.01 heights/s)
11:03:29,2026-09-23T05:33:54Z,CHECKPOST-CHARLIE,CAM-C-CHECKPOST,VEHICLE_ANPR,2,vehicle,car,0.883,3551,0.734,VERIFIED,Plate Conf: 81%
11:03:29,2026-09-23T05:33:54Z,CHECKPOST-CHARLIE,CAM-C-CHECKPOST,VEHICLE_ANPR,30,vehicle,car,0.917,IPBOB355,0.999,VERIFIED,Plate Conf: 83%
11:03:29,2026-09-23T05:33:54Z,CHECKPOST-CHARLIE,CAM-C-CHECKPOST,VEHICLE_ANPR,34,vehicle,car,0.926,FBOB3551,0.696,VERIFIED,Plate Conf: 65%
11:03:29,2026-09-23T05:33:54Z,CHECKPOST-CHARLIE,CAM-C-CHECKPOST,VEHICLE_ANPR,36,vehicle,car,0.815,BOB355,0.992,VERIFIED,Plate Conf: 75%
11:03:29,2026-09-23T05:33:54Z,CHECKPOST-CHARLIE,CAM-C-CHECKPOST,VEHICLE_ANPR,37,vehicle,car,0.606,PLATE_UNREADABLE,0.0,FLAGGED_FOR_MANUAL_REVIEW,Plate Conf: 80%
11:03:29,2026-09-23T05:33:54Z,CHECKPOST-CHARLIE,CAM-C-CHECKPOST,VEHICLE_ANPR,38,vehicle,car,0.403,PLATE_UNREADABLE,0.0,FLAGGED_FOR_MANUAL_REVIEW,Plate Conf: 78%
11:03:29,2026-09-23T05:33:54Z,CHECKPOST-CHARLIE,CAM-C-CHECKPOST,VEHICLE_ANPR,42,vehicle,car,0.6,PLATE_UNREADABLE,0.0,FLAGGED_FOR_MANUAL_REVIEW,Plate Conf: 69%
11:03:29,2026-09-23T05:33:54Z,CHECKPOST-CHARLIE,CAM-C-CHECKPOST,VEHICLE_ANPR,43,vehicle,car,0.357,PLATE_UNREADABLE,0.0,FLAGGED_FOR_MANUAL_REVIEW,Plate Conf: 77%
11:03:29,2026-09-23T05:33:54Z,CHECKPOST-CHARLIE,CAM-C-CHECKPOST,VEHICLE_ANPR,44,vehicle,car,0.629,PLATE_UNREADABLE,0.0,FLAGGED_FOR_MANUAL_REVIEW,Plate Conf: 72%
11:03:29,2026-09-23T05:33:54Z,CHECKPOST-CHARLIE,CAM-C-CHECKPOST,VEHICLE_ANPR,55,vehicle,car,0.873,7PBOB3551,0.653,VERIFIED,Plate Conf: 90%
11:03:29,2026-09-23T05:33:55Z,CHECKPOST-CHARLIE,CAM-C-CHECKPOST,LOITERING,64,human,person,0.65,-,0.0,WARNING,Stationary 88s within 0.29x height (movement 0.01 heights/s)
11:03:29,2026-09-23T05:33:55Z,CHECKPOST-CHARLIE,CAM-C-CHECKPOST,LOITERING,39,human,person,0.65,-,0.0,WARNING,Stationary 14s within 0.13x height (movement 0.01 heights/s)
11:03:32,2026-09-23T05:33:55Z,CHECKPOST-CHARLIE,CAM-C-CHECKPOST,VEHICLE_ANPR,2,vehicle,car,0.883,3551,0.734,VERIFIED,Plate Conf: 81%
11:03:32,2026-09-23T05:33:55Z,CHECKPOST-CHARLIE,CAM-C-CHECKPOST,VEHICLE_ANPR,7,vehicle,car,0.86,PLATE_UNREADABLE,0.0,FLAGGED_FOR_MANUAL_REVIEW,Plate Conf: 84%
11:03:32,2026-09-23T05:33:55Z,CHECKPOST-CHARLIE,CAM-C-CHECKPOST,VEHICLE_ANPR,24,vehicle,car,0.393,PLATE_UNREADABLE,0.0,FLAGGED_FOR_MANUAL_REVIEW,Plate Conf: 82%
11:03:32,2026-09-23T05:33:55Z,CHECKPOST-CHARLIE,CAM-C-CHECKPOST,VEHICLE_ANPR,30,vehicle,car,0.792,IPBOB355,0.999,VERIFIED,Plate Conf: 83%
11:03:32,2026-09-23T05:33:55Z,CHECKPOST-CHARLIE,CAM-C-CHECKPOST,VEHICLE_ANPR,34,vehicle,car,0.926,FBOB3551,0.696,VERIFIED,Plate Conf: 65%
11:03:32,2026-09-23T05:33:55Z,CHECKPOST-CHARLIE,CAM-C-CHECKPOST,VEHICLE_ANPR,36,vehicle,car,0.815,BOB355,0.992,VERIFIED,Plate Conf: 75%
11:03:32,2026-09-23T05:33:55Z,CHECKPOST-CHARLIE,CAM-C-CHECKPOST,VEHICLE_ANPR,42,vehicle,car,0.6,PLATE_UNREADABLE,0.0,FLAGGED_FOR_MANUAL_REVIEW,Plate Conf: 69%
11:03:32,2026-09-23T05:33:55Z,CHECKPOST-CHARLIE,CAM-C-CHECKPOST,VEHICLE_ANPR,43,vehicle,car,0.887,PLATE_UNREADABLE,0.0,FLAGGED_FOR_MANUAL_REVIEW,Plate Conf: 77%
11:03:32,2026-09-23T05:33:55Z,CHECKPOST-CHARLIE,CAM-C-CHECKPOST,VEHICLE_ANPR,44,vehicle,car,0.629,PLATE_UNREADABLE,0.0,FLAGGED_FOR_MANUAL_REVIEW,Plate Conf: 72%
11:03:32,2026-09-23T05:33:55Z,CHECKPOST-CHARLIE,CAM-C-CHECKPOST,VEHICLE_ANPR,55,vehicle,car,0.873,7PBOB3551,0.653,VERIFIED,Plate Conf: 90%
11:03:32,2026-09-23T05:33:55Z,CHECKPOST-CHARLIE,CAM-C-CHECKPOST,LOITERING,47,human,person,0.65,-,0.0,WARNING,Stationary 11s within 0.22x height (movement 0.01 heights/s)
11:03:32,2026-09-23T05:33:55Z,CHECKPOST-CHARLIE,CAM-C-CHECKPOST,LOITERING,14,human,person,0.65,-,0.0,WARNING,Stationary 11s within 0.19x height (movement 0.02 heights/s)
11:03:36,2026-09-23T05:33:55Z,CHECKPOST-CHARLIE,CAM-C-CHECKPOST,VEHICLE_ANPR,2,vehicle,car,0.883,3551,0.734,VERIFIED,Plate Conf: 81%
11:03:36,2026-09-23T05:33:55Z,CHECKPOST-CHARLIE,CAM-C-CHECKPOST,VEHICLE_ANPR,7,vehicle,car,0.86,PLATE_UNREADABLE,0.0,FLAGGED_FOR_MANUAL_REVIEW,Plate Conf: 84%
11:03:36,2026-09-23T05:33:55Z,CHECKPOST-CHARLIE,CAM-C-CHECKPOST,VEHICLE_ANPR,24,vehicle,car,0.508,PLATE_UNREADABLE,0.0,FLAGGED_FOR_MANUAL_REVIEW,Plate Conf: 82%
11:03:36,2026-09-23T05:33:55Z,CHECKPOST-CHARLIE,CAM-C-CHECKPOST,VEHICLE_ANPR,30,vehicle,car,0.792,IPBOB355,0.999,VERIFIED,Plate Conf: 83%
11:03:36,2026-09-23T05:33:55Z,CHECKPOST-CHARLIE,CAM-C-CHECKPOST,VEHICLE_ANPR,34,vehicle,car,0.797,FBOB3551,0.696,VERIFIED,Plate Conf: 65%
11:03:36,2026-09-23T05:33:56Z,CHECKPOST-CHARLIE,CAM-C-CHECKPOST,VEHICLE_ANPR,36,vehicle,car,0.815,BOB355,0.992,VERIFIED,Plate Conf: 75%
11:03:36,2026-09-23T05:33:56Z,CHECKPOST-CHARLIE,CAM-C-CHECKPOST,VEHICLE_ANPR,42,vehicle,car,0.6,PLATE_UNREADABLE,0.0,FLAGGED_FOR_MANUAL_REVIEW,Plate Conf: 69%
11:03:36,2026-09-23T05:33:56Z,CHECKPOST-CHARLIE,CAM-C-CHECKPOST,VEHICLE_ANPR,43,vehicle,car,0.838,PLATE_UNREADABLE,0.0,FLAGGED_FOR_MANUAL_REVIEW,Plate Conf: 77%
11:03:36,2026-09-23T05:33:56Z,CHECKPOST-CHARLIE,CAM-C-CHECKPOST,VEHICLE_ANPR,44,vehicle,car,0.629,PLATE_UNREADABLE,0.0,FLAGGED_FOR_MANUAL_REVIEW,Plate Conf: 72%
11:03:36,2026-09-23T05:33:56Z,CHECKPOST-CHARLIE,CAM-C-CHECKPOST,VEHICLE_ANPR,55,vehicle,car,0.873,7PBOB3551,0.653,VERIFIED,Plate Conf: 90%
11:03:36,2026-09-23T05:33:56Z,CHECKPOST-CHARLIE,CAM-C-CHECKPOST,VEHICLE_ANPR,66,vehicle,car,0.935,PLATE_UNREADABLE,0.0,FLAGGED_FOR_MANUAL_REVIEW,Plate Conf: 26%
11:03:36,2026-09-23T05:33:56Z,CHECKPOST-CHARLIE,CAM-C-CHECKPOST,VEHICLE_ANPR,67,vehicle,car,0.61,PLATE_UNREADABLE,0.0,FLAGGED_FOR_MANUAL_REVIEW,Plate Conf: 77%
11:03:36,2026-09-23T05:33:56Z,CHECKPOST-CHARLIE,CAM-C-CHECKPOST,LOITERING,18,human,person,0.65,-,0.0,WARNING,Stationary 13s within 0.23x height (movement 0.02 heights/s)
11:03:36,2026-09-23T05:33:56Z,CHECKPOST-CHARLIE,CAM-C-CHECKPOST,LOITERING,60,human,person,0.65,-,0.0,WARNING,Stationary 46s within 0.19x height (movement 0.01 heights/s)
11:03:36,2026-09-23T05:33:56Z,CHECKPOST-CHARLIE,CAM-C-CHECKPOST,LOITERING,5,human,person,0.65,-,0.0,WARNING,Stationary 17s within 0.12x height (movement 0.01 heights/s)
11:03:42,2026-09-23T05:33:56Z,CHECKPOST-CHARLIE,CAM-C-CHECKPOST,VEHICLE_ANPR,2,vehicle,car,0.883,3551,0.734,VERIFIED,Plate Conf: 81%
11:03:42,2026-09-23T05:33:56Z,CHECKPOST-CHARLIE,CAM-C-CHECKPOST,VEHICLE_ANPR,24,vehicle,car,0.508,PLATE_UNREADABLE,0.0,FLAGGED_FOR_MANUAL_REVIEW,Plate Conf: 82%
11:03:42,2026-09-23T05:33:56Z,CHECKPOST-CHARLIE,CAM-C-CHECKPOST,VEHICLE_ANPR,30,vehicle,car,0.792,IPBOB355,0.999,VERIFIED,Plate Conf: 83%
11:03:42,2026-09-23T05:33:56Z,CHECKPOST-CHARLIE,CAM-C-CHECKPOST,VEHICLE_ANPR,34,vehicle,car,0.767,FBOB3551,0.696,VERIFIED,Plate Conf: 65%
11:03:42,2026-09-23T05:33:56Z,CHECKPOST-CHARLIE,CAM-C-CHECKPOST,VEHICLE_ANPR,36,vehicle,car,0.815,BOB355,0.992,VERIFIED,Plate Conf: 75%
11:03:42,2026-09-23T05:33:56Z,CHECKPOST-CHARLIE,CAM-C-CHECKPOST,VEHICLE_ANPR,42,vehicle,car,0.6,PLATE_UNREADABLE,0.0,FLAGGED_FOR_MANUAL_REVIEW,Plate Conf: 69%
11:03:42,2026-09-23T05:33:56Z,CHECKPOST-CHARLIE,CAM-C-CHECKPOST,VEHICLE_ANPR,43,vehicle,car,0.459,PLATE_UNREADABLE,0.0,FLAGGED_FOR_MANUAL_REVIEW,Plate Conf: 77%
11:03:42,2026-09-23T05:33:56Z,CHECKPOST-CHARLIE,CAM-C-CHECKPOST,VEHICLE_ANPR,44,vehicle,car,0.38,PLATE_UNREADABLE,0.0,FLAGGED_FOR_MANUAL_REVIEW,Plate Conf: 72%
11:03:42,2026-09-23T05:33:56Z,CHECKPOST-CHARLIE,CAM-C-CHECKPOST,VEHICLE_ANPR,55,vehicle,car,0.873,7PBOB3551,0.653,VERIFIED,Plate Conf: 90%
11:03:42,2026-09-23T05:33:56Z,CHECKPOST-CHARLIE,CAM-C-CHECKPOST,VEHICLE_ANPR,66,vehicle,car,0.935,PLATE_UNREADABLE,0.0,FLAGGED_FOR_MANUAL_REVIEW,Plate Conf: 26%
11:03:42,2026-09-23T05:33:56Z,CHECKPOST-CHARLIE,CAM-C-CHECKPOST,LOITERING,10,human,person,0.65,-,0.0,WARNING,Stationary 50s within 0.18x height (movement 0.01 heights/s)
11:03:42,2026-09-23T05:33:56Z,CHECKPOST-CHARLIE,CAM-C-CHECKPOST,LOITERING,31,human,person,0.65,-,0.0,WARNING,Stationary 10s within 0.18x height (movement 0.01 heights/s)
11:03:46,2026-09-23T05:34:05Z,CHECKPOST-CHARLIE,CAM-C-CHECKPOST,VEHICLE_ANPR,2,vehicle,car,0.883,3551,0.734,VERIFIED,Plate Conf: 81%
11:03:46,2026-09-23T05:34:05Z,CHECKPOST-CHARLIE,CAM-C-CHECKPOST,VEHICLE_ANPR,24,vehicle,car,0.508,PLATE_UNREADABLE,0.0,FLAGGED_FOR_MANUAL_REVIEW,Plate Conf: 82%
11:03:46,2026-09-23T05:34:05Z,CHECKPOST-CHARLIE,CAM-C-CHECKPOST,VEHICLE_ANPR,30,vehicle,car,0.792,IPBOB355,0.999,VERIFIED,Plate Conf: 83%
11:03:46,2026-09-23T05:34:05Z,CHECKPOST-CHARLIE,CAM-C-CHECKPOST,VEHICLE_ANPR,34,vehicle,car,0.767,FBOB3551,0.696,VERIFIED,Plate Conf: 65%
11:03:46,2026-09-23T05:34:05Z,CHECKPOST-CHARLIE,CAM-C-CHECKPOST,VEHICLE_ANPR,36,vehicle,car,0.926,BOB355,0.992,VERIFIED,Plate Conf: 75%
11:03:46,2026-09-23T05:34:05Z,CHECKPOST-CHARLIE,CAM-C-CHECKPOST,VEHICLE_ANPR,42,vehicle,car,0.6,PLATE_UNREADABLE,0.0,FLAGGED_FOR_MANUAL_REVIEW,Plate Conf: 69%
11:03:46,2026-09-23T05:34:05Z,CHECKPOST-CHARLIE,CAM-C-CHECKPOST,VEHICLE_ANPR,43,vehicle,car,0.459,PLATE_UNREADABLE,0.0,FLAGGED_FOR_MANUAL_REVIEW,Plate Conf: 77%
11:03:46,2026-09-23T05:34:05Z,CHECKPOST-CHARLIE,CAM-C-CHECKPOST,VEHICLE_ANPR,44,vehicle,car,0.38,PLATE_UNREADABLE,0.0,FLAGGED_FOR_MANUAL_REVIEW,Plate Conf: 72%
11:03:46,2026-09-23T05:34:05Z,CHECKPOST-CHARLIE,CAM-C-CHECKPOST,VEHICLE_ANPR,55,vehicle,car,0.873,7PBOB3551,0.653,VERIFIED,Plate Conf: 90%
11:03:46,2026-09-23T05:34:05Z,CHECKPOST-CHARLIE,CAM-C-CHECKPOST,VEHICLE_ANPR,66,vehicle,car,0.935,PLATE_UNREADABLE,0.0,FLAGGED_FOR_MANUAL_REVIEW,Plate Conf: 26%
11:03:46,2026-09-23T05:34:06Z,CHECKPOST-CHARLIE,CAM-C-CHECKPOST,VEHICLE_ANPR,67,vehicle,car,0.61,PLATE_UNREADABLE,0.0,FLAGGED_FOR_MANUAL_REVIEW,Plate Conf: 77%
11:03:46,2026-09-23T05:34:06Z,CHECKPOST-CHARLIE,CAM-C-CHECKPOST,LOITERING,48,human,person,0.65,-,0.0,WARNING,Stationary 10s within 0.10x height (movement 0.01 heights/s)
11:03:55,2026-09-23T05:34:06Z,CHECKPOST-CHARLIE,CAM-C-CHECKPOST,VEHICLE_ANPR,2,vehicle,car,0.892,3551,0.734,VERIFIED,Plate Conf: 81%
11:03:55,2026-09-23T05:34:06Z,CHECKPOST-CHARLIE,CAM-C-CHECKPOST,VEHICLE_ANPR,30,vehicle,car,0.792,IPBOB355,0.999,VERIFIED,Plate Conf: 83%
11:03:55,2026-09-23T05:34:06Z,CHECKPOST-CHARLIE,CAM-C-CHECKPOST,VEHICLE_ANPR,34,vehicle,car,0.767,FBOB3551,0.696,VERIFIED,Plate Conf: 65%
11:03:55,2026-09-23T05:34:06Z,CHECKPOST-CHARLIE,CAM-C-CHECKPOST,VEHICLE_ANPR,36,vehicle,car,0.815,BOB355,0.992,VERIFIED,Plate Conf: 75%
11:03:55,2026-09-23T05:34:06Z,CHECKPOST-CHARLIE,CAM-C-CHECKPOST,VEHICLE_ANPR,42,vehicle,car,0.474,PLATE_UNREADABLE,0.0,FLAGGED_FOR_MANUAL_REVIEW,Plate Conf: 69%
11:03:55,2026-09-23T05:34:06Z,CHECKPOST-CHARLIE,CAM-C-CHECKPOST,VEHICLE_ANPR,43,vehicle,car,0.459,PLATE_UNREADABLE,0.0,FLAGGED_FOR_MANUAL_REVIEW,Plate Conf: 77%
11:03:55,2026-09-23T05:34:06Z,CHECKPOST-CHARLIE,CAM-C-CHECKPOST,VEHICLE_ANPR,44,vehicle,car,0.38,PLATE_UNREADABLE,0.0,FLAGGED_FOR_MANUAL_REVIEW,Plate Conf: 72%
11:03:55,2026-09-23T05:34:06Z,CHECKPOST-CHARLIE,CAM-C-CHECKPOST,VEHICLE_ANPR,55,vehicle,car,0.873,7PBOB3551,0.653,VERIFIED,Plate Conf: 90%
11:03:55,2026-09-23T05:34:06Z,CHECKPOST-CHARLIE,CAM-C-CHECKPOST,VEHICLE_ANPR,66,vehicle,car,0.935,PLATE_UNREADABLE,0.0,FLAGGED_FOR_MANUAL_REVIEW,Plate Conf: 26%
11:03:55,2026-09-23T05:34:06Z,CHECKPOST-CHARLIE,CAM-C-CHECKPOST,VEHICLE_ANPR,67,vehicle,car,0.61,PLATE_UNREADABLE,0.0,FLAGGED_FOR_MANUAL_REVIEW,Plate Conf: 77%
11:03:55,2026-09-23T05:34:06Z,CHECKPOST-CHARLIE,CAM-C-CHECKPOST,VEHICLE_ANPR,71,vehicle,car,0.537,PLATE_UNREADABLE,0.0,FLAGGED_FOR_MANUAL_REVIEW,Plate Conf: 87%
11:03:55,2026-09-23T05:34:06Z,CHECKPOST-CHARLIE,CAM-C-CHECKPOST,LOITERING,28,human,person,0.65,-,0.0,WARNING,Stationary 9s within 0.08x height (movement 0.01 heights/s)
11:03:55,2026-09-23T05:34:06Z,CHECKPOST-CHARLIE,CAM-C-CHECKPOST,LOITERING,9,human,person,0.65,-,0.0,WARNING,Stationary 9s within 0.08x height (movement 0.01 heights/s)
11:03:55,2026-09-23T05:34:06Z,CHECKPOST-CHARLIE,CAM-C-CHECKPOST,LOITERING,8,human,person,0.65,-,0.0,WARNING,Stationary 9s within 0.08x height (movement 0.01 heights/s)
11:03:59,2026-09-23T05:34:08Z,BOP-SECTOR-B,CAM-B-TRIPWIRE,LOITERING,234,human,person,0.65,-,0.0,WARNING,Stationary 18s within 0.08x height (movement 0.00 heights/s)
11:03:59,2026-09-23T05:34:08Z,BOP-SECTOR-B,CAM-B-TRIPWIRE,GROUP_CONVERGENCE,181,human,person,0.6,-,0.0,NOTICE,"4 persons converged within 1.6 body-lengths (tracks [181, 216, 232, 234])"
11:04:02,2026-09-23T05:34:08Z,BOP-SECTOR-B,CAM-B-TRIPWIRE,LOITERING,212,human,person,0.65,-,0.0,WARNING,Stationary 42s within 0.26x height (movement 0.02 heights/s)
11:04:04,2026-09-23T05:34:11Z,CHECKPOST-CHARLIE,CAM-C-CHECKPOST,VEHICLE_ANPR,2,vehicle,car,0.884,3551,0.734,VERIFIED,Plate Conf: 81%
11:04:04,2026-09-23T05:34:11Z,CHECKPOST-CHARLIE,CAM-C-CHECKPOST,VEHICLE_ANPR,30,vehicle,car,0.792,IPBOB355,0.999,VERIFIED,Plate Conf: 83%
11:04:04,2026-09-23T05:34:11Z,CHECKPOST-CHARLIE,CAM-C-CHECKPOST,VEHICLE_ANPR,34,vehicle,car,0.767,FBOB3551,0.696,VERIFIED,Plate Conf: 65%
11:04:04,2026-09-23T05:34:11Z,CHECKPOST-CHARLIE,CAM-C-CHECKPOST,VEHICLE_ANPR,36,vehicle,car,0.815,BOB355,0.992,VERIFIED,Plate Conf: 75%
11:04:04,2026-09-23T05:34:11Z,CHECKPOST-CHARLIE,CAM-C-CHECKPOST,VEHICLE_ANPR,42,vehicle,car,0.571,PLATE_UNREADABLE,0.0,FLAGGED_FOR_MANUAL_REVIEW,Plate Conf: 69%
11:04:04,2026-09-23T05:34:11Z,CHECKPOST-CHARLIE,CAM-C-CHECKPOST,VEHICLE_ANPR,43,vehicle,car,0.459,PLATE_UNREADABLE,0.0,FLAGGED_FOR_MANUAL_REVIEW,Plate Conf: 77%
11:04:04,2026-09-23T05:34:11Z,CHECKPOST-CHARLIE,CAM-C-CHECKPOST,VEHICLE_ANPR,44,vehicle,car,0.38,PLATE_UNREADABLE,0.0,FLAGGED_FOR_MANUAL_REVIEW,Plate Conf: 72%
11:04:04,2026-09-23T05:34:11Z,CHECKPOST-CHARLIE,CAM-C-CHECKPOST,VEHICLE_ANPR,55,vehicle,car,0.873,7PBOB3551,0.653,VERIFIED,Plate Conf: 90%
11:04:04,2026-09-23T05:34:12Z,CHECKPOST-CHARLIE,CAM-C-CHECKPOST,VEHICLE_ANPR,67,vehicle,car,0.864,PLATE_UNREADABLE,0.0,FLAGGED_FOR_MANUAL_REVIEW,Plate Conf: 77%
11:04:04,2026-09-23T05:34:12Z,CHECKPOST-CHARLIE,CAM-C-CHECKPOST,VEHICLE_ANPR,71,vehicle,car,0.537,PLATE_UNREADABLE,0.0,FLAGGED_FOR_MANUAL_REVIEW,Plate Conf: 87%
11:04:04,2026-09-23T05:34:12Z,CHECKPOST-CHARLIE,CAM-C-CHECKPOST,LOITERING,60,human,person,0.65,-,0.0,WARNING,Stationary 74s within 0.23x height (movement 0.01 heights/s)
11:04:18,2026-09-23T05:34:21Z,BOP-SECTOR-B,CAM-B-TRIPWIRE,LOITERING,158,human,person,0.65,-,0.0,WARNING,Stationary 89s within 0.33x height (movement 0.02 heights/s)
11:04:18,2026-09-23T05:34:21Z,BOP-SECTOR-B,CAM-B-TRIPWIRE,GROUP_CONVERGENCE,158,human,person,0.6,-,0.0,NOTICE,"3 persons converged within 1.6 body-lengths (tracks [158, 181, 232])"
11:04:11,2026-09-23T05:34:24Z,CHECKPOST-CHARLIE,CAM-C-CHECKPOST,VEHICLE_ANPR,2,vehicle,car,0.894,3551,0.734,VERIFIED,Plate Conf: 81%
11:04:11,2026-09-23T05:34:24Z,CHECKPOST-CHARLIE,CAM-C-CHECKPOST,VEHICLE_ANPR,30,vehicle,car,0.792,IPBOB355,0.999,VERIFIED,Plate Conf: 83%
11:04:11,2026-09-23T05:34:24Z,CHECKPOST-CHARLIE,CAM-C-CHECKPOST,VEHICLE_ANPR,34,vehicle,car,0.767,FBOB3551,0.696,VERIFIED,Plate Conf: 65%
11:04:11,2026-09-23T05:34:24Z,CHECKPOST-CHARLIE,CAM-C-CHECKPOST,VEHICLE_ANPR,36,vehicle,car,0.77,BOB355,0.992,VERIFIED,Plate Conf: 75%
11:04:11,2026-09-23T05:34:24Z,CHECKPOST-CHARLIE,CAM-C-CHECKPOST,VEHICLE_ANPR,42,vehicle,car,0.537,PLATE_UNREADABLE,0.0,FLAGGED_FOR_MANUAL_REVIEW,Plate Conf: 69%
11:04:11,2026-09-23T05:34:24Z,CHECKPOST-CHARLIE,CAM-C-CHECKPOST,VEHICLE_ANPR,43,vehicle,car,0.459,PLATE_UNREADABLE,0.0,FLAGGED_FOR_MANUAL_REVIEW,Plate Conf: 77%
11:04:11,2026-09-23T05:34:24Z,CHECKPOST-CHARLIE,CAM-C-CHECKPOST,VEHICLE_ANPR,44,vehicle,car,0.38,PLATE_UNREADABLE,0.0,FLAGGED_FOR_MANUAL_REVIEW,Plate Conf: 72%
11:04:11,2026-09-23T05:34:24Z,CHECKPOST-CHARLIE,CAM-C-CHECKPOST,VEHICLE_ANPR,55,vehicle,car,0.873,7PBOB3551,0.653,VERIFIED,Plate Conf: 90%
11:04:11,2026-09-23T05:34:24Z,CHECKPOST-CHARLIE,CAM-C-CHECKPOST,VEHICLE_ANPR,66,vehicle,car,0.935,PLATE_UNREADABLE,0.0,FLAGGED_FOR_MANUAL_REVIEW,Plate Conf: 26%
11:04:11,2026-09-23T05:34:24Z,CHECKPOST-CHARLIE,CAM-C-CHECKPOST,VEHICLE_ANPR,67,vehicle,car,0.864,PLATE_UNREADABLE,0.0,FLAGGED_FOR_MANUAL_REVIEW,Plate Conf: 77%
11:04:11,2026-09-23T05:34:24Z,CHECKPOST-CHARLIE,CAM-C-CHECKPOST,VEHICLE_ANPR,71,vehicle,car,0.537,PLATE_UNREADABLE,0.0,FLAGGED_FOR_MANUAL_REVIEW,Plate Conf: 87%
11:04:11,2026-09-23T05:34:24Z,CHECKPOST-CHARLIE,CAM-C-CHECKPOST,LOITERING,32,human,person,0.65,-,0.0,WARNING,Stationary 20s within 0.08x height (movement 0.00 heights/s)
11:04:24,2026-09-23T05:34:33Z,CHECKPOST-CHARLIE,CAM-C-CHECKPOST,VEHICLE_ANPR,2,vehicle,car,0.894,3551,0.734,VERIFIED,Plate Conf: 81%
11:04:24,2026-09-23T05:34:33Z,CHECKPOST-CHARLIE,CAM-C-CHECKPOST,VEHICLE_ANPR,30,vehicle,car,0.902,IPBOB355,0.999,VERIFIED,Plate Conf: 83%
11:04:24,2026-09-23T05:34:33Z,CHECKPOST-CHARLIE,CAM-C-CHECKPOST,VEHICLE_ANPR,34,vehicle,car,0.767,FBOB3551,0.696,VERIFIED,Plate Conf: 65%
11:04:24,2026-09-23T05:34:33Z,CHECKPOST-CHARLIE,CAM-C-CHECKPOST,VEHICLE_ANPR,36,vehicle,car,0.77,BOB355,0.992,VERIFIED,Plate Conf: 75%
11:04:24,2026-09-23T05:34:34Z,CHECKPOST-CHARLIE,CAM-C-CHECKPOST,VEHICLE_ANPR,42,vehicle,car,0.858,PLATE_UNREADABLE,0.0,FLAGGED_FOR_MANUAL_REVIEW,Plate Conf: 69%
11:04:24,2026-09-23T05:34:34Z,CHECKPOST-CHARLIE,CAM-C-CHECKPOST,VEHICLE_ANPR,43,vehicle,car,0.357,PLATE_UNREADABLE,0.0,FLAGGED_FOR_MANUAL_REVIEW,Plate Conf: 77%
11:04:24,2026-09-23T05:34:34Z,CHECKPOST-CHARLIE,CAM-C-CHECKPOST,VEHICLE_ANPR,44,vehicle,car,0.38,PLATE_UNREADABLE,0.0,FLAGGED_FOR_MANUAL_REVIEW,Plate Conf: 72%
11:04:24,2026-09-23T05:34:34Z,CHECKPOST-CHARLIE,CAM-C-CHECKPOST,VEHICLE_ANPR,55,vehicle,car,0.873,7PBOB3551,0.653,VERIFIED,Plate Conf: 90%
11:04:24,2026-09-23T05:34:34Z,CHECKPOST-CHARLIE,CAM-C-CHECKPOST,VEHICLE_ANPR,67,vehicle,car,0.864,PLATE_UNREADABLE,0.0,FLAGGED_FOR_MANUAL_REVIEW,Plate Conf: 77%
11:04:24,2026-09-23T05:34:34Z,CHECKPOST-CHARLIE,CAM-C-CHECKPOST,VEHICLE_ANPR,71,vehicle,car,0.537,PLATE_UNREADABLE,0.0,FLAGGED_FOR_MANUAL_REVIEW,Plate Conf: 87%
11:04:24,2026-09-23T05:34:34Z,CHECKPOST-CHARLIE,CAM-C-CHECKPOST,LOITERING,8,human,person,0.65,-,0.0,WARNING,Stationary 37s within 0.16x height (movement 0.01 heights/s)
11:04:24,2026-09-23T05:34:34Z,CHECKPOST-CHARLIE,CAM-C-CHECKPOST,LOITERING,9,human,person,0.65,-,0.0,WARNING,Stationary 37s within 0.12x height (movement 0.00 heights/s)
11:04:32,2026-09-23T05:34:45Z,CHECKPOST-CHARLIE,CAM-C-CHECKPOST,VEHICLE_ANPR,2,vehicle,car,0.862,3551,0.734,VERIFIED,Plate Conf: 81%
11:04:32,2026-09-23T05:34:45Z,CHECKPOST-CHARLIE,CAM-C-CHECKPOST,VEHICLE_ANPR,30,vehicle,car,0.902,IPBOB355,0.999,VERIFIED,Plate Conf: 83%
11:04:32,2026-09-23T05:34:45Z,CHECKPOST-CHARLIE,CAM-C-CHECKPOST,VEHICLE_ANPR,34,vehicle,car,0.767,FBOB3551,0.696,VERIFIED,Plate Conf: 65%
11:04:32,2026-09-23T05:34:46Z,CHECKPOST-CHARLIE,CAM-C-CHECKPOST,VEHICLE_ANPR,36,vehicle,car,0.917,BOB355,0.992,VERIFIED,Plate Conf: 75%
11:04:32,2026-09-23T05:34:46Z,CHECKPOST-CHARLIE,CAM-C-CHECKPOST,VEHICLE_ANPR,42,vehicle,car,0.58,PLATE_UNREADABLE,0.0,FLAGGED_FOR_MANUAL_REVIEW,Plate Conf: 69%
11:04:32,2026-09-23T05:34:46Z,CHECKPOST-CHARLIE,CAM-C-CHECKPOST,VEHICLE_ANPR,43,vehicle,car,0.357,PLATE_UNREADABLE,0.0,FLAGGED_FOR_MANUAL_REVIEW,Plate Conf: 77%
11:04:32,2026-09-23T05:34:46Z,CHECKPOST-CHARLIE,CAM-C-CHECKPOST,VEHICLE_ANPR,44,vehicle,car,0.38,PLATE_UNREADABLE,0.0,FLAGGED_FOR_MANUAL_REVIEW,Plate Conf: 72%
11:04:32,2026-09-23T05:34:46Z,CHECKPOST-CHARLIE,CAM-C-CHECKPOST,VEHICLE_ANPR,55,vehicle,car,0.873,7PBOB3551,0.653,VERIFIED,Plate Conf: 90%
11:04:32,2026-09-23T05:34:46Z,CHECKPOST-CHARLIE,CAM-C-CHECKPOST,VEHICLE_ANPR,66,vehicle,car,0.935,PLATE_UNREADABLE,0.0,FLAGGED_FOR_MANUAL_REVIEW,Plate Conf: 26%
11:04:32,2026-09-23T05:34:46Z,CHECKPOST-CHARLIE,CAM-C-CHECKPOST,VEHICLE_ANPR,67,vehicle,car,0.864,PLATE_UNREADABLE,0.0,FLAGGED_FOR_MANUAL_REVIEW,Plate Conf: 77%
11:04:32,2026-09-23T05:34:46Z,CHECKPOST-CHARLIE,CAM-C-CHECKPOST,VEHICLE_ANPR,71,vehicle,car,0.537,PLATE_UNREADABLE,0.0,FLAGGED_FOR_MANUAL_REVIEW,Plate Conf: 87%
11:04:32,2026-09-23T05:34:46Z,CHECKPOST-CHARLIE,CAM-C-CHECKPOST,LOITERING,32,human,person,0.65,-,0.0,WARNING,Stationary 41s within 0.17x height (movement 0.00 heights/s)
11:04:32,2026-09-23T05:34:46Z,CHECKPOST-CHARLIE,CAM-C-CHECKPOST,LOITERING,28,human,person,0.65,-,0.0,WARNING,Stationary 49s within 0.11x height (movement 0.00 heights/s)
11:04:32,2026-09-23T05:34:46Z,CHECKPOST-CHARLIE,CAM-C-CHECKPOST,GROUP_CONVERGENCE,8,human,person,0.6,-,0.0,NOTICE,"3 persons converged within 1.6 body-lengths (tracks [8, 9, 28])"
11:04:45,2026-09-23T05:34:53Z,CHECKPOST-CHARLIE,CAM-C-CHECKPOST,VEHICLE_ANPR,2,vehicle,car,0.862,3551,0.734,VERIFIED,Plate Conf: 81%
11:04:45,2026-09-23T05:34:53Z,CHECKPOST-CHARLIE,CAM-C-CHECKPOST,VEHICLE_ANPR,12,vehicle,car,0.82,PLATE_UNREADABLE,0.0,FLAGGED_FOR_MANUAL_REVIEW,Plate Conf: 76%
11:04:45,2026-09-23T05:34:53Z,CHECKPOST-CHARLIE,CAM-C-CHECKPOST,VEHICLE_ANPR,13,vehicle,car,0.403,PLATE_UNREADABLE,0.0,FLAGGED_FOR_MANUAL_REVIEW,Plate Conf: 62%
11:04:45,2026-09-23T05:34:53Z,CHECKPOST-CHARLIE,CAM-C-CHECKPOST,VEHICLE_ANPR,30,vehicle,car,0.809,IPBOB355,0.999,VERIFIED,Plate Conf: 83%
11:04:45,2026-09-23T05:34:53Z,CHECKPOST-CHARLIE,CAM-C-CHECKPOST,VEHICLE_ANPR,34,vehicle,car,0.767,FBOB3551,0.696,VERIFIED,Plate Conf: 65%
11:04:45,2026-09-23T05:34:53Z,CHECKPOST-CHARLIE,CAM-C-CHECKPOST,VEHICLE_ANPR,36,vehicle,car,0.917,BOB355,0.992,VERIFIED,Plate Conf: 75%
11:04:45,2026-09-23T05:34:53Z,CHECKPOST-CHARLIE,CAM-C-CHECKPOST,VEHICLE_ANPR,42,vehicle,car,0.58,PLATE_UNREADABLE,0.0,FLAGGED_FOR_MANUAL_REVIEW,Plate Conf: 69%
11:04:45,2026-09-23T05:34:53Z,CHECKPOST-CHARLIE,CAM-C-CHECKPOST,VEHICLE_ANPR,43,vehicle,car,0.357,PLATE_UNREADABLE,0.0,FLAGGED_FOR_MANUAL_REVIEW,Plate Conf: 77%
11:04:45,2026-09-23T05:34:53Z,CHECKPOST-CHARLIE,CAM-C-CHECKPOST,VEHICLE_ANPR,44,vehicle,car,0.38,PLATE_UNREADABLE,0.0,FLAGGED_FOR_MANUAL_REVIEW,Plate Conf: 72%
11:04:45,2026-09-23T05:34:53Z,CHECKPOST-CHARLIE,CAM-C-CHECKPOST,VEHICLE_ANPR,55,vehicle,car,0.873,7PBOB3551,0.653,VERIFIED,Plate Conf: 90%
11:04:45,2026-09-23T05:34:53Z,CHECKPOST-CHARLIE,CAM-C-CHECKPOST,VEHICLE_ANPR,71,vehicle,car,0.537,PLATE_UNREADABLE,0.0,FLAGGED_FOR_MANUAL_REVIEW,Plate Conf: 87%
11:04:52,2026-09-23T05:35:02Z,CHECKPOST-CHARLIE,CAM-C-CHECKPOST,VEHICLE_ANPR,2,vehicle,car,0.929,3551,0.734,VERIFIED,Plate Conf: 81%
11:04:52,2026-09-23T05:35:02Z,CHECKPOST-CHARLIE,CAM-C-CHECKPOST,VEHICLE_ANPR,13,vehicle,car,0.403,PLATE_UNREADABLE,0.0,FLAGGED_FOR_MANUAL_REVIEW,Plate Conf: 62%
11:04:52,2026-09-23T05:35:03Z,CHECKPOST-CHARLIE,CAM-C-CHECKPOST,VEHICLE_ANPR,30,vehicle,car,0.809,IPBOB355,0.999,VERIFIED,Plate Conf: 83%
11:04:52,2026-09-23T05:35:03Z,CHECKPOST-CHARLIE,CAM-C-CHECKPOST,VEHICLE_ANPR,34,vehicle,car,0.767,FBOB3551,0.696,VERIFIED,Plate Conf: 65%
11:04:52,2026-09-23T05:35:03Z,CHECKPOST-CHARLIE,CAM-C-CHECKPOST,VEHICLE_ANPR,36,vehicle,car,0.917,BOB355,0.992,VERIFIED,Plate Conf: 75%
11:04:52,2026-09-23T05:35:03Z,CHECKPOST-CHARLIE,CAM-C-CHECKPOST,VEHICLE_ANPR,42,vehicle,car,0.642,PLATE_UNREADABLE,0.0,FLAGGED_FOR_MANUAL_REVIEW,Plate Conf: 69%
11:04:52,2026-09-23T05:35:03Z,CHECKPOST-CHARLIE,CAM-C-CHECKPOST,VEHICLE_ANPR,43,vehicle,car,0.357,PLATE_UNREADABLE,0.0,FLAGGED_FOR_MANUAL_REVIEW,Plate Conf: 77%
11:04:52,2026-09-23T05:35:03Z,CHECKPOST-CHARLIE,CAM-C-CHECKPOST,VEHICLE_ANPR,44,vehicle,car,0.38,PLATE_UNREADABLE,0.0,FLAGGED_FOR_MANUAL_REVIEW,Plate Conf: 72%
11:04:52,2026-09-23T05:35:03Z,CHECKPOST-CHARLIE,CAM-C-CHECKPOST,VEHICLE_ANPR,55,vehicle,car,0.873,7PBOB3551,0.653,VERIFIED,Plate Conf: 90%
11:04:52,2026-09-23T05:35:03Z,CHECKPOST-CHARLIE,CAM-C-CHECKPOST,VEHICLE_ANPR,71,vehicle,car,0.537,68DJ18,0.205,FLAGGED_FOR_MANUAL_REVIEW,Plate Conf: 88%
11:04:52,2026-09-23T05:35:03Z,CHECKPOST-CHARLIE,CAM-C-CHECKPOST,LOITERING,8,human,person,0.65,-,0.0,WARNING,Stationary 63s within 0.16x height (movement 0.01 heights/s)
11:04:59,2026-09-23T05:35:04Z,CHECKPOST-CHARLIE,CAM-C-CHECKPOST,VEHICLE_ANPR,2,vehicle,car,0.929,3551,0.734,VERIFIED,Plate Conf: 81%
11:04:59,2026-09-23T05:35:04Z,CHECKPOST-CHARLIE,CAM-C-CHECKPOST,VEHICLE_ANPR,13,vehicle,car,0.403,PLATE_UNREADABLE,0.0,FLAGGED_FOR_MANUAL_REVIEW,Plate Conf: 62%
11:04:59,2026-09-23T05:35:04Z,CHECKPOST-CHARLIE,CAM-C-CHECKPOST,VEHICLE_ANPR,30,vehicle,car,0.809,IPBOB355,0.999,VERIFIED,Plate Conf: 83%
11:04:59,2026-09-23T05:35:04Z,CHECKPOST-CHARLIE,CAM-C-CHECKPOST,VEHICLE_ANPR,34,vehicle,car,0.923,FBOB3551,0.696,VERIFIED,Plate Conf: 65%
11:04:59,2026-09-23T05:35:04Z,CHECKPOST-CHARLIE,CAM-C-CHECKPOST,VEHICLE_ANPR,36,vehicle,car,0.917,BOB355,0.992,VERIFIED,Plate Conf: 75%
11:04:59,2026-09-23T05:35:04Z,CHECKPOST-CHARLIE,CAM-C-CHECKPOST,VEHICLE_ANPR,42,vehicle,car,0.642,PLATE_UNREADABLE,0.0,FLAGGED_FOR_MANUAL_REVIEW,Plate Conf: 69%
11:04:59,2026-09-23T05:35:04Z,CHECKPOST-CHARLIE,CAM-C-CHECKPOST,VEHICLE_ANPR,43,vehicle,car,0.357,PLATE_UNREADABLE,0.0,FLAGGED_FOR_MANUAL_REVIEW,Plate Conf: 77%
11:04:59,2026-09-23T05:35:04Z,CHECKPOST-CHARLIE,CAM-C-CHECKPOST,VEHICLE_ANPR,44,vehicle,car,0.38,PLATE_UNREADABLE,0.0,FLAGGED_FOR_MANUAL_REVIEW,Plate Conf: 72%
11:04:59,2026-09-23T05:35:04Z,CHECKPOST-CHARLIE,CAM-C-CHECKPOST,VEHICLE_ANPR,55,vehicle,car,0.873,7PBOB3551,0.653,VERIFIED,Plate Conf: 90%
11:04:59,2026-09-23T05:35:04Z,CHECKPOST-CHARLIE,CAM-C-CHECKPOST,LOITERING,9,human,person,0.65,-,0.0,WARNING,Stationary 67s within 0.19x height (movement 0.01 heights/s)
11:05:04,2026-09-23T05:35:08Z,BOP-SECTOR-B,CAM-B-TRIPWIRE,GROUP_CONVERGENCE,113,human,person,0.6,-,0.0,NOTICE,"3 persons converged within 1.6 body-lengths (tracks [113, 158, 181])"
11:05:17,2026-09-23T05:35:19Z,BOP-SECTOR-B,CAM-B-TRIPWIRE,LOITERING,113,human,person,0.65,-,0.0,WARNING,Stationary 14s within 0.34x height (movement 0.06 heights/s)
11:05:17,2026-09-23T05:35:19Z,BOP-SECTOR-B,CAM-B-TRIPWIRE,LOITERING,181,human,person,0.65,-,0.0,WARNING,Stationary 14s within 0.28x height (movement 0.05 heights/s)
11:05:31,2026-09-23T05:35:33Z,BOP-SECTOR-B,CAM-B-TRIPWIRE,LOITERING,245,human,person,0.65,-,0.0,WARNING,Stationary 13s within 0.33x height (movement 0.02 heights/s)
11:05:31,2026-09-23T05:35:33Z,BOP-SECTOR-B,CAM-B-TRIPWIRE,LOITERING,247,human,person,0.65,-,0.0,WARNING,Stationary 9s within 0.26x height (movement 0.03 heights/s)
11:05:34,2026-09-23T05:35:35Z,BOP-SECTOR-B,CAM-B-TRIPWIRE,LOITERING,212,human,person,0.65,-,0.0,WARNING,Stationary 24s within 0.24x height (movement 0.02 heights/s)
11:05:36,2026-09-23T05:35:37Z,BOP-SECTOR-B,CAM-B-TRIPWIRE,LOITERING,185,human,person,0.65,-,0.0,WARNING,Stationary 8s within 0.05x height (movement 0.01 heights/s)
11:05:42,2026-09-23T05:35:43Z,BOP-SECTOR-B,CAM-B-TRIPWIRE,LOITERING,243,human,person,0.65,-,0.0,WARNING,Stationary 23s within 0.24x height (movement 0.02 heights/s)
11:05:03,2026-09-23T05:35:48Z,CHECKPOST-CHARLIE,CAM-C-CHECKPOST,VEHICLE_ANPR,2,vehicle,car,0.656,3551,0.734,VERIFIED,Plate Conf: 81%
11:05:03,2026-09-23T05:35:48Z,CHECKPOST-CHARLIE,CAM-C-CHECKPOST,VEHICLE_ANPR,13,vehicle,car,0.403,PLATE_UNREADABLE,0.0,FLAGGED_FOR_MANUAL_REVIEW,Plate Conf: 62%
11:05:03,2026-09-23T05:35:48Z,CHECKPOST-CHARLIE,CAM-C-CHECKPOST,VEHICLE_ANPR,30,vehicle,car,0.809,IPBOB355,0.999,VERIFIED,Plate Conf: 83%
11:05:03,2026-09-23T05:35:48Z,CHECKPOST-CHARLIE,CAM-C-CHECKPOST,VEHICLE_ANPR,34,vehicle,car,0.923,FBOB3551,0.696,VERIFIED,Plate Conf: 65%
11:05:03,2026-09-23T05:35:48Z,CHECKPOST-CHARLIE,CAM-C-CHECKPOST,VEHICLE_ANPR,36,vehicle,car,0.893,BOB355,0.992,VERIFIED,Plate Conf: 75%
11:05:03,2026-09-23T05:35:48Z,CHECKPOST-CHARLIE,CAM-C-CHECKPOST,VEHICLE_ANPR,42,vehicle,car,0.5,PLATE_UNREADABLE,0.0,FLAGGED_FOR_MANUAL_REVIEW,Plate Conf: 69%
11:05:03,2026-09-23T05:35:48Z,CHECKPOST-CHARLIE,CAM-C-CHECKPOST,VEHICLE_ANPR,43,vehicle,car,0.357,PLATE_UNREADABLE,0.0,FLAGGED_FOR_MANUAL_REVIEW,Plate Conf: 77%
11:05:03,2026-09-23T05:35:48Z,CHECKPOST-CHARLIE,CAM-C-CHECKPOST,VEHICLE_ANPR,44,vehicle,car,0.38,PLATE_UNREADABLE,0.0,FLAGGED_FOR_MANUAL_REVIEW,Plate Conf: 72%
11:05:03,2026-09-23T05:35:48Z,CHECKPOST-CHARLIE,CAM-C-CHECKPOST,VEHICLE_ANPR,55,vehicle,car,0.873,7PBOB3551,0.653,VERIFIED,Plate Conf: 90%
11:05:03,2026-09-23T05:35:48Z,CHECKPOST-CHARLIE,CAM-C-CHECKPOST,VEHICLE_ANPR,67,vehicle,car,0.864,PLATE_UNREADABLE,0.0,FLAGGED_FOR_MANUAL_REVIEW,Plate Conf: 77%
11:05:09,2026-09-23T05:35:48Z,CHECKPOST-CHARLIE,CAM-C-CHECKPOST,VEHICLE_ANPR,2,vehicle,car,0.637,3551,0.734,VERIFIED,Plate Conf: 81%
11:05:09,2026-09-23T05:35:48Z,CHECKPOST-CHARLIE,CAM-C-CHECKPOST,VEHICLE_ANPR,13,vehicle,car,0.403,PLATE_UNREADABLE,0.0,FLAGGED_FOR_MANUAL_REVIEW,Plate Conf: 62%
11:05:09,2026-09-23T05:35:48Z,CHECKPOST-CHARLIE,CAM-C-CHECKPOST,VEHICLE_ANPR,30,vehicle,car,0.809,IPBOB355,0.999,VERIFIED,Plate Conf: 83%
11:05:09,2026-09-23T05:35:48Z,CHECKPOST-CHARLIE,CAM-C-CHECKPOST,VEHICLE_ANPR,34,vehicle,car,0.925,FBOB3551,0.696,VERIFIED,Plate Conf: 65%
11:05:09,2026-09-23T05:35:48Z,CHECKPOST-CHARLIE,CAM-C-CHECKPOST,VEHICLE_ANPR,36,vehicle,car,0.893,BOB355,0.992,VERIFIED,Plate Conf: 75%
11:05:09,2026-09-23T05:35:48Z,CHECKPOST-CHARLIE,CAM-C-CHECKPOST,VEHICLE_ANPR,42,vehicle,car,0.5,PLATE_UNREADABLE,0.0,FLAGGED_FOR_MANUAL_REVIEW,Plate Conf: 69%
11:05:09,2026-09-23T05:35:48Z,CHECKPOST-CHARLIE,CAM-C-CHECKPOST,VEHICLE_ANPR,43,vehicle,car,0.357,PLATE_UNREADABLE,0.0,FLAGGED_FOR_MANUAL_REVIEW,Plate Conf: 77%
11:05:09,2026-09-23T05:35:48Z,CHECKPOST-CHARLIE,CAM-C-CHECKPOST,VEHICLE_ANPR,44,vehicle,car,0.38,PLATE_UNREADABLE,0.0,FLAGGED_FOR_MANUAL_REVIEW,Plate Conf: 72%
11:05:09,2026-09-23T05:35:48Z,CHECKPOST-CHARLIE,CAM-C-CHECKPOST,VEHICLE_ANPR,55,vehicle,car,0.873,7PBOB3551,0.653,VERIFIED,Plate Conf: 90%
11:05:09,2026-09-23T05:35:48Z,CHECKPOST-CHARLIE,CAM-C-CHECKPOST,LOITERING,45,human,person,0.65,-,0.0,WARNING,Stationary 13s within 0.22x height (movement 0.03 heights/s)
11:05:09,2026-09-23T05:35:48Z,CHECKPOST-CHARLIE,CAM-C-CHECKPOST,LOITERING,64,human,person,0.65,-,0.0,WARNING,Stationary 9s within 0.08x height (movement 0.02 heights/s)
11:05:09,2026-09-23T05:35:48Z,CHECKPOST-CHARLIE,CAM-C-CHECKPOST,LOITERING,51,human,person,0.65,-,0.0,WARNING,Stationary 9s within 0.19x height (movement 0.02 heights/s)
11:05:12,2026-09-23T05:35:49Z,CHECKPOST-CHARLIE,CAM-C-CHECKPOST,VEHICLE_ANPR,2,vehicle,car,0.637,3551,0.734,VERIFIED,Plate Conf: 81%
11:05:12,2026-09-23T05:35:49Z,CHECKPOST-CHARLIE,CAM-C-CHECKPOST,VEHICLE_ANPR,13,vehicle,car,0.403,PLATE_UNREADABLE,0.0,FLAGGED_FOR_MANUAL_REVIEW,Plate Conf: 62%
11:05:12,2026-09-23T05:35:49Z,CHECKPOST-CHARLIE,CAM-C-CHECKPOST,VEHICLE_ANPR,30,vehicle,car,0.837,IPBOB355,0.999,VERIFIED,Plate Conf: 83%
11:05:12,2026-09-23T05:35:49Z,CHECKPOST-CHARLIE,CAM-C-CHECKPOST,VEHICLE_ANPR,32,vehicle,car,0.669,PLATE_UNREADABLE,0.0,FLAGGED_FOR_MANUAL_REVIEW,Plate Conf: 85%
11:05:12,2026-09-23T05:35:49Z,CHECKPOST-CHARLIE,CAM-C-CHECKPOST,VEHICLE_ANPR,34,vehicle,car,0.925,FBOB3551,0.696,VERIFIED,Plate Conf: 65%
11:05:12,2026-09-23T05:35:49Z,CHECKPOST-CHARLIE,CAM-C-CHECKPOST,VEHICLE_ANPR,36,vehicle,car,0.893,BOB355,0.992,VERIFIED,Plate Conf: 75%
11:05:12,2026-09-23T05:35:49Z,CHECKPOST-CHARLIE,CAM-C-CHECKPOST,VEHICLE_ANPR,37,vehicle,car,0.864,PLATE_UNREADABLE,0.0,FLAGGED_FOR_MANUAL_REVIEW,Plate Conf: 80%
11:05:12,2026-09-23T05:35:49Z,CHECKPOST-CHARLIE,CAM-C-CHECKPOST,VEHICLE_ANPR,42,vehicle,car,0.5,PLATE_UNREADABLE,0.0,FLAGGED_FOR_MANUAL_REVIEW,Plate Conf: 69%
11:05:12,2026-09-23T05:35:49Z,CHECKPOST-CHARLIE,CAM-C-CHECKPOST,VEHICLE_ANPR,43,vehicle,car,0.357,PLATE_UNREADABLE,0.0,FLAGGED_FOR_MANUAL_REVIEW,Plate Conf: 77%
11:05:12,2026-09-23T05:35:49Z,CHECKPOST-CHARLIE,CAM-C-CHECKPOST,VEHICLE_ANPR,44,vehicle,car,0.38,PLATE_UNREADABLE,0.0,FLAGGED_FOR_MANUAL_REVIEW,Plate Conf: 72%
11:05:12,2026-09-23T05:35:49Z,CHECKPOST-CHARLIE,CAM-C-CHECKPOST,VEHICLE_ANPR,55,vehicle,car,0.873,7PBOB3551,0.653,VERIFIED,Plate Conf: 90%
11:05:12,2026-09-23T05:35:49Z,CHECKPOST-CHARLIE,CAM-C-CHECKPOST,LOITERING,28,human,person,0.65,-,0.0,WARNING,Stationary 8s within 0.26x height (movement 0.03 heights/s)
11:05:18,2026-09-23T05:35:49Z,CHECKPOST-CHARLIE,CAM-C-CHECKPOST,VEHICLE_ANPR,2,vehicle,car,0.908,3551,0.734,VERIFIED,Plate Conf: 81%
11:05:18,2026-09-23T05:35:49Z,CHECKPOST-CHARLIE,CAM-C-CHECKPOST,VEHICLE_ANPR,13,vehicle,car,0.403,PLATE_UNREADABLE,0.0,FLAGGED_FOR_MANUAL_REVIEW,Plate Conf: 62%
11:05:18,2026-09-23T05:35:49Z,CHECKPOST-CHARLIE,CAM-C-CHECKPOST,VEHICLE_ANPR,30,vehicle,car,0.837,IPBOB355,0.999,VERIFIED,Plate Conf: 83%
11:05:18,2026-09-23T05:35:49Z,CHECKPOST-CHARLIE,CAM-C-CHECKPOST,VEHICLE_ANPR,34,vehicle,car,0.925,FBOB3551,0.696,VERIFIED,Plate Conf: 65%
11:05:18,2026-09-23T05:35:50Z,CHECKPOST-CHARLIE,CAM-C-CHECKPOST,VEHICLE_ANPR,36,vehicle,car,0.916,BOB355,0.992,VERIFIED,Plate Conf: 75%
11:05:18,2026-09-23T05:35:50Z,CHECKPOST-CHARLIE,CAM-C-CHECKPOST,VEHICLE_ANPR,37,vehicle,car,0.864,PLATE_UNREADABLE,0.0,FLAGGED_FOR_MANUAL_REVIEW,Plate Conf: 80%
11:05:18,2026-09-23T05:35:50Z,CHECKPOST-CHARLIE,CAM-C-CHECKPOST,VEHICLE_ANPR,42,vehicle,car,0.448,PLATE_UNREADABLE,0.0,FLAGGED_FOR_MANUAL_REVIEW,Plate Conf: 69%
11:05:18,2026-09-23T05:35:50Z,CHECKPOST-CHARLIE,CAM-C-CHECKPOST,VEHICLE_ANPR,43,vehicle,car,0.357,PLATE_UNREADABLE,0.0,FLAGGED_FOR_MANUAL_REVIEW,Plate Conf: 77%
11:05:18,2026-09-23T05:35:50Z,CHECKPOST-CHARLIE,CAM-C-CHECKPOST,VEHICLE_ANPR,44,vehicle,car,0.38,PLATE_UNREADABLE,0.0,FLAGGED_FOR_MANUAL_REVIEW,Plate Conf: 72%
11:05:18,2026-09-23T05:35:50Z,CHECKPOST-CHARLIE,CAM-C-CHECKPOST,VEHICLE_ANPR,55,vehicle,car,0.873,7PBOB3551,0.653,VERIFIED,Plate Conf: 90%
11:05:18,2026-09-23T05:35:50Z,CHECKPOST-CHARLIE,CAM-C-CHECKPOST,VEHICLE_ANPR,67,vehicle,car,0.864,PLATE_UNREADABLE,0.0,FLAGGED_FOR_MANUAL_REVIEW,Plate Conf: 77%
11:05:18,2026-09-23T05:35:50Z,CHECKPOST-CHARLIE,CAM-C-CHECKPOST,LOITERING,60,human,person,0.65,-,0.0,WARNING,Stationary 14s within 0.32x height (movement 0.02 heights/s)
11:05:18,2026-09-23T05:35:50Z,CHECKPOST-CHARLIE,CAM-C-CHECKPOST,LOITERING,9,human,person,0.65,-,0.0,WARNING,Stationary 88s within 0.19x height (movement 0.01 heights/s)
11:05:24,2026-09-23T05:35:50Z,CHECKPOST-CHARLIE,CAM-C-CHECKPOST,VEHICLE_ANPR,2,vehicle,car,0.908,3551,0.734,VERIFIED,Plate Conf: 81%
11:05:24,2026-09-23T05:35:50Z,CHECKPOST-CHARLIE,CAM-C-CHECKPOST,VEHICLE_ANPR,13,vehicle,car,0.403,PLATE_UNREADABLE,0.0,FLAGGED_FOR_MANUAL_REVIEW,Plate Conf: 62%
11:05:24,2026-09-23T05:35:50Z,CHECKPOST-CHARLIE,CAM-C-CHECKPOST,VEHICLE_ANPR,30,vehicle,car,0.837,IPBOB355,0.999,VERIFIED,Plate Conf: 83%
11:05:24,2026-09-23T05:35:50Z,CHECKPOST-CHARLIE,CAM-C-CHECKPOST,VEHICLE_ANPR,34,vehicle,car,0.925,FBOB3551,0.696,VERIFIED,Plate Conf: 65%
11:05:24,2026-09-23T05:35:50Z,CHECKPOST-CHARLIE,CAM-C-CHECKPOST,VEHICLE_ANPR,36,vehicle,car,0.916,BOB355,0.992,VERIFIED,Plate Conf: 75%
11:05:24,2026-09-23T05:35:50Z,CHECKPOST-CHARLIE,CAM-C-CHECKPOST,VEHICLE_ANPR,42,vehicle,car,0.448,PLATE_UNREADABLE,0.0,FLAGGED_FOR_MANUAL_REVIEW,Plate Conf: 69%
11:05:24,2026-09-23T05:35:51Z,CHECKPOST-CHARLIE,CAM-C-CHECKPOST,VEHICLE_ANPR,43,vehicle,car,0.439,PLATE_UNREADABLE,0.0,FLAGGED_FOR_MANUAL_REVIEW,Plate Conf: 77%
11:05:24,2026-09-23T05:35:51Z,CHECKPOST-CHARLIE,CAM-C-CHECKPOST,VEHICLE_ANPR,44,vehicle,car,0.89,PLATE_UNREADABLE,0.0,FLAGGED_FOR_MANUAL_REVIEW,Plate Conf: 72%
11:05:24,2026-09-23T05:35:51Z,CHECKPOST-CHARLIE,CAM-C-CHECKPOST,VEHICLE_ANPR,55,vehicle,car,0.876,7PBOB3551,0.653,VERIFIED,Plate Conf: 90%
11:05:24,2026-09-23T05:35:51Z,CHECKPOST-CHARLIE,CAM-C-CHECKPOST,LOITERING,8,human,person,0.65,-,0.0,WARNING,Stationary 93s within 0.17x height (movement 0.01 heights/s)
11:05:24,2026-09-23T05:35:51Z,CHECKPOST-CHARLIE,CAM-C-CHECKPOST,GROUP_CONVERGENCE,5,human,person,0.6,-,0.0,NOTICE,"5 persons converged within 1.6 body-lengths (tracks [5, 8, 16, 28, 53])"
11:05:28,2026-09-23T05:35:51Z,CHECKPOST-CHARLIE,CAM-C-CHECKPOST,VEHICLE_ANPR,2,vehicle,car,0.908,3551,0.734,VERIFIED,Plate Conf: 81%
11:05:28,2026-09-23T05:35:51Z,CHECKPOST-CHARLIE,CAM-C-CHECKPOST,VEHICLE_ANPR,13,vehicle,car,0.403,PLATE_UNREADABLE,0.0,FLAGGED_FOR_MANUAL_REVIEW,Plate Conf: 62%
11:05:28,2026-09-23T05:35:51Z,CHECKPOST-CHARLIE,CAM-C-CHECKPOST,VEHICLE_ANPR,30,vehicle,car,0.837,IPBOB355,0.999,VERIFIED,Plate Conf: 83%
11:05:28,2026-09-23T05:35:51Z,CHECKPOST-CHARLIE,CAM-C-CHECKPOST,VEHICLE_ANPR,34,vehicle,car,0.925,FBOB3551,0.696,VERIFIED,Plate Conf: 65%
11:05:28,2026-09-23T05:35:51Z,CHECKPOST-CHARLIE,CAM-C-CHECKPOST,VEHICLE_ANPR,36,vehicle,car,0.916,BOB355,0.992,VERIFIED,Plate Conf: 75%
11:05:28,2026-09-23T05:35:51Z,CHECKPOST-CHARLIE,CAM-C-CHECKPOST,VEHICLE_ANPR,37,vehicle,car,0.864,PLATE_UNREADABLE,0.0,FLAGGED_FOR_MANUAL_REVIEW,Plate Conf: 80%
11:05:28,2026-09-23T05:35:51Z,CHECKPOST-CHARLIE,CAM-C-CHECKPOST,VEHICLE_ANPR,42,vehicle,car,0.448,PLATE_UNREADABLE,0.0,FLAGGED_FOR_MANUAL_REVIEW,Plate Conf: 69%
11:05:28,2026-09-23T05:35:51Z,CHECKPOST-CHARLIE,CAM-C-CHECKPOST,VEHICLE_ANPR,43,vehicle,car,0.439,PLATE_UNREADABLE,0.0,FLAGGED_FOR_MANUAL_REVIEW,Plate Conf: 77%
11:05:28,2026-09-23T05:35:51Z,CHECKPOST-CHARLIE,CAM-C-CHECKPOST,VEHICLE_ANPR,44,vehicle,car,0.642,PLATE_UNREADABLE,0.0,FLAGGED_FOR_MANUAL_REVIEW,Plate Conf: 72%
11:05:28,2026-09-23T05:35:52Z,CHECKPOST-CHARLIE,CAM-C-CHECKPOST,VEHICLE_ANPR,55,vehicle,car,0.929,7PBOB3551,0.653,VERIFIED,Plate Conf: 90%
11:05:28,2026-09-23T05:35:52Z,CHECKPOST-CHARLIE,CAM-C-CHECKPOST,LOITERING,45,human,person,0.65,-,0.0,WARNING,Stationary 34s within 0.26x height (movement 0.03 heights/s)
11:05:28,2026-09-23T05:35:52Z,CHECKPOST-CHARLIE,CAM-C-CHECKPOST,LOITERING,31,human,person,0.65,-,0.0,WARNING,Stationary 9s within 0.21x height (movement 0.02 heights/s)
11:05:28,2026-09-23T05:35:52Z,CHECKPOST-CHARLIE,CAM-C-CHECKPOST,LOITERING,75,human,person,0.65,-,0.0,WARNING,Stationary 21s within 0.31x height (movement 0.01 heights/s)
11:05:32,2026-09-23T05:35:52Z,CHECKPOST-CHARLIE,CAM-C-CHECKPOST,VEHICLE_ANPR,2,vehicle,car,0.867,3551,0.734,VERIFIED,Plate Conf: 81%
11:05:32,2026-09-23T05:35:52Z,CHECKPOST-CHARLIE,CAM-C-CHECKPOST,VEHICLE_ANPR,13,vehicle,car,0.403,PLATE_UNREADABLE,0.0,FLAGGED_FOR_MANUAL_REVIEW,Plate Conf: 62%
11:05:32,2026-09-23T05:35:52Z,CHECKPOST-CHARLIE,CAM-C-CHECKPOST,VEHICLE_ANPR,30,vehicle,car,0.837,IPBOB355,0.999,VERIFIED,Plate Conf: 83%
11:05:32,2026-09-23T05:35:52Z,CHECKPOST-CHARLIE,CAM-C-CHECKPOST,VEHICLE_ANPR,34,vehicle,car,0.925,FBOB3551,0.696,VERIFIED,Plate Conf: 65%
11:05:32,2026-09-23T05:35:52Z,CHECKPOST-CHARLIE,CAM-C-CHECKPOST,VEHICLE_ANPR,36,vehicle,car,0.916,BOB355,0.992,VERIFIED,Plate Conf: 75%
11:05:32,2026-09-23T05:35:52Z,CHECKPOST-CHARLIE,CAM-C-CHECKPOST,VEHICLE_ANPR,42,vehicle,car,0.448,PLATE_UNREADABLE,0.0,FLAGGED_FOR_MANUAL_REVIEW,Plate Conf: 69%
11:05:32,2026-09-23T05:35:52Z,CHECKPOST-CHARLIE,CAM-C-CHECKPOST,VEHICLE_ANPR,43,vehicle,car,0.473,PLATE_UNREADABLE,0.0,FLAGGED_FOR_MANUAL_REVIEW,Plate Conf: 77%
11:05:32,2026-09-23T05:35:52Z,CHECKPOST-CHARLIE,CAM-C-CHECKPOST,VEHICLE_ANPR,44,vehicle,car,0.881,PLATE_UNREADABLE,0.0,FLAGGED_FOR_MANUAL_REVIEW,Plate Conf: 72%
11:05:32,2026-09-23T05:35:52Z,CHECKPOST-CHARLIE,CAM-C-CHECKPOST,VEHICLE_ANPR,55,vehicle,car,0.929,7PBOB3551,0.653,VERIFIED,Plate Conf: 90%
11:05:32,2026-09-23T05:35:52Z,CHECKPOST-CHARLIE,CAM-C-CHECKPOST,LOITERING,51,human,person,0.65,-,0.0,WARNING,Stationary 34s within 0.35x height (movement 0.01 heights/s)
11:05:32,2026-09-23T05:35:52Z,CHECKPOST-CHARLIE,CAM-C-CHECKPOST,LOITERING,38,human,person,0.65,-,0.0,WARNING,Stationary 8s within 0.07x height (movement 0.01 heights/s)
11:05:32,2026-09-23T05:35:52Z,CHECKPOST-CHARLIE,CAM-C-CHECKPOST,LOITERING,16,human,person,0.65,-,0.0,WARNING,Stationary 8s within 0.04x height (movement 0.00 heights/s)
11:05:32,2026-09-23T05:35:52Z,CHECKPOST-CHARLIE,CAM-C-CHECKPOST,LOITERING,53,human,person,0.65,-,0.0,WARNING,Stationary 8s within 0.04x height (movement 0.00 heights/s)
11:05:37,2026-09-23T05:35:52Z,CHECKPOST-CHARLIE,CAM-C-CHECKPOST,VEHICLE_ANPR,2,vehicle,car,0.867,3551,0.734,VERIFIED,Plate Conf: 81%
11:05:37,2026-09-23T05:35:52Z,CHECKPOST-CHARLIE,CAM-C-CHECKPOST,VEHICLE_ANPR,13,vehicle,car,0.403,PLATE_UNREADABLE,0.0,FLAGGED_FOR_MANUAL_REVIEW,Plate Conf: 62%
11:05:37,2026-09-23T05:35:52Z,CHECKPOST-CHARLIE,CAM-C-CHECKPOST,VEHICLE_ANPR,30,vehicle,car,0.894,IPBOB355,0.999,VERIFIED,Plate Conf: 83%
11:05:37,2026-09-23T05:35:52Z,CHECKPOST-CHARLIE,CAM-C-CHECKPOST,VEHICLE_ANPR,34,vehicle,car,0.925,FBOB3551,0.696,VERIFIED,Plate Conf: 65%
11:05:37,2026-09-23T05:35:53Z,CHECKPOST-CHARLIE,CAM-C-CHECKPOST,VEHICLE_ANPR,36,vehicle,car,0.916,BOB355,0.992,VERIFIED,Plate Conf: 75%
11:05:37,2026-09-23T05:35:53Z,CHECKPOST-CHARLIE,CAM-C-CHECKPOST,VEHICLE_ANPR,42,vehicle,car,0.448,PLATE_UNREADABLE,0.0,FLAGGED_FOR_MANUAL_REVIEW,Plate Conf: 69%
11:05:37,2026-09-23T05:35:53Z,CHECKPOST-CHARLIE,CAM-C-CHECKPOST,VEHICLE_ANPR,43,vehicle,car,0.463,PLATE_UNREADABLE,0.0,FLAGGED_FOR_MANUAL_REVIEW,Plate Conf: 77%
11:05:37,2026-09-23T05:35:53Z,CHECKPOST-CHARLIE,CAM-C-CHECKPOST,VEHICLE_ANPR,44,vehicle,car,0.836,PLATE_UNREADABLE,0.0,FLAGGED_FOR_MANUAL_REVIEW,Plate Conf: 72%
11:05:37,2026-09-23T05:35:53Z,CHECKPOST-CHARLIE,CAM-C-CHECKPOST,VEHICLE_ANPR,55,vehicle,car,0.929,7PBOB3551,0.653,VERIFIED,Plate Conf: 90%
11:05:41,2026-09-23T05:35:53Z,CHECKPOST-CHARLIE,CAM-C-CHECKPOST,VEHICLE_ANPR,2,vehicle,car,0.867,3551,0.734,VERIFIED,Plate Conf: 81%
11:05:41,2026-09-23T05:35:53Z,CHECKPOST-CHARLIE,CAM-C-CHECKPOST,VEHICLE_ANPR,13,vehicle,car,0.403,PLATE_UNREADABLE,0.0,FLAGGED_FOR_MANUAL_REVIEW,Plate Conf: 62%
11:05:41,2026-09-23T05:35:53Z,CHECKPOST-CHARLIE,CAM-C-CHECKPOST,VEHICLE_ANPR,30,vehicle,car,0.894,IPBOB355,0.999,VERIFIED,Plate Conf: 83%
11:05:41,2026-09-23T05:35:53Z,CHECKPOST-CHARLIE,CAM-C-CHECKPOST,VEHICLE_ANPR,34,vehicle,car,0.927,FBOB3551,0.696,VERIFIED,Plate Conf: 65%
11:05:41,2026-09-23T05:35:53Z,CHECKPOST-CHARLIE,CAM-C-CHECKPOST,VEHICLE_ANPR,36,vehicle,car,0.916,BOB355,0.992,VERIFIED,Plate Conf: 75%
11:05:41,2026-09-23T05:35:53Z,CHECKPOST-CHARLIE,CAM-C-CHECKPOST,VEHICLE_ANPR,42,vehicle,car,0.448,PLATE_UNREADABLE,0.0,FLAGGED_FOR_MANUAL_REVIEW,Plate Conf: 69%
11:05:41,2026-09-23T05:35:53Z,CHECKPOST-CHARLIE,CAM-C-CHECKPOST,VEHICLE_ANPR,43,vehicle,car,0.463,PLATE_UNREADABLE,0.0,FLAGGED_FOR_MANUAL_REVIEW,Plate Conf: 77%
11:05:41,2026-09-23T05:35:53Z,CHECKPOST-CHARLIE,CAM-C-CHECKPOST,VEHICLE_ANPR,44,vehicle,car,0.496,PLATE_UNREADABLE,0.0,FLAGGED_FOR_MANUAL_REVIEW,Plate Conf: 72%
11:05:41,2026-09-23T05:35:53Z,CHECKPOST-CHARLIE,CAM-C-CHECKPOST,VEHICLE_ANPR,55,vehicle,car,0.929,7PBOB3551,0.653,VERIFIED,Plate Conf: 90%
11:05:41,2026-09-23T05:35:53Z,CHECKPOST-CHARLIE,CAM-C-CHECKPOST,LOITERING,47,human,person,0.65,-,0.0,WARNING,Stationary 12s within 0.20x height (movement 0.02 heights/s)
11:05:59,2026-09-23T05:36:00Z,BOP-SECTOR-B,CAM-B-TRIPWIRE,LOITERING,212,human,person,0.65,-,0.0,WARNING,Stationary 49s within 0.34x height (movement 0.03 heights/s)
11:06:03,2026-09-23T05:36:05Z,BOP-SECTOR-B,CAM-B-TRIPWIRE,LOITERING,181,human,person,0.65,-,0.0,WARNING,Stationary 12s within 0.25x height (movement 0.02 heights/s)
11:06:10,2026-09-23T05:36:12Z,BOP-SECTOR-B,CAM-B-TRIPWIRE,GROUP_CONVERGENCE,185,human,person,0.6,-,0.0,NOTICE,"3 persons converged within 1.6 body-lengths (tracks [185, 212, 254])"
11:06:12,2026-09-23T05:36:13Z,BOP-SECTOR-B,CAM-B-TRIPWIRE,LOITERING,247,human,person,0.65,-,0.0,WARNING,Stationary 9s within 0.25x height (movement 0.03 heights/s)
11:06:17,2026-09-23T05:36:17Z,BOP-SECTOR-B,CAM-B-TRIPWIRE,INTRUSION_ALERT,254,human,person,0.825,-,0.0,UNKNOWN_INTRUDER,"UNKNOWN PERSON | INBOUND (Southbound) at (424, 289) | ID:NONE"
11:06:32,2026-09-23T05:36:33Z,BOP-SECTOR-B,CAM-B-TRIPWIRE,GROUP_CONVERGENCE,113,human,person,0.6,-,0.0,NOTICE,"3 persons converged within 1.6 body-lengths (tracks [113, 212, 242])"
11:05:45,2026-09-23T05:36:48Z,CHECKPOST-CHARLIE,CAM-C-CHECKPOST,VEHICLE_ANPR,2,vehicle,car,0.867,3551,0.734,VERIFIED,Plate Conf: 81%
11:06:46,2026-09-23T05:36:48Z,BOP-SECTOR-B,CAM-B-TRIPWIRE,LOITERING,256,human,person,0.65,-,0.0,WARNING,Stationary 9s within 0.17x height (movement 0.02 heights/s)
11:05:45,2026-09-23T05:36:48Z,CHECKPOST-CHARLIE,CAM-C-CHECKPOST,VEHICLE_ANPR,13,vehicle,car,0.403,PLATE_UNREADABLE,0.0,FLAGGED_FOR_MANUAL_REVIEW,Plate Conf: 62%
11:05:45,2026-09-23T05:36:48Z,CHECKPOST-CHARLIE,CAM-C-CHECKPOST,VEHICLE_ANPR,30,vehicle,car,0.894,IPBOB355,0.999,VERIFIED,Plate Conf: 83%
11:05:45,2026-09-23T05:36:48Z,CHECKPOST-CHARLIE,CAM-C-CHECKPOST,VEHICLE_ANPR,34,vehicle,car,0.927,FBOB3551,0.696,VERIFIED,Plate Conf: 65%
11:05:45,2026-09-23T05:36:48Z,CHECKPOST-CHARLIE,CAM-C-CHECKPOST,VEHICLE_ANPR,36,vehicle,car,0.916,BOB355,0.992,VERIFIED,Plate Conf: 75%
11:05:45,2026-09-23T05:36:49Z,CHECKPOST-CHARLIE,CAM-C-CHECKPOST,VEHICLE_ANPR,42,vehicle,car,0.575,PLATE_UNREADABLE,0.0,FLAGGED_FOR_MANUAL_REVIEW,Plate Conf: 69%
11:05:45,2026-09-23T05:36:49Z,CHECKPOST-CHARLIE,CAM-C-CHECKPOST,VEHICLE_ANPR,43,vehicle,car,0.463,PLATE_UNREADABLE,0.0,FLAGGED_FOR_MANUAL_REVIEW,Plate Conf: 77%
11:05:45,2026-09-23T05:36:49Z,CHECKPOST-CHARLIE,CAM-C-CHECKPOST,VEHICLE_ANPR,44,vehicle,car,0.496,PLATE_UNREADABLE,0.0,FLAGGED_FOR_MANUAL_REVIEW,Plate Conf: 72%
11:05:45,2026-09-23T05:36:49Z,CHECKPOST-CHARLIE,CAM-C-CHECKPOST,VEHICLE_ANPR,55,vehicle,car,0.934,7PBOB3551,0.653,VERIFIED,Plate Conf: 90%
11:05:45,2026-09-23T05:36:49Z,CHECKPOST-CHARLIE,CAM-C-CHECKPOST,GROUP_CONVERGENCE,6,human,person,0.6,-,0.0,NOTICE,"6 persons converged within 1.6 body-lengths (tracks [6, 27, 51, 52, 75, 78])"
11:05:50,2026-09-23T05:36:49Z,CHECKPOST-CHARLIE,CAM-C-CHECKPOST,VEHICLE_ANPR,2,vehicle,car,0.824,3551,0.734,VERIFIED,Plate Conf: 81%
11:05:50,2026-09-23T05:36:49Z,CHECKPOST-CHARLIE,CAM-C-CHECKPOST,VEHICLE_ANPR,13,vehicle,car,0.403,PLATE_UNREADABLE,0.0,FLAGGED_FOR_MANUAL_REVIEW,Plate Conf: 62%
11:05:50,2026-09-23T05:36:49Z,CHECKPOST-CHARLIE,CAM-C-CHECKPOST,VEHICLE_ANPR,30,vehicle,car,0.894,IPBOB355,0.999,VERIFIED,Plate Conf: 83%
11:05:50,2026-09-23T05:36:49Z,CHECKPOST-CHARLIE,CAM-C-CHECKPOST,VEHICLE_ANPR,34,vehicle,car,0.927,FBOB3551,0.696,VERIFIED,Plate Conf: 65%
11:05:50,2026-09-23T05:36:50Z,CHECKPOST-CHARLIE,CAM-C-CHECKPOST,VEHICLE_ANPR,36,vehicle,car,0.804,BOB355,0.992,VERIFIED,Plate Conf: 75%
11:05:50,2026-09-23T05:36:50Z,CHECKPOST-CHARLIE,CAM-C-CHECKPOST,VEHICLE_ANPR,42,vehicle,car,0.575,PLATE_UNREADABLE,0.0,FLAGGED_FOR_MANUAL_REVIEW,Plate Conf: 69%
11:05:50,2026-09-23T05:36:50Z,CHECKPOST-CHARLIE,CAM-C-CHECKPOST,VEHICLE_ANPR,43,vehicle,car,0.406,PLATE_UNREADABLE,0.0,FLAGGED_FOR_MANUAL_REVIEW,Plate Conf: 77%
11:05:50,2026-09-23T05:36:50Z,CHECKPOST-CHARLIE,CAM-C-CHECKPOST,VEHICLE_ANPR,44,vehicle,car,0.824,PLATE_UNREADABLE,0.0,FLAGGED_FOR_MANUAL_REVIEW,Plate Conf: 72%
11:05:50,2026-09-23T05:36:50Z,CHECKPOST-CHARLIE,CAM-C-CHECKPOST,VEHICLE_ANPR,55,vehicle,car,0.934,7PBOB3551,0.653,VERIFIED,Plate Conf: 90%
11:05:50,2026-09-23T05:36:50Z,CHECKPOST-CHARLIE,CAM-C-CHECKPOST,VEHICLE_ANPR,67,vehicle,car,0.864,PLATE_UNREADABLE,0.0,FLAGGED_FOR_MANUAL_REVIEW,Plate Conf: 77%
11:05:50,2026-09-23T05:36:50Z,CHECKPOST-CHARLIE,CAM-C-CHECKPOST,LOITERING,68,human,person,0.65,-,0.0,WARNING,Stationary 13s within 0.08x height (movement 0.01 heights/s)
11:05:58,2026-09-23T05:36:50Z,CHECKPOST-CHARLIE,CAM-C-CHECKPOST,VEHICLE_ANPR,2,vehicle,car,0.929,3551,0.734,VERIFIED,Plate Conf: 81%
11:05:58,2026-09-23T05:36:50Z,CHECKPOST-CHARLIE,CAM-C-CHECKPOST,VEHICLE_ANPR,13,vehicle,car,0.403,PLATE_UNREADABLE,0.0,FLAGGED_FOR_MANUAL_REVIEW,Plate Conf: 62%
11:05:58,2026-09-23T05:36:50Z,CHECKPOST-CHARLIE,CAM-C-CHECKPOST,VEHICLE_ANPR,30,vehicle,car,0.894,IPBOB355,0.999,VERIFIED,Plate Conf: 83%
11:05:58,2026-09-23T05:36:50Z,CHECKPOST-CHARLIE,CAM-C-CHECKPOST,VEHICLE_ANPR,34,vehicle,car,0.927,FBOB3551,0.696,VERIFIED,Plate Conf: 65%
11:05:58,2026-09-23T05:36:50Z,CHECKPOST-CHARLIE,CAM-C-CHECKPOST,VEHICLE_ANPR,36,vehicle,car,0.804,BOB355,0.992,VERIFIED,Plate Conf: 75%
11:05:58,2026-09-23T05:36:50Z,CHECKPOST-CHARLIE,CAM-C-CHECKPOST,VEHICLE_ANPR,37,vehicle,car,0.864,PLATE_UNREADABLE,0.0,FLAGGED_FOR_MANUAL_REVIEW,Plate Conf: 80%
11:05:58,2026-09-23T05:36:50Z,CHECKPOST-CHARLIE,CAM-C-CHECKPOST,VEHICLE_ANPR,42,vehicle,car,0.575,PLATE_UNREADABLE,0.0,FLAGGED_FOR_MANUAL_REVIEW,Plate Conf: 69%
11:05:58,2026-09-23T05:36:50Z,CHECKPOST-CHARLIE,CAM-C-CHECKPOST,VEHICLE_ANPR,43,vehicle,car,0.406,PLATE_UNREADABLE,0.0,FLAGGED_FOR_MANUAL_REVIEW,Plate Conf: 77%
11:05:58,2026-09-23T05:36:50Z,CHECKPOST-CHARLIE,CAM-C-CHECKPOST,VEHICLE_ANPR,44,vehicle,car,0.642,PLATE_UNREADABLE,0.0,FLAGGED_FOR_MANUAL_REVIEW,Plate Conf: 72%
11:05:58,2026-09-23T05:36:51Z,CHECKPOST-CHARLIE,CAM-C-CHECKPOST,VEHICLE_ANPR,55,vehicle,car,0.934,7PBOB3551,0.653,VERIFIED,Plate Conf: 90%
11:05:58,2026-09-23T05:36:51Z,CHECKPOST-CHARLIE,CAM-C-CHECKPOST,LOITERING,45,human,person,0.65,-,0.0,WARNING,Stationary 65s within 0.26x height (movement 0.02 heights/s)
11:05:58,2026-09-23T05:36:51Z,CHECKPOST-CHARLIE,CAM-C-CHECKPOST,LOITERING,75,human,person,0.65,-,0.0,WARNING,Stationary 52s within 0.34x height (movement 0.02 heights/s)
11:06:04,2026-09-23T05:36:51Z,CHECKPOST-CHARLIE,CAM-C-CHECKPOST,VEHICLE_ANPR,2,vehicle,car,0.929,3551,0.734,VERIFIED,Plate Conf: 81%
11:06:04,2026-09-23T05:36:51Z,CHECKPOST-CHARLIE,CAM-C-CHECKPOST,VEHICLE_ANPR,24,vehicle,car,0.498,PLATE_UNREADABLE,0.0,FLAGGED_FOR_MANUAL_REVIEW,Plate Conf: 82%
11:06:04,2026-09-23T05:36:51Z,CHECKPOST-CHARLIE,CAM-C-CHECKPOST,VEHICLE_ANPR,30,vehicle,car,0.78,IPBOB355,0.999,VERIFIED,Plate Conf: 83%
11:06:04,2026-09-23T05:36:51Z,CHECKPOST-CHARLIE,CAM-C-CHECKPOST,VEHICLE_ANPR,32,vehicle,car,0.669,PLATE_UNREADABLE,0.0,FLAGGED_FOR_MANUAL_REVIEW,Plate Conf: 85%
11:06:04,2026-09-23T05:36:51Z,CHECKPOST-CHARLIE,CAM-C-CHECKPOST,VEHICLE_ANPR,34,vehicle,car,0.927,FBOB3551,0.696,VERIFIED,Plate Conf: 65%
11:06:04,2026-09-23T05:36:51Z,CHECKPOST-CHARLIE,CAM-C-CHECKPOST,VEHICLE_ANPR,36,vehicle,car,0.804,BOB355,0.992,VERIFIED,Plate Conf: 75%
11:06:04,2026-09-23T05:36:51Z,CHECKPOST-CHARLIE,CAM-C-CHECKPOST,VEHICLE_ANPR,42,vehicle,car,0.575,PLATE_UNREADABLE,0.0,FLAGGED_FOR_MANUAL_REVIEW,Plate Conf: 69%
11:06:04,2026-09-23T05:36:51Z,CHECKPOST-CHARLIE,CAM-C-CHECKPOST,VEHICLE_ANPR,43,vehicle,car,0.88,PLATE_UNREADABLE,0.0,FLAGGED_FOR_MANUAL_REVIEW,Plate Conf: 77%
11:06:04,2026-09-23T05:36:51Z,CHECKPOST-CHARLIE,CAM-C-CHECKPOST,VEHICLE_ANPR,44,vehicle,car,0.642,PLATE_UNREADABLE,0.0,FLAGGED_FOR_MANUAL_REVIEW,Plate Conf: 72%
11:06:04,2026-09-23T05:36:51Z,CHECKPOST-CHARLIE,CAM-C-CHECKPOST,VEHICLE_ANPR,55,vehicle,car,0.934,7PBOB3551,0.653,VERIFIED,Plate Conf: 90%
11:06:04,2026-09-23T05:36:51Z,CHECKPOST-CHARLIE,CAM-C-CHECKPOST,LOITERING,27,human,person,0.65,-,0.0,WARNING,Stationary 24s within 0.14x height (movement 0.02 heights/s)
11:06:09,2026-09-23T05:36:52Z,CHECKPOST-CHARLIE,CAM-C-CHECKPOST,VEHICLE_ANPR,2,vehicle,car,0.929,3551,0.734,VERIFIED,Plate Conf: 81%
11:06:09,2026-09-23T05:36:52Z,CHECKPOST-CHARLIE,CAM-C-CHECKPOST,VEHICLE_ANPR,24,vehicle,car,0.498,PLATE_UNREADABLE,0.0,FLAGGED_FOR_MANUAL_REVIEW,Plate Conf: 82%
11:06:09,2026-09-23T05:36:52Z,CHECKPOST-CHARLIE,CAM-C-CHECKPOST,VEHICLE_ANPR,30,vehicle,car,0.78,IPBOB355,0.999,VERIFIED,Plate Conf: 83%
11:06:09,2026-09-23T05:36:52Z,CHECKPOST-CHARLIE,CAM-C-CHECKPOST,VEHICLE_ANPR,32,vehicle,car,0.888,PLATE_UNREADABLE,0.0,FLAGGED_FOR_MANUAL_REVIEW,Plate Conf: 85%
11:06:09,2026-09-23T05:36:52Z,CHECKPOST-CHARLIE,CAM-C-CHECKPOST,VEHICLE_ANPR,34,vehicle,car,0.927,FBOB3551,0.696,VERIFIED,Plate Conf: 65%
11:06:09,2026-09-23T05:36:52Z,CHECKPOST-CHARLIE,CAM-C-CHECKPOST,VEHICLE_ANPR,36,vehicle,car,0.804,BOB355,0.992,VERIFIED,Plate Conf: 75%
11:06:09,2026-09-23T05:36:52Z,CHECKPOST-CHARLIE,CAM-C-CHECKPOST,VEHICLE_ANPR,42,vehicle,car,0.575,PLATE_UNREADABLE,0.0,FLAGGED_FOR_MANUAL_REVIEW,Plate Conf: 69%
11:06:09,2026-09-23T05:36:52Z,CHECKPOST-CHARLIE,CAM-C-CHECKPOST,VEHICLE_ANPR,44,vehicle,car,0.642,PLATE_UNREADABLE,0.0,FLAGGED_FOR_MANUAL_REVIEW,Plate Conf: 72%
11:06:09,2026-09-23T05:36:52Z,CHECKPOST-CHARLIE,CAM-C-CHECKPOST,VEHICLE_ANPR,46,vehicle,car,0.782,IBOB3551,0.771,VERIFIED,Plate Conf: 88%
11:06:09,2026-09-23T05:36:52Z,CHECKPOST-CHARLIE,CAM-C-CHECKPOST,VEHICLE_ANPR,55,vehicle,car,0.934,7PBOB3551,0.653,VERIFIED,Plate Conf: 90%
11:06:09,2026-09-23T05:36:52Z,CHECKPOST-CHARLIE,CAM-C-CHECKPOST,VEHICLE_ANPR,79,vehicle,car,0.674,PLATE_UNREADABLE,0.0,FLAGGED_FOR_MANUAL_REVIEW,Plate Conf: 86%
11:06:09,2026-09-23T05:36:52Z,CHECKPOST-CHARLIE,CAM-C-CHECKPOST,LOITERING,5,human,person,0.65,-,0.0,WARNING,Stationary 8s within 0.31x height (movement 0.04 heights/s)
11:06:09,2026-09-23T05:36:52Z,CHECKPOST-CHARLIE,CAM-C-CHECKPOST,LOITERING,39,human,person,0.65,-,0.0,WARNING,Stationary 8s within 0.17x height (movement 0.02 heights/s)
11:06:17,2026-09-23T05:36:52Z,CHECKPOST-CHARLIE,CAM-C-CHECKPOST,VEHICLE_ANPR,2,vehicle,car,0.929,3551,0.734,VERIFIED,Plate Conf: 81%
11:06:17,2026-09-23T05:36:53Z,CHECKPOST-CHARLIE,CAM-C-CHECKPOST,VEHICLE_ANPR,24,vehicle,car,0.498,PLATE_UNREADABLE,0.0,FLAGGED_FOR_MANUAL_REVIEW,Plate Conf: 82%
11:06:17,2026-09-23T05:36:53Z,CHECKPOST-CHARLIE,CAM-C-CHECKPOST,VEHICLE_ANPR,30,vehicle,car,0.78,IPBOB355,0.999,VERIFIED,Plate Conf: 83%
11:06:17,2026-09-23T05:36:53Z,CHECKPOST-CHARLIE,CAM-C-CHECKPOST,VEHICLE_ANPR,34,vehicle,car,0.927,FBOB3551,0.696,VERIFIED,Plate Conf: 65%
11:06:17,2026-09-23T05:36:53Z,CHECKPOST-CHARLIE,CAM-C-CHECKPOST,VEHICLE_ANPR,36,vehicle,car,0.804,BOB355,0.992,VERIFIED,Plate Conf: 75%
11:06:17,2026-09-23T05:36:53Z,CHECKPOST-CHARLIE,CAM-C-CHECKPOST,VEHICLE_ANPR,42,vehicle,car,0.575,PLATE_UNREADABLE,0.0,FLAGGED_FOR_MANUAL_REVIEW,Plate Conf: 69%
11:06:17,2026-09-23T05:36:53Z,CHECKPOST-CHARLIE,CAM-C-CHECKPOST,VEHICLE_ANPR,44,vehicle,car,0.642,PLATE_UNREADABLE,0.0,FLAGGED_FOR_MANUAL_REVIEW,Plate Conf: 72%
11:06:17,2026-09-23T05:36:53Z,CHECKPOST-CHARLIE,CAM-C-CHECKPOST,VEHICLE_ANPR,46,vehicle,car,0.782,IBOB3551,0.771,VERIFIED,Plate Conf: 88%
11:06:17,2026-09-23T05:36:53Z,CHECKPOST-CHARLIE,CAM-C-CHECKPOST,VEHICLE_ANPR,55,vehicle,car,0.934,7PBOB3551,0.653,VERIFIED,Plate Conf: 90%
11:06:17,2026-09-23T05:36:53Z,CHECKPOST-CHARLIE,CAM-C-CHECKPOST,VEHICLE_ANPR,81,vehicle,car,0.888,PLATE_UNREADABLE,0.0,FLAGGED_FOR_MANUAL_REVIEW,Plate Conf: 82%
11:06:31,2026-09-23T05:36:53Z,CHECKPOST-CHARLIE,CAM-C-CHECKPOST,VEHICLE_ANPR,2,vehicle,car,0.929,3551,0.734,VERIFIED,Plate Conf: 81%
11:06:31,2026-09-23T05:36:53Z,CHECKPOST-CHARLIE,CAM-C-CHECKPOST,VEHICLE_ANPR,24,vehicle,car,0.498,PLATE_UNREADABLE,0.0,FLAGGED_FOR_MANUAL_REVIEW,Plate Conf: 82%
11:06:31,2026-09-23T05:36:54Z,CHECKPOST-CHARLIE,CAM-C-CHECKPOST,VEHICLE_ANPR,30,vehicle,car,0.78,IPBOB355,0.999,VERIFIED,Plate Conf: 83%
11:06:31,2026-09-23T05:36:54Z,CHECKPOST-CHARLIE,CAM-C-CHECKPOST,VEHICLE_ANPR,32,vehicle,car,0.882,PLATE_UNREADABLE,0.0,FLAGGED_FOR_MANUAL_REVIEW,Plate Conf: 85%
11:06:31,2026-09-23T05:36:54Z,CHECKPOST-CHARLIE,CAM-C-CHECKPOST,VEHICLE_ANPR,34,vehicle,car,0.927,FBOB3551,0.696,VERIFIED,Plate Conf: 65%
11:06:31,2026-09-23T05:36:54Z,CHECKPOST-CHARLIE,CAM-C-CHECKPOST,VEHICLE_ANPR,36,vehicle,car,0.804,BOB355,0.992,VERIFIED,Plate Conf: 75%
11:06:31,2026-09-23T05:36:54Z,CHECKPOST-CHARLIE,CAM-C-CHECKPOST,VEHICLE_ANPR,42,vehicle,car,0.575,PLATE_UNREADABLE,0.0,FLAGGED_FOR_MANUAL_REVIEW,Plate Conf: 69%
11:06:31,2026-09-23T05:36:54Z,CHECKPOST-CHARLIE,CAM-C-CHECKPOST,VEHICLE_ANPR,43,vehicle,car,0.88,PLATE_UNREADABLE,0.0,FLAGGED_FOR_MANUAL_REVIEW,Plate Conf: 77%
11:06:31,2026-09-23T05:36:54Z,CHECKPOST-CHARLIE,CAM-C-CHECKPOST,VEHICLE_ANPR,44,vehicle,car,0.642,PLATE_UNREADABLE,0.0,FLAGGED_FOR_MANUAL_REVIEW,Plate Conf: 72%
11:06:31,2026-09-23T05:36:54Z,CHECKPOST-CHARLIE,CAM-C-CHECKPOST,VEHICLE_ANPR,46,vehicle,car,0.814,IBOB3551,0.771,VERIFIED,Plate Conf: 88%
11:06:31,2026-09-23T05:36:54Z,CHECKPOST-CHARLIE,CAM-C-CHECKPOST,VEHICLE_ANPR,55,vehicle,car,0.934,7PBOB3551,0.653,VERIFIED,Plate Conf: 90%
11:06:31,2026-09-23T05:36:54Z,CHECKPOST-CHARLIE,CAM-C-CHECKPOST,VEHICLE_ANPR,79,vehicle,car,0.721,PLATE_UNREADABLE,0.0,FLAGGED_FOR_MANUAL_REVIEW,Plate Conf: 86%
11:06:31,2026-09-23T05:36:54Z,CHECKPOST-CHARLIE,CAM-C-CHECKPOST,VEHICLE_ANPR,81,vehicle,car,0.888,IBOBA355,0.354,FLAGGED_FOR_MANUAL_REVIEW,Plate Conf: 81%
11:06:39,2026-09-23T05:36:54Z,CHECKPOST-CHARLIE,CAM-C-CHECKPOST,VEHICLE_ANPR,2,vehicle,car,0.922,3551,0.734,VERIFIED,Plate Conf: 81%
11:06:39,2026-09-23T05:36:54Z,CHECKPOST-CHARLIE,CAM-C-CHECKPOST,VEHICLE_ANPR,24,vehicle,car,0.498,PLATE_UNREADABLE,0.0,FLAGGED_FOR_MANUAL_REVIEW,Plate Conf: 82%
11:06:52,2026-09-23T05:36:54Z,BOP-SECTOR-B,CAM-B-TRIPWIRE,LOITERING,181,human,person,0.65,-,0.0,WARNING,Stationary 13s within 0.13x height (movement 0.01 heights/s)
11:06:52,2026-09-23T05:36:54Z,BOP-SECTOR-B,CAM-B-TRIPWIRE,GROUP_CONVERGENCE,181,human,person,0.6,-,0.0,NOTICE,"4 persons converged within 1.6 body-lengths (tracks [181, 212, 247, 261])"
11:06:39,2026-09-23T05:36:54Z,CHECKPOST-CHARLIE,CAM-C-CHECKPOST,VEHICLE_ANPR,30,vehicle,car,0.78,IPBOB355,0.999,VERIFIED,Plate Conf: 83%
11:06:39,2026-09-23T05:36:54Z,CHECKPOST-CHARLIE,CAM-C-CHECKPOST,VEHICLE_ANPR,34,vehicle,car,0.927,FBOB3551,0.696,VERIFIED,Plate Conf: 65%
11:06:39,2026-09-23T05:36:54Z,CHECKPOST-CHARLIE,CAM-C-CHECKPOST,VEHICLE_ANPR,36,vehicle,car,0.804,BOB355,0.992,VERIFIED,Plate Conf: 75%
11:06:39,2026-09-23T05:36:55Z,CHECKPOST-CHARLIE,CAM-C-CHECKPOST,VEHICLE_ANPR,43,vehicle,car,0.414,PLATE_UNREADABLE,0.0,FLAGGED_FOR_MANUAL_REVIEW,Plate Conf: 77%
11:06:39,2026-09-23T05:36:55Z,CHECKPOST-CHARLIE,CAM-C-CHECKPOST,VEHICLE_ANPR,44,vehicle,car,0.64,PLATE_UNREADABLE,0.0,FLAGGED_FOR_MANUAL_REVIEW,Plate Conf: 72%
11:06:39,2026-09-23T05:36:55Z,CHECKPOST-CHARLIE,CAM-C-CHECKPOST,VEHICLE_ANPR,46,vehicle,car,0.814,IBOB3551,0.771,VERIFIED,Plate Conf: 88%
11:06:39,2026-09-23T05:36:55Z,CHECKPOST-CHARLIE,CAM-C-CHECKPOST,VEHICLE_ANPR,55,vehicle,car,0.934,7PBOB3551,0.653,VERIFIED,Plate Conf: 90%
11:06:39,2026-09-23T05:36:55Z,CHECKPOST-CHARLIE,CAM-C-CHECKPOST,VEHICLE_ANPR,81,vehicle,car,0.888,GB0J18,0.491,VERIFIED,Plate Conf: 83%
11:06:39,2026-09-23T05:36:55Z,CHECKPOST-CHARLIE,CAM-C-CHECKPOST,LOITERING,45,human,person,0.65,-,0.0,WARNING,Stationary 12s within 0.17x height (movement 0.01 heights/s)
11:06:39,2026-09-23T05:36:55Z,CHECKPOST-CHARLIE,CAM-C-CHECKPOST,LOITERING,18,human,person,0.65,-,0.0,WARNING,Stationary 12s within 0.15x height (movement 0.01 heights/s)
11:06:39,2026-09-23T05:36:55Z,CHECKPOST-CHARLIE,CAM-C-CHECKPOST,LOITERING,64,human,person,0.65,-,0.0,WARNING,Stationary 12s within 0.04x height (movement 0.00 heights/s)
11:06:55,2026-09-23T05:36:56Z,BOP-SECTOR-B,CAM-B-TRIPWIRE,LOITERING,185,human,person,0.65,-,0.0,WARNING,Stationary 19s within 0.16x height (movement 0.01 heights/s)
11:07:12,2026-09-23T05:37:14Z,BOP-SECTOR-B,CAM-B-TRIPWIRE,GROUP_CONVERGENCE,212,human,person,0.6,-,0.0,NOTICE,"3 persons converged within 1.6 body-lengths (tracks [212, 242, 254])"
11:07:45,2026-09-23T05:37:47Z,BOP-SECTOR-B,CAM-B-TRIPWIRE,LOITERING,158,human,person,0.65,-,0.0,WARNING,Stationary 9s within 0.17x height (movement 0.02 heights/s)
11:06:44,2026-09-23T05:37:48Z,CHECKPOST-CHARLIE,CAM-C-CHECKPOST,VEHICLE_ANPR,2,vehicle,car,0.922,3551,0.734,VERIFIED,Plate Conf: 81%
11:06:44,2026-09-23T05:37:48Z,CHECKPOST-CHARLIE,CAM-C-CHECKPOST,VEHICLE_ANPR,24,vehicle,car,0.498,PLATE_UNREADABLE,0.0,FLAGGED_FOR_MANUAL_REVIEW,Plate Conf: 82%
11:06:44,2026-09-23T05:37:48Z,CHECKPOST-CHARLIE,CAM-C-CHECKPOST,VEHICLE_ANPR,30,vehicle,car,0.78,IPBOB355,0.999,VERIFIED,Plate Conf: 83%
11:06:44,2026-09-23T05:37:48Z,CHECKPOST-CHARLIE,CAM-C-CHECKPOST,VEHICLE_ANPR,32,vehicle,car,0.882,PLATE_UNREADABLE,0.0,FLAGGED_FOR_MANUAL_REVIEW,Plate Conf: 85%
11:06:44,2026-09-23T05:37:48Z,CHECKPOST-CHARLIE,CAM-C-CHECKPOST,VEHICLE_ANPR,34,vehicle,car,0.748,FBOB3551,0.696,VERIFIED,Plate Conf: 65%
11:06:44,2026-09-23T05:37:48Z,CHECKPOST-CHARLIE,CAM-C-CHECKPOST,VEHICLE_ANPR,36,vehicle,car,0.804,BOB355,0.992,VERIFIED,Plate Conf: 75%
11:06:44,2026-09-23T05:37:48Z,CHECKPOST-CHARLIE,CAM-C-CHECKPOST,VEHICLE_ANPR,42,vehicle,car,0.575,PLATE_UNREADABLE,0.0,FLAGGED_FOR_MANUAL_REVIEW,Plate Conf: 69%
11:06:44,2026-09-23T05:37:48Z,CHECKPOST-CHARLIE,CAM-C-CHECKPOST,VEHICLE_ANPR,43,vehicle,car,0.414,PLATE_UNREADABLE,0.0,FLAGGED_FOR_MANUAL_REVIEW,Plate Conf: 77%
11:06:44,2026-09-23T05:37:48Z,CHECKPOST-CHARLIE,CAM-C-CHECKPOST,VEHICLE_ANPR,44,vehicle,car,0.389,PLATE_UNREADABLE,0.0,FLAGGED_FOR_MANUAL_REVIEW,Plate Conf: 72%
11:06:44,2026-09-23T05:37:48Z,CHECKPOST-CHARLIE,CAM-C-CHECKPOST,VEHICLE_ANPR,46,vehicle,car,0.814,IBOB3551,0.771,VERIFIED,Plate Conf: 88%
11:06:44,2026-09-23T05:37:48Z,CHECKPOST-CHARLIE,CAM-C-CHECKPOST,VEHICLE_ANPR,55,vehicle,car,0.934,7PBOB3551,0.653,VERIFIED,Plate Conf: 90%
11:06:44,2026-09-23T05:37:48Z,CHECKPOST-CHARLIE,CAM-C-CHECKPOST,VEHICLE_ANPR,81,vehicle,car,0.888,GB0J18,0.491,VERIFIED,Plate Conf: 83%
11:06:44,2026-09-23T05:37:48Z,CHECKPOST-CHARLIE,CAM-C-CHECKPOST,LOITERING,47,human,person,0.65,-,0.0,WARNING,Stationary 11s within 0.24x height (movement 0.02 heights/s)
11:06:44,2026-09-23T05:37:48Z,CHECKPOST-CHARLIE,CAM-C-CHECKPOST,LOITERING,31,human,person,0.65,-,0.0,WARNING,Stationary 11s within 0.14x height (movement 0.01 heights/s)
11:06:55,2026-09-23T05:37:48Z,CHECKPOST-CHARLIE,CAM-C-CHECKPOST,VEHICLE_ANPR,2,vehicle,car,0.922,3551,0.734,VERIFIED,Plate Conf: 81%
11:06:55,2026-09-23T05:37:48Z,CHECKPOST-CHARLIE,CAM-C-CHECKPOST,VEHICLE_ANPR,24,vehicle,car,0.498,PLATE_UNREADABLE,0.0,FLAGGED_FOR_MANUAL_REVIEW,Plate Conf: 82%
11:06:55,2026-09-23T05:37:48Z,CHECKPOST-CHARLIE,CAM-C-CHECKPOST,VEHICLE_ANPR,30,vehicle,car,0.78,IPBOB355,0.999,VERIFIED,Plate Conf: 83%
11:06:55,2026-09-23T05:37:49Z,CHECKPOST-CHARLIE,CAM-C-CHECKPOST,VEHICLE_ANPR,32,vehicle,car,0.882,PLATE_UNREADABLE,0.0,FLAGGED_FOR_MANUAL_REVIEW,Plate Conf: 85%
11:06:55,2026-09-23T05:37:49Z,CHECKPOST-CHARLIE,CAM-C-CHECKPOST,VEHICLE_ANPR,34,vehicle,car,0.748,FBOB3551,0.696,VERIFIED,Plate Conf: 65%
11:06:55,2026-09-23T05:37:49Z,CHECKPOST-CHARLIE,CAM-C-CHECKPOST,VEHICLE_ANPR,36,vehicle,car,0.947,BOB355,0.992,VERIFIED,Plate Conf: 75%
11:06:55,2026-09-23T05:37:49Z,CHECKPOST-CHARLIE,CAM-C-CHECKPOST,VEHICLE_ANPR,43,vehicle,car,0.39,PLATE_UNREADABLE,0.0,FLAGGED_FOR_MANUAL_REVIEW,Plate Conf: 77%
11:06:55,2026-09-23T05:37:49Z,CHECKPOST-CHARLIE,CAM-C-CHECKPOST,VEHICLE_ANPR,44,vehicle,car,0.389,PLATE_UNREADABLE,0.0,FLAGGED_FOR_MANUAL_REVIEW,Plate Conf: 72%
11:06:55,2026-09-23T05:37:49Z,CHECKPOST-CHARLIE,CAM-C-CHECKPOST,VEHICLE_ANPR,46,vehicle,car,0.814,IBOB3551,0.771,VERIFIED,Plate Conf: 88%
11:06:55,2026-09-23T05:37:49Z,CHECKPOST-CHARLIE,CAM-C-CHECKPOST,VEHICLE_ANPR,55,vehicle,car,0.934,7PBOB3551,0.653,VERIFIED,Plate Conf: 90%
11:06:55,2026-09-23T05:37:49Z,CHECKPOST-CHARLIE,CAM-C-CHECKPOST,VEHICLE_ANPR,81,vehicle,car,0.888,GB0J18,0.491,VERIFIED,Plate Conf: 83%
11:06:59,2026-09-23T05:37:49Z,CHECKPOST-CHARLIE,CAM-C-CHECKPOST,VEHICLE_ANPR,2,vehicle,car,0.922,3551,0.734,VERIFIED,Plate Conf: 81%
11:06:59,2026-09-23T05:37:50Z,CHECKPOST-CHARLIE,CAM-C-CHECKPOST,VEHICLE_ANPR,24,vehicle,car,0.498,PLATE_UNREADABLE,0.0,FLAGGED_FOR_MANUAL_REVIEW,Plate Conf: 82%
11:06:59,2026-09-23T05:37:50Z,CHECKPOST-CHARLIE,CAM-C-CHECKPOST,VEHICLE_ANPR,30,vehicle,car,0.78,IPBOB355,0.999,VERIFIED,Plate Conf: 83%
11:06:59,2026-09-23T05:37:50Z,CHECKPOST-CHARLIE,CAM-C-CHECKPOST,VEHICLE_ANPR,34,vehicle,car,0.748,FBOB3551,0.696,VERIFIED,Plate Conf: 65%
11:06:59,2026-09-23T05:37:50Z,CHECKPOST-CHARLIE,CAM-C-CHECKPOST,VEHICLE_ANPR,36,vehicle,car,0.947,BOB355,0.992,VERIFIED,Plate Conf: 75%
11:06:59,2026-09-23T05:37:50Z,CHECKPOST-CHARLIE,CAM-C-CHECKPOST,VEHICLE_ANPR,43,vehicle,car,0.39,PLATE_UNREADABLE,0.0,FLAGGED_FOR_MANUAL_REVIEW,Plate Conf: 77%
11:06:59,2026-09-23T05:37:50Z,CHECKPOST-CHARLIE,CAM-C-CHECKPOST,VEHICLE_ANPR,44,vehicle,car,0.389,PLATE_UNREADABLE,0.0,FLAGGED_FOR_MANUAL_REVIEW,Plate Conf: 72%
11:06:59,2026-09-23T05:37:50Z,CHECKPOST-CHARLIE,CAM-C-CHECKPOST,VEHICLE_ANPR,46,vehicle,car,0.814,IBOB3551,0.771,VERIFIED,Plate Conf: 88%
11:06:59,2026-09-23T05:37:50Z,CHECKPOST-CHARLIE,CAM-C-CHECKPOST,VEHICLE_ANPR,55,vehicle,car,0.934,7PBOB3551,0.653,VERIFIED,Plate Conf: 90%
11:06:59,2026-09-23T05:37:50Z,CHECKPOST-CHARLIE,CAM-C-CHECKPOST,VEHICLE_ANPR,81,vehicle,car,0.949,GB0J18,0.491,VERIFIED,Plate Conf: 83%
11:06:59,2026-09-23T05:37:50Z,CHECKPOST-CHARLIE,CAM-C-CHECKPOST,LOITERING,52,human,person,0.65,-,0.0,WARNING,Stationary 16s within 0.10x height (movement 0.01 heights/s)
11:06:59,2026-09-23T05:37:50Z,CHECKPOST-CHARLIE,CAM-C-CHECKPOST,LOITERING,45,human,person,0.65,-,0.0,WARNING,Stationary 39s within 0.17x height (movement 0.01 heights/s)
11:07:11,2026-09-23T05:37:50Z,CHECKPOST-CHARLIE,CAM-C-CHECKPOST,VEHICLE_ANPR,2,vehicle,car,0.935,3551,0.734,VERIFIED,Plate Conf: 81%
11:07:11,2026-09-23T05:37:50Z,CHECKPOST-CHARLIE,CAM-C-CHECKPOST,VEHICLE_ANPR,24,vehicle,car,0.498,PLATE_UNREADABLE,0.0,FLAGGED_FOR_MANUAL_REVIEW,Plate Conf: 82%
11:07:11,2026-09-23T05:37:50Z,CHECKPOST-CHARLIE,CAM-C-CHECKPOST,VEHICLE_ANPR,30,vehicle,car,0.78,IPBOB355,0.999,VERIFIED,Plate Conf: 83%
11:07:11,2026-09-23T05:37:50Z,CHECKPOST-CHARLIE,CAM-C-CHECKPOST,VEHICLE_ANPR,32,vehicle,car,0.882,PLATE_UNREADABLE,0.0,FLAGGED_FOR_MANUAL_REVIEW,Plate Conf: 85%
11:07:11,2026-09-23T05:37:50Z,CHECKPOST-CHARLIE,CAM-C-CHECKPOST,VEHICLE_ANPR,34,vehicle,car,0.748,FBOB3551,0.696,VERIFIED,Plate Conf: 65%
11:07:11,2026-09-23T05:37:51Z,CHECKPOST-CHARLIE,CAM-C-CHECKPOST,VEHICLE_ANPR,36,vehicle,car,0.947,BOB355,0.992,VERIFIED,Plate Conf: 75%
11:07:11,2026-09-23T05:37:51Z,CHECKPOST-CHARLIE,CAM-C-CHECKPOST,VEHICLE_ANPR,42,vehicle,car,0.876,PLATE_UNREADABLE,0.0,FLAGGED_FOR_MANUAL_REVIEW,Plate Conf: 69%
11:07:11,2026-09-23T05:37:51Z,CHECKPOST-CHARLIE,CAM-C-CHECKPOST,VEHICLE_ANPR,43,vehicle,car,0.39,PLATE_UNREADABLE,0.0,FLAGGED_FOR_MANUAL_REVIEW,Plate Conf: 77%
11:07:11,2026-09-23T05:37:51Z,CHECKPOST-CHARLIE,CAM-C-CHECKPOST,VEHICLE_ANPR,44,vehicle,car,0.389,PLATE_UNREADABLE,0.0,FLAGGED_FOR_MANUAL_REVIEW,Plate Conf: 72%
11:07:11,2026-09-23T05:37:51Z,CHECKPOST-CHARLIE,CAM-C-CHECKPOST,VEHICLE_ANPR,46,vehicle,car,0.814,IBOB3551,0.771,VERIFIED,Plate Conf: 88%
11:07:11,2026-09-23T05:37:51Z,CHECKPOST-CHARLIE,CAM-C-CHECKPOST,VEHICLE_ANPR,55,vehicle,car,0.934,7PBOB3551,0.653,VERIFIED,Plate Conf: 90%
11:07:11,2026-09-23T05:37:51Z,CHECKPOST-CHARLIE,CAM-C-CHECKPOST,VEHICLE_ANPR,81,vehicle,car,0.949,GB0J18,0.491,VERIFIED,Plate Conf: 83%
11:07:11,2026-09-23T05:37:51Z,CHECKPOST-CHARLIE,CAM-C-CHECKPOST,LOITERING,31,human,person,0.65,-,0.0,WARNING,Stationary 34s within 0.26x height (movement 0.01 heights/s)
11:07:11,2026-09-23T05:37:51Z,CHECKPOST-CHARLIE,CAM-C-CHECKPOST,LOITERING,64,human,person,0.65,-,0.0,WARNING,Stationary 46s within 0.21x height (movement 0.01 heights/s)
11:07:11,2026-09-23T05:37:51Z,CHECKPOST-CHARLIE,CAM-C-CHECKPOST,LOITERING,41,human,person,0.65,-,0.0,WARNING,Stationary 23s within 0.18x height (movement 0.02 heights/s)
11:07:17,2026-09-23T05:37:51Z,CHECKPOST-CHARLIE,CAM-C-CHECKPOST,VEHICLE_ANPR,2,vehicle,car,0.935,3551,0.734,VERIFIED,Plate Conf: 81%
11:07:17,2026-09-23T05:37:51Z,CHECKPOST-CHARLIE,CAM-C-CHECKPOST,VEHICLE_ANPR,24,vehicle,car,0.498,PLATE_UNREADABLE,0.0,FLAGGED_FOR_MANUAL_REVIEW,Plate Conf: 82%
11:07:17,2026-09-23T05:37:51Z,CHECKPOST-CHARLIE,CAM-C-CHECKPOST,VEHICLE_ANPR,30,vehicle,car,0.913,IPBOB355,0.999,VERIFIED,Plate Conf: 83%
11:07:17,2026-09-23T05:37:51Z,CHECKPOST-CHARLIE,CAM-C-CHECKPOST,VEHICLE_ANPR,34,vehicle,car,0.748,FBOB3551,0.696,VERIFIED,Plate Conf: 65%
11:07:17,2026-09-23T05:37:51Z,CHECKPOST-CHARLIE,CAM-C-CHECKPOST,VEHICLE_ANPR,36,vehicle,car,0.947,BOB355,0.992,VERIFIED,Plate Conf: 75%
11:07:17,2026-09-23T05:37:51Z,CHECKPOST-CHARLIE,CAM-C-CHECKPOST,VEHICLE_ANPR,43,vehicle,car,0.39,PLATE_UNREADABLE,0.0,FLAGGED_FOR_MANUAL_REVIEW,Plate Conf: 77%
11:07:17,2026-09-23T05:37:52Z,CHECKPOST-CHARLIE,CAM-C-CHECKPOST,VEHICLE_ANPR,44,vehicle,car,0.389,PLATE_UNREADABLE,0.0,FLAGGED_FOR_MANUAL_REVIEW,Plate Conf: 72%
11:07:17,2026-09-23T05:37:52Z,CHECKPOST-CHARLIE,CAM-C-CHECKPOST,VEHICLE_ANPR,46,vehicle,car,0.814,IBOB3551,0.771,VERIFIED,Plate Conf: 88%
11:07:17,2026-09-23T05:37:52Z,CHECKPOST-CHARLIE,CAM-C-CHECKPOST,VEHICLE_ANPR,55,vehicle,car,0.934,7PBOB3551,0.653,VERIFIED,Plate Conf: 90%
11:07:17,2026-09-23T05:37:52Z,CHECKPOST-CHARLIE,CAM-C-CHECKPOST,AUTHORIZED_VEHICLE,81,vehicle,car,0.949,K433ZR,0.993,AUTHORIZED_PATROL_VEHICLE,SSB Quick Reaction Team (QRT-01) (QRT Gypsy / Patrol SUV)
11:07:17,2026-09-23T05:37:52Z,CHECKPOST-CHARLIE,CAM-C-CHECKPOST,VEHICLE_ANPR,83,vehicle,car,0.816,PLATE_UNREADABLE,0.0,FLAGGED_FOR_MANUAL_REVIEW,Plate Conf: 63%
11:07:17,2026-09-23T05:37:52Z,CHECKPOST-CHARLIE,CAM-C-CHECKPOST,LOITERING,18,human,person,0.65,-,0.0,WARNING,Stationary 12s within 0.35x height (movement 0.03 heights/s)
11:07:17,2026-09-23T05:37:52Z,CHECKPOST-CHARLIE,CAM-C-CHECKPOST,LOITERING,10,human,person,0.65,-,0.0,WARNING,Stationary 12s within 0.06x height (movement 0.00 heights/s)
11:07:23,2026-09-23T05:37:52Z,CHECKPOST-CHARLIE,CAM-C-CHECKPOST,VEHICLE_ANPR,2,vehicle,car,0.935,3551,0.734,VERIFIED,Plate Conf: 81%
11:07:23,2026-09-23T05:37:52Z,CHECKPOST-CHARLIE,CAM-C-CHECKPOST,VEHICLE_ANPR,24,vehicle,car,0.498,PLATE_UNREADABLE,0.0,FLAGGED_FOR_MANUAL_REVIEW,Plate Conf: 82%
11:07:23,2026-09-23T05:37:52Z,CHECKPOST-CHARLIE,CAM-C-CHECKPOST,VEHICLE_ANPR,30,vehicle,car,0.913,IPBOB355,0.999,VERIFIED,Plate Conf: 83%
11:07:23,2026-09-23T05:37:52Z,CHECKPOST-CHARLIE,CAM-C-CHECKPOST,VEHICLE_ANPR,34,vehicle,car,0.748,FBOB3551,0.696,VERIFIED,Plate Conf: 65%
11:07:23,2026-09-23T05:37:52Z,CHECKPOST-CHARLIE,CAM-C-CHECKPOST,VEHICLE_ANPR,36,vehicle,car,0.947,BOB355,0.992,VERIFIED,Plate Conf: 75%
11:07:23,2026-09-23T05:37:52Z,CHECKPOST-CHARLIE,CAM-C-CHECKPOST,VEHICLE_ANPR,42,vehicle,car,0.878,PLATE_UNREADABLE,0.0,FLAGGED_FOR_MANUAL_REVIEW,Plate Conf: 69%
11:07:23,2026-09-23T05:37:52Z,CHECKPOST-CHARLIE,CAM-C-CHECKPOST,VEHICLE_ANPR,43,vehicle,car,0.361,PLATE_UNREADABLE,0.0,FLAGGED_FOR_MANUAL_REVIEW,Plate Conf: 77%
11:07:23,2026-09-23T05:37:53Z,CHECKPOST-CHARLIE,CAM-C-CHECKPOST,VEHICLE_ANPR,44,vehicle,car,0.389,PLATE_UNREADABLE,0.0,FLAGGED_FOR_MANUAL_REVIEW,Plate Conf: 72%
11:07:23,2026-09-23T05:37:53Z,CHECKPOST-CHARLIE,CAM-C-CHECKPOST,VEHICLE_ANPR,46,vehicle,car,0.814,IBOB3551,0.771,VERIFIED,Plate Conf: 88%
11:07:23,2026-09-23T05:37:53Z,CHECKPOST-CHARLIE,CAM-C-CHECKPOST,VEHICLE_ANPR,55,vehicle,car,0.934,7PBOB3551,0.653,VERIFIED,Plate Conf: 90%
11:07:23,2026-09-23T05:37:53Z,CHECKPOST-CHARLIE,CAM-C-CHECKPOST,AUTHORIZED_VEHICLE,81,vehicle,car,0.949,K433ZR,0.993,AUTHORIZED_PATROL_VEHICLE,SSB Quick Reaction Team (QRT-01) (QRT Gypsy / Patrol SUV)
11:07:23,2026-09-23T05:37:53Z,CHECKPOST-CHARLIE,CAM-C-CHECKPOST,VEHICLE_ANPR,83,vehicle,car,0.472,PLATE_UNREADABLE,0.0,FLAGGED_FOR_MANUAL_REVIEW,Plate Conf: 63%
11:07:23,2026-09-23T05:37:53Z,CHECKPOST-CHARLIE,CAM-C-CHECKPOST,VEHICLE_ANPR,85,vehicle,car,0.927,PLATE_UNREADABLE,0.0,FLAGGED_FOR_MANUAL_REVIEW,Plate Conf: 51%
11:07:23,2026-09-23T05:37:53Z,CHECKPOST-CHARLIE,CAM-C-CHECKPOST,GROUP_CONVERGENCE,31,human,person,0.6,-,0.0,NOTICE,"3 persons converged within 1.6 body-lengths (tracks [31, 41, 64])"
11:07:34,2026-09-23T05:37:53Z,CHECKPOST-CHARLIE,CAM-C-CHECKPOST,VEHICLE_ANPR,2,vehicle,car,0.935,3551,0.734,VERIFIED,Plate Conf: 81%
11:07:34,2026-09-23T05:37:53Z,CHECKPOST-CHARLIE,CAM-C-CHECKPOST,VEHICLE_ANPR,24,vehicle,car,0.498,PLATE_UNREADABLE,0.0,FLAGGED_FOR_MANUAL_REVIEW,Plate Conf: 82%
11:07:34,2026-09-23T05:37:53Z,CHECKPOST-CHARLIE,CAM-C-CHECKPOST,VEHICLE_ANPR,30,vehicle,car,0.913,IPBOB355,0.999,VERIFIED,Plate Conf: 83%
11:07:34,2026-09-23T05:37:53Z,CHECKPOST-CHARLIE,CAM-C-CHECKPOST,VEHICLE_ANPR,34,vehicle,car,0.748,FBOB3551,0.696,VERIFIED,Plate Conf: 65%
11:07:34,2026-09-23T05:37:53Z,CHECKPOST-CHARLIE,CAM-C-CHECKPOST,VEHICLE_ANPR,36,vehicle,car,0.947,BOB355,0.992,VERIFIED,Plate Conf: 75%
11:07:34,2026-09-23T05:37:53Z,CHECKPOST-CHARLIE,CAM-C-CHECKPOST,VEHICLE_ANPR,43,vehicle,car,0.361,PLATE_UNREADABLE,0.0,FLAGGED_FOR_MANUAL_REVIEW,Plate Conf: 77%
11:07:34,2026-09-23T05:37:53Z,CHECKPOST-CHARLIE,CAM-C-CHECKPOST,VEHICLE_ANPR,44,vehicle,car,0.389,PLATE_UNREADABLE,0.0,FLAGGED_FOR_MANUAL_REVIEW,Plate Conf: 72%
11:07:34,2026-09-23T05:37:53Z,CHECKPOST-CHARLIE,CAM-C-CHECKPOST,VEHICLE_ANPR,46,vehicle,car,0.814,IBOB3551,0.771,VERIFIED,Plate Conf: 88%
11:07:34,2026-09-23T05:37:54Z,CHECKPOST-CHARLIE,CAM-C-CHECKPOST,VEHICLE_ANPR,55,vehicle,car,0.934,7PBOB3551,0.653,VERIFIED,Plate Conf: 90%
11:07:34,2026-09-23T05:37:54Z,CHECKPOST-CHARLIE,CAM-C-CHECKPOST,AUTHORIZED_VEHICLE,81,vehicle,car,0.949,K433ZR,0.993,AUTHORIZED_PATROL_VEHICLE,SSB Quick Reaction Team (QRT-01) (QRT Gypsy / Patrol SUV)
11:07:34,2026-09-23T05:37:54Z,CHECKPOST-CHARLIE,CAM-C-CHECKPOST,VEHICLE_ANPR,83,vehicle,car,0.816,PLATE_UNREADABLE,0.0,FLAGGED_FOR_MANUAL_REVIEW,Plate Conf: 63%
11:07:34,2026-09-23T05:37:54Z,CHECKPOST-CHARLIE,CAM-C-CHECKPOST,LOITERING,84,human,person,0.65,-,0.0,WARNING,Stationary 18s within 0.00x height (movement 0.00 heights/s)
11:07:34,2026-09-23T05:37:54Z,CHECKPOST-CHARLIE,CAM-C-CHECKPOST,LOITERING,64,human,person,0.65,-,0.0,WARNING,Stationary 69s within 0.21x height (movement 0.01 heights/s)
11:07:34,2026-09-23T05:37:54Z,CHECKPOST-CHARLIE,CAM-C-CHECKPOST,LOITERING,41,human,person,0.65,-,0.0,WARNING,Stationary 46s within 0.17x height (movement 0.01 heights/s)
11:07:34,2026-09-23T05:37:54Z,CHECKPOST-CHARLIE,CAM-C-CHECKPOST,LOITERING,31,human,person,0.65,-,0.0,WARNING,Stationary 57s within 0.26x height (movement 0.01 heights/s)
11:07:34,2026-09-23T05:37:54Z,CHECKPOST-CHARLIE,CAM-C-CHECKPOST,LOITERING,52,human,person,0.65,-,0.0,WARNING,Stationary 46s within 0.10x height (movement 0.01 heights/s)
11:07:53,2026-09-23T05:37:55Z,BOP-SECTOR-B,CAM-B-TRIPWIRE,GROUP_CONVERGENCE,158,human,person,0.6,-,0.0,NOTICE,"3 persons converged within 1.6 body-lengths (tracks [158, 185, 212])"
11:08:00,2026-09-23T05:38:02Z,BOP-SECTOR-B,CAM-B-TRIPWIRE,LOITERING,242,human,person,0.65,-,0.0,WARNING,Stationary 16s within 0.29x height (movement 0.02 heights/s)
11:08:00,2026-09-23T05:38:02Z,BOP-SECTOR-B,CAM-B-TRIPWIRE,LOITERING,181,human,person,0.65,-,0.0,WARNING,Stationary 11s within 0.17x height (movement 0.02 heights/s)
11:08:14,2026-09-23T05:38:16Z,BOP-SECTOR-B,CAM-B-TRIPWIRE,GROUP_CONVERGENCE,113,human,person,0.6,-,0.0,NOTICE,"4 persons converged within 1.6 body-lengths (tracks [113, 181, 256, 261])"
11:08:21,2026-09-23T05:38:22Z,BOP-SECTOR-B,CAM-B-TRIPWIRE,LOITERING,242,human,person,0.65,-,0.0,WARNING,Stationary 37s within 0.32x height (movement 0.01 heights/s)
11:08:21,2026-09-23T05:38:22Z,BOP-SECTOR-B,CAM-B-TRIPWIRE,LOITERING,181,human,person,0.65,-,0.0,WARNING,Stationary 31s within 0.35x height (movement 0.02 heights/s)
11:08:23,2026-09-23T05:38:25Z,BOP-SECTOR-B,CAM-B-TRIPWIRE,LOITERING,259,human,person,0.65,-,0.0,WARNING,Stationary 12s within 0.07x height (movement 0.01 heights/s)
11:08:23,2026-09-23T05:38:25Z,BOP-SECTOR-B,CAM-B-TRIPWIRE,LOITERING,258,human,person,0.65,-,0.0,WARNING,Stationary 12s within 0.10x height (movement 0.01 heights/s)
11:08:23,2026-09-23T05:38:25Z,BOP-SECTOR-B,CAM-B-TRIPWIRE,LOITERING,247,human,person,0.65,-,0.0,WARNING,Stationary 12s within 0.04x height (movement 0.00 heights/s)
11:08:23,2026-09-23T05:38:25Z,BOP-SECTOR-B,CAM-B-TRIPWIRE,LOITERING,256,human,person,0.65,-,0.0,WARNING,Stationary 13s within 0.27x height (movement 0.05 heights/s)
11:07:41,2026-09-23T05:38:48Z,CHECKPOST-CHARLIE,CAM-C-CHECKPOST,VEHICLE_ANPR,2,vehicle,car,0.935,3551,0.734,VERIFIED,Plate Conf: 81%
11:07:41,2026-09-23T05:38:48Z,CHECKPOST-CHARLIE,CAM-C-CHECKPOST,VEHICLE_ANPR,24,vehicle,car,0.508,PLATE_UNREADABLE,0.0,FLAGGED_FOR_MANUAL_REVIEW,Plate Conf: 82%
11:07:41,2026-09-23T05:38:48Z,CHECKPOST-CHARLIE,CAM-C-CHECKPOST,VEHICLE_ANPR,30,vehicle,car,0.803,IPBOB355,0.999,VERIFIED,Plate Conf: 83%
11:07:41,2026-09-23T05:38:48Z,CHECKPOST-CHARLIE,CAM-C-CHECKPOST,VEHICLE_ANPR,32,vehicle,car,0.882,PLATE_UNREADABLE,0.0,FLAGGED_FOR_MANUAL_REVIEW,Plate Conf: 85%
11:07:41,2026-09-23T05:38:48Z,CHECKPOST-CHARLIE,CAM-C-CHECKPOST,VEHICLE_ANPR,34,vehicle,car,0.748,FBOB3551,0.696,VERIFIED,Plate Conf: 65%
11:07:41,2026-09-23T05:38:48Z,CHECKPOST-CHARLIE,CAM-C-CHECKPOST,VEHICLE_ANPR,36,vehicle,car,0.947,BOB355,0.992,VERIFIED,Plate Conf: 75%
11:07:41,2026-09-23T05:38:48Z,CHECKPOST-CHARLIE,CAM-C-CHECKPOST,VEHICLE_ANPR,42,vehicle,car,0.878,PLATE_UNREADABLE,0.0,FLAGGED_FOR_MANUAL_REVIEW,Plate Conf: 69%
11:07:41,2026-09-23T05:38:48Z,CHECKPOST-CHARLIE,CAM-C-CHECKPOST,VEHICLE_ANPR,43,vehicle,car,0.893,PLATE_UNREADABLE,0.0,FLAGGED_FOR_MANUAL_REVIEW,Plate Conf: 77%
11:07:41,2026-09-23T05:38:48Z,CHECKPOST-CHARLIE,CAM-C-CHECKPOST,VEHICLE_ANPR,44,vehicle,car,0.389,PLATE_UNREADABLE,0.0,FLAGGED_FOR_MANUAL_REVIEW,Plate Conf: 72%
11:07:41,2026-09-23T05:38:48Z,CHECKPOST-CHARLIE,CAM-C-CHECKPOST,VEHICLE_ANPR,46,vehicle,car,0.814,IBOB3551,0.771,VERIFIED,Plate Conf: 88%
11:07:41,2026-09-23T05:38:48Z,CHECKPOST-CHARLIE,CAM-C-CHECKPOST,VEHICLE_ANPR,55,vehicle,car,0.934,7PBOB3551,0.653,VERIFIED,Plate Conf: 90%
11:07:41,2026-09-23T05:38:48Z,CHECKPOST-CHARLIE,CAM-C-CHECKPOST,VEHICLE_ANPR,79,vehicle,car,0.721,PLATE_UNREADABLE,0.0,FLAGGED_FOR_MANUAL_REVIEW,Plate Conf: 86%
11:07:41,2026-09-23T05:38:48Z,CHECKPOST-CHARLIE,CAM-C-CHECKPOST,AUTHORIZED_VEHICLE,81,vehicle,car,0.949,K433ZR,0.993,AUTHORIZED_PATROL_VEHICLE,SSB Quick Reaction Team (QRT-01) (QRT Gypsy / Patrol SUV)
11:07:41,2026-09-23T05:38:48Z,CHECKPOST-CHARLIE,CAM-C-CHECKPOST,VEHICLE_ANPR,83,vehicle,car,0.816,PLATE_UNREADABLE,0.0,FLAGGED_FOR_MANUAL_REVIEW,Plate Conf: 63%
11:07:41,2026-09-23T05:38:48Z,CHECKPOST-CHARLIE,CAM-C-CHECKPOST,VEHICLE_ANPR,85,vehicle,car,0.927,PLATE_UNREADABLE,0.0,FLAGGED_FOR_MANUAL_REVIEW,Plate Conf: 51%
11:07:51,2026-09-23T05:38:49Z,CHECKPOST-CHARLIE,CAM-C-CHECKPOST,VEHICLE_ANPR,2,vehicle,car,0.935,3551,0.734,VERIFIED,Plate Conf: 81%
11:07:51,2026-09-23T05:38:49Z,CHECKPOST-CHARLIE,CAM-C-CHECKPOST,VEHICLE_ANPR,24,vehicle,car,0.508,PLATE_UNREADABLE,0.0,FLAGGED_FOR_MANUAL_REVIEW,Plate Conf: 82%
11:07:51,2026-09-23T05:38:49Z,CHECKPOST-CHARLIE,CAM-C-CHECKPOST,VEHICLE_ANPR,30,vehicle,car,0.803,IPBOB355,0.999,VERIFIED,Plate Conf: 83%
11:07:51,2026-09-23T05:38:49Z,CHECKPOST-CHARLIE,CAM-C-CHECKPOST,VEHICLE_ANPR,32,vehicle,car,0.882,INHETZUIDE,0.64,VERIFIED,Plate Conf: 50%
11:07:51,2026-09-23T05:38:49Z,CHECKPOST-CHARLIE,CAM-C-CHECKPOST,VEHICLE_ANPR,34,vehicle,car,0.748,FBOB3551,0.696,VERIFIED,Plate Conf: 65%
11:07:51,2026-09-23T05:38:49Z,CHECKPOST-CHARLIE,CAM-C-CHECKPOST,VEHICLE_ANPR,36,vehicle,car,0.86,BOB355,0.992,VERIFIED,Plate Conf: 75%
11:07:51,2026-09-23T05:38:49Z,CHECKPOST-CHARLIE,CAM-C-CHECKPOST,VEHICLE_ANPR,42,vehicle,car,0.779,PLATE_UNREADABLE,0.0,FLAGGED_FOR_MANUAL_REVIEW,Plate Conf: 69%
11:07:51,2026-09-23T05:38:49Z,CHECKPOST-CHARLIE,CAM-C-CHECKPOST,VEHICLE_ANPR,44,vehicle,car,0.389,PLATE_UNREADABLE,0.0,FLAGGED_FOR_MANUAL_REVIEW,Plate Conf: 72%
11:07:51,2026-09-23T05:38:49Z,CHECKPOST-CHARLIE,CAM-C-CHECKPOST,VEHICLE_ANPR,46,vehicle,car,0.814,IBOB3551,0.771,VERIFIED,Plate Conf: 88%
11:07:51,2026-09-23T05:38:49Z,CHECKPOST-CHARLIE,CAM-C-CHECKPOST,VEHICLE_ANPR,55,vehicle,car,0.934,7PBOB3551,0.653,VERIFIED,Plate Conf: 90%
11:07:51,2026-09-23T05:38:49Z,CHECKPOST-CHARLIE,CAM-C-CHECKPOST,AUTHORIZED_VEHICLE,81,vehicle,car,0.949,K433ZR,0.993,AUTHORIZED_PATROL_VEHICLE,SSB Quick Reaction Team (QRT-01) (QRT Gypsy / Patrol SUV)
11:07:51,2026-09-23T05:38:49Z,CHECKPOST-CHARLIE,CAM-C-CHECKPOST,VEHICLE_ANPR,85,vehicle,car,0.927,PLATE_UNREADABLE,0.0,FLAGGED_FOR_MANUAL_REVIEW,Plate Conf: 51%
11:07:51,2026-09-23T05:38:49Z,CHECKPOST-CHARLIE,CAM-C-CHECKPOST,LOITERING,31,human,person,0.65,-,0.0,WARNING,Stationary 78s within 0.33x height (movement 0.01 heights/s)
11:07:51,2026-09-23T05:38:49Z,CHECKPOST-CHARLIE,CAM-C-CHECKPOST,LOITERING,10,human,person,0.65,-,0.0,WARNING,Stationary 51s within 0.29x height (movement 0.01 heights/s)
11:08:02,2026-09-23T05:38:49Z,CHECKPOST-CHARLIE,CAM-C-CHECKPOST,VEHICLE_ANPR,2,vehicle,car,0.935,3551,0.734,VERIFIED,Plate Conf: 81%
11:08:02,2026-09-23T05:38:49Z,CHECKPOST-CHARLIE,CAM-C-CHECKPOST,VEHICLE_ANPR,24,vehicle,car,0.508,PLATE_UNREADABLE,0.0,FLAGGED_FOR_MANUAL_REVIEW,Plate Conf: 82%
11:08:02,2026-09-23T05:38:49Z,CHECKPOST-CHARLIE,CAM-C-CHECKPOST,VEHICLE_ANPR,30,vehicle,car,0.803,IPBOB355,0.999,VERIFIED,Plate Conf: 83%
11:08:02,2026-09-23T05:38:50Z,CHECKPOST-CHARLIE,CAM-C-CHECKPOST,VEHICLE_ANPR,34,vehicle,car,0.748,FBOB3551,0.696,VERIFIED,Plate Conf: 65%
11:08:02,2026-09-23T05:38:50Z,CHECKPOST-CHARLIE,CAM-C-CHECKPOST,VEHICLE_ANPR,36,vehicle,car,0.908,BOB355,0.992,VERIFIED,Plate Conf: 75%
11:08:02,2026-09-23T05:38:50Z,CHECKPOST-CHARLIE,CAM-C-CHECKPOST,VEHICLE_ANPR,42,vehicle,car,0.853,PLATE_UNREADABLE,0.0,FLAGGED_FOR_MANUAL_REVIEW,Plate Conf: 69%
11:08:02,2026-09-23T05:38:50Z,CHECKPOST-CHARLIE,CAM-C-CHECKPOST,VEHICLE_ANPR,43,vehicle,car,0.385,PLATE_UNREADABLE,0.0,FLAGGED_FOR_MANUAL_REVIEW,Plate Conf: 77%
11:08:02,2026-09-23T05:38:50Z,CHECKPOST-CHARLIE,CAM-C-CHECKPOST,VEHICLE_ANPR,44,vehicle,car,0.389,PLATE_UNREADABLE,0.0,FLAGGED_FOR_MANUAL_REVIEW,Plate Conf: 72%
11:08:02,2026-09-23T05:38:50Z,CHECKPOST-CHARLIE,CAM-C-CHECKPOST,VEHICLE_ANPR,46,vehicle,car,0.814,IBOB3551,0.771,VERIFIED,Plate Conf: 88%
11:08:02,2026-09-23T05:38:50Z,CHECKPOST-CHARLIE,CAM-C-CHECKPOST,VEHICLE_ANPR,55,vehicle,car,0.934,7PBOB3551,0.653,VERIFIED,Plate Conf: 90%
11:08:02,2026-09-23T05:38:50Z,CHECKPOST-CHARLIE,CAM-C-CHECKPOST,AUTHORIZED_VEHICLE,81,vehicle,car,0.949,K433ZR,0.993,AUTHORIZED_PATROL_VEHICLE,SSB Quick Reaction Team (QRT-01) (QRT Gypsy / Patrol SUV)
11:08:02,2026-09-23T05:38:50Z,CHECKPOST-CHARLIE,CAM-C-CHECKPOST,VEHICLE_ANPR,83,vehicle,car,0.593,PLATE_UNREADABLE,0.0,FLAGGED_FOR_MANUAL_REVIEW,Plate Conf: 63%
11:08:02,2026-09-23T05:38:50Z,CHECKPOST-CHARLIE,CAM-C-CHECKPOST,VEHICLE_ANPR,85,vehicle,car,0.927,PLATE_UNREADABLE,0.0,FLAGGED_FOR_MANUAL_REVIEW,Plate Conf: 51%
11:08:02,2026-09-23T05:38:50Z,CHECKPOST-CHARLIE,CAM-C-CHECKPOST,LOITERING,8,human,person,0.65,-,0.0,WARNING,Stationary 10s within 0.03x height (movement 0.00 heights/s)
11:08:12,2026-09-23T05:38:50Z,CHECKPOST-CHARLIE,CAM-C-CHECKPOST,VEHICLE_ANPR,2,vehicle,car,0.883,3551,0.734,VERIFIED,Plate Conf: 81%
11:08:12,2026-09-23T05:38:50Z,CHECKPOST-CHARLIE,CAM-C-CHECKPOST,VEHICLE_ANPR,24,vehicle,car,0.508,PLATE_UNREADABLE,0.0,FLAGGED_FOR_MANUAL_REVIEW,Plate Conf: 82%
11:08:12,2026-09-23T05:38:50Z,CHECKPOST-CHARLIE,CAM-C-CHECKPOST,VEHICLE_ANPR,30,vehicle,car,0.803,IPBOB355,0.999,VERIFIED,Plate Conf: 83%
11:08:12,2026-09-23T05:38:51Z,CHECKPOST-CHARLIE,CAM-C-CHECKPOST,VEHICLE_ANPR,32,vehicle,car,0.882,INHETZUIDE,0.64,VERIFIED,Plate Conf: 50%
11:08:12,2026-09-23T05:38:51Z,CHECKPOST-CHARLIE,CAM-C-CHECKPOST,VEHICLE_ANPR,34,vehicle,car,0.748,FBOB3551,0.696,VERIFIED,Plate Conf: 65%
11:08:12,2026-09-23T05:38:51Z,CHECKPOST-CHARLIE,CAM-C-CHECKPOST,VEHICLE_ANPR,36,vehicle,car,0.908,BOB355,0.992,VERIFIED,Plate Conf: 75%
11:08:12,2026-09-23T05:38:51Z,CHECKPOST-CHARLIE,CAM-C-CHECKPOST,VEHICLE_ANPR,42,vehicle,car,0.853,PLATE_UNREADABLE,0.0,FLAGGED_FOR_MANUAL_REVIEW,Plate Conf: 69%
11:08:12,2026-09-23T05:38:51Z,CHECKPOST-CHARLIE,CAM-C-CHECKPOST,VEHICLE_ANPR,43,vehicle,car,0.385,PLATE_UNREADABLE,0.0,FLAGGED_FOR_MANUAL_REVIEW,Plate Conf: 77%
11:08:12,2026-09-23T05:38:51Z,CHECKPOST-CHARLIE,CAM-C-CHECKPOST,VEHICLE_ANPR,44,vehicle,car,0.389,PLATE_UNREADABLE,0.0,FLAGGED_FOR_MANUAL_REVIEW,Plate Conf: 72%
11:08:12,2026-09-23T05:38:51Z,CHECKPOST-CHARLIE,CAM-C-CHECKPOST,VEHICLE_ANPR,46,vehicle,car,0.814,IBOB3551,0.771,VERIFIED,Plate Conf: 88%
11:08:12,2026-09-23T05:38:51Z,CHECKPOST-CHARLIE,CAM-C-CHECKPOST,VEHICLE_ANPR,55,vehicle,car,0.934,7PBOB3551,0.653,VERIFIED,Plate Conf: 90%
11:08:12,2026-09-23T05:38:51Z,CHECKPOST-CHARLIE,CAM-C-CHECKPOST,AUTHORIZED_VEHICLE,81,vehicle,car,0.949,K433ZR,0.993,AUTHORIZED_PATROL_VEHICLE,SSB Quick Reaction Team (QRT-01) (QRT Gypsy / Patrol SUV)
11:08:12,2026-09-23T05:38:51Z,CHECKPOST-CHARLIE,CAM-C-CHECKPOST,VEHICLE_ANPR,83,vehicle,car,0.629,PLATE_UNREADABLE,0.0,FLAGGED_FOR_MANUAL_REVIEW,Plate Conf: 63%
11:08:17,2026-09-23T05:38:51Z,CHECKPOST-CHARLIE,CAM-C-CHECKPOST,VEHICLE_ANPR,2,vehicle,car,0.883,3551,0.734,VERIFIED,Plate Conf: 81%
11:08:17,2026-09-23T05:38:51Z,CHECKPOST-CHARLIE,CAM-C-CHECKPOST,VEHICLE_ANPR,13,vehicle,car,0.882,PLATE_UNREADABLE,0.0,FLAGGED_FOR_MANUAL_REVIEW,Plate Conf: 62%
11:08:17,2026-09-23T05:38:51Z,CHECKPOST-CHARLIE,CAM-C-CHECKPOST,VEHICLE_ANPR,24,vehicle,car,0.508,PLATE_UNREADABLE,0.0,FLAGGED_FOR_MANUAL_REVIEW,Plate Conf: 82%
11:08:17,2026-09-23T05:38:51Z,CHECKPOST-CHARLIE,CAM-C-CHECKPOST,VEHICLE_ANPR,30,vehicle,car,0.803,IPBOB355,0.999,VERIFIED,Plate Conf: 83%
11:08:17,2026-09-23T05:38:52Z,CHECKPOST-CHARLIE,CAM-C-CHECKPOST,VEHICLE_ANPR,32,vehicle,car,0.502,INHETZUIDE,0.64,VERIFIED,Plate Conf: 50%
11:08:17,2026-09-23T05:38:52Z,CHECKPOST-CHARLIE,CAM-C-CHECKPOST,VEHICLE_ANPR,34,vehicle,car,0.748,FBOB3551,0.696,VERIFIED,Plate Conf: 65%
11:08:17,2026-09-23T05:38:52Z,CHECKPOST-CHARLIE,CAM-C-CHECKPOST,VEHICLE_ANPR,36,vehicle,car,0.908,BOB355,0.992,VERIFIED,Plate Conf: 75%
11:08:17,2026-09-23T05:38:52Z,CHECKPOST-CHARLIE,CAM-C-CHECKPOST,VEHICLE_ANPR,42,vehicle,car,0.853,PLATE_UNREADABLE,0.0,FLAGGED_FOR_MANUAL_REVIEW,Plate Conf: 69%
11:08:17,2026-09-23T05:38:52Z,CHECKPOST-CHARLIE,CAM-C-CHECKPOST,VEHICLE_ANPR,43,vehicle,car,0.385,PLATE_UNREADABLE,0.0,FLAGGED_FOR_MANUAL_REVIEW,Plate Conf: 77%
11:08:17,2026-09-23T05:38:52Z,CHECKPOST-CHARLIE,CAM-C-CHECKPOST,VEHICLE_ANPR,44,vehicle,car,0.389,PLATE_UNREADABLE,0.0,FLAGGED_FOR_MANUAL_REVIEW,Plate Conf: 72%
11:08:17,2026-09-23T05:38:52Z,CHECKPOST-CHARLIE,CAM-C-CHECKPOST,VEHICLE_ANPR,46,vehicle,car,0.873,IBOB3551,0.771,VERIFIED,Plate Conf: 88%
11:08:17,2026-09-23T05:38:52Z,CHECKPOST-CHARLIE,CAM-C-CHECKPOST,VEHICLE_ANPR,55,vehicle,car,0.934,7PBOB3551,0.653,VERIFIED,Plate Conf: 90%
11:08:17,2026-09-23T05:38:52Z,CHECKPOST-CHARLIE,CAM-C-CHECKPOST,VEHICLE_ANPR,79,vehicle,car,0.721,PLATE_UNREADABLE,0.0,FLAGGED_FOR_MANUAL_REVIEW,Plate Conf: 86%
11:08:17,2026-09-23T05:38:52Z,CHECKPOST-CHARLIE,CAM-C-CHECKPOST,AUTHORIZED_VEHICLE,81,vehicle,car,0.949,K433ZR,0.993,AUTHORIZED_PATROL_VEHICLE,SSB Quick Reaction Team (QRT-01) (QRT Gypsy / Patrol SUV)
11:08:17,2026-09-23T05:38:52Z,CHECKPOST-CHARLIE,CAM-C-CHECKPOST,VEHICLE_ANPR,83,vehicle,car,0.629,PLATE_UNREADABLE,0.0,FLAGGED_FOR_MANUAL_REVIEW,Plate Conf: 63%
11:08:50,2026-09-23T05:38:52Z,BOP-SECTOR-B,CAM-B-TRIPWIRE,LOITERING,254,human,person,0.65,-,0.0,WARNING,Stationary 21s within 0.19x height (movement 0.01 heights/s)
11:08:22,2026-09-23T05:38:52Z,CHECKPOST-CHARLIE,CAM-C-CHECKPOST,VEHICLE_ANPR,2,vehicle,car,0.883,3551,0.734,VERIFIED,Plate Conf: 81%
11:08:22,2026-09-23T05:38:52Z,CHECKPOST-CHARLIE,CAM-C-CHECKPOST,VEHICLE_ANPR,24,vehicle,car,0.508,PLATE_UNREADABLE,0.0,FLAGGED_FOR_MANUAL_REVIEW,Plate Conf: 82%
11:08:22,2026-09-23T05:38:52Z,CHECKPOST-CHARLIE,CAM-C-CHECKPOST,VEHICLE_ANPR,30,vehicle,car,0.803,IPBOB355,0.999,VERIFIED,Plate Conf: 83%
11:08:22,2026-09-23T05:38:52Z,CHECKPOST-CHARLIE,CAM-C-CHECKPOST,VEHICLE_ANPR,32,vehicle,car,0.502,INHETZUIDE,0.64,VERIFIED,Plate Conf: 50%
11:08:22,2026-09-23T05:38:53Z,CHECKPOST-CHARLIE,CAM-C-CHECKPOST,VEHICLE_ANPR,34,vehicle,car,0.748,FBOB3551,0.696,VERIFIED,Plate Conf: 65%
11:08:22,2026-09-23T05:38:53Z,CHECKPOST-CHARLIE,CAM-C-CHECKPOST,VEHICLE_ANPR,36,vehicle,car,0.804,BOB355,0.992,VERIFIED,Plate Conf: 75%
11:08:22,2026-09-23T05:38:53Z,CHECKPOST-CHARLIE,CAM-C-CHECKPOST,VEHICLE_ANPR,43,vehicle,car,0.406,PLATE_UNREADABLE,0.0,FLAGGED_FOR_MANUAL_REVIEW,Plate Conf: 77%
11:08:22,2026-09-23T05:38:53Z,CHECKPOST-CHARLIE,CAM-C-CHECKPOST,VEHICLE_ANPR,44,vehicle,car,0.824,PLATE_UNREADABLE,0.0,FLAGGED_FOR_MANUAL_REVIEW,Plate Conf: 72%
11:08:22,2026-09-23T05:38:53Z,CHECKPOST-CHARLIE,CAM-C-CHECKPOST,VEHICLE_ANPR,46,vehicle,car,0.873,IBOB3551,0.771,VERIFIED,Plate Conf: 88%
11:08:22,2026-09-23T05:38:53Z,CHECKPOST-CHARLIE,CAM-C-CHECKPOST,VEHICLE_ANPR,55,vehicle,car,0.934,7PBOB3551,0.653,VERIFIED,Plate Conf: 90%
11:08:22,2026-09-23T05:38:53Z,CHECKPOST-CHARLIE,CAM-C-CHECKPOST,AUTHORIZED_VEHICLE,81,vehicle,car,0.949,K433ZR,0.993,AUTHORIZED_PATROL_VEHICLE,SSB Quick Reaction Team (QRT-01) (QRT Gypsy / Patrol SUV)
11:08:22,2026-09-23T05:38:53Z,CHECKPOST-CHARLIE,CAM-C-CHECKPOST,VEHICLE_ANPR,83,vehicle,car,0.629,PLATE_UNREADABLE,0.0,FLAGGED_FOR_MANUAL_REVIEW,Plate Conf: 63%
11:08:22,2026-09-23T05:38:53Z,CHECKPOST-CHARLIE,CAM-C-CHECKPOST,VEHICLE_ANPR,85,vehicle,car,0.927,PLATE_UNREADABLE,0.0,FLAGGED_FOR_MANUAL_REVIEW,Plate Conf: 51%
11:08:22,2026-09-23T05:38:53Z,CHECKPOST-CHARLIE,CAM-C-CHECKPOST,LOITERING,40,human,person,0.65,-,0.0,WARNING,Stationary 20s within 0.14x height (movement 0.01 heights/s)
11:08:22,2026-09-23T05:38:53Z,CHECKPOST-CHARLIE,CAM-C-CHECKPOST,LOITERING,31,human,person,0.65,-,0.0,WARNING,Stationary 108s within 0.33x height (movement 0.01 heights/s)
11:08:32,2026-09-23T05:38:53Z,CHECKPOST-CHARLIE,CAM-C-CHECKPOST,VEHICLE_ANPR,2,vehicle,car,0.883,3551,0.734,VERIFIED,Plate Conf: 81%
11:08:32,2026-09-23T05:38:53Z,CHECKPOST-CHARLIE,CAM-C-CHECKPOST,VEHICLE_ANPR,13,vehicle,car,0.882,PLATE_UNREADABLE,0.0,FLAGGED_FOR_MANUAL_REVIEW,Plate Conf: 62%
11:08:32,2026-09-23T05:38:53Z,CHECKPOST-CHARLIE,CAM-C-CHECKPOST,VEHICLE_ANPR,24,vehicle,car,0.508,PLATE_UNREADABLE,0.0,FLAGGED_FOR_MANUAL_REVIEW,Plate Conf: 82%
11:08:32,2026-09-23T05:38:53Z,CHECKPOST-CHARLIE,CAM-C-CHECKPOST,VEHICLE_ANPR,30,vehicle,car,0.803,IPBOB355,0.999,VERIFIED,Plate Conf: 83%
11:08:32,2026-09-23T05:38:54Z,CHECKPOST-CHARLIE,CAM-C-CHECKPOST,VEHICLE_ANPR,32,vehicle,car,0.675,INHETZUIDE,0.64,VERIFIED,Plate Conf: 50%
11:08:32,2026-09-23T05:38:54Z,CHECKPOST-CHARLIE,CAM-C-CHECKPOST,VEHICLE_ANPR,34,vehicle,car,0.748,FBOB3551,0.696,VERIFIED,Plate Conf: 65%
11:08:32,2026-09-23T05:38:54Z,CHECKPOST-CHARLIE,CAM-C-CHECKPOST,VEHICLE_ANPR,36,vehicle,car,0.804,BOB355,0.992,VERIFIED,Plate Conf: 75%
11:08:32,2026-09-23T05:38:54Z,CHECKPOST-CHARLIE,CAM-C-CHECKPOST,VEHICLE_ANPR,42,vehicle,car,0.824,PLATE_UNREADABLE,0.0,FLAGGED_FOR_MANUAL_REVIEW,Plate Conf: 69%
11:08:32,2026-09-23T05:38:54Z,CHECKPOST-CHARLIE,CAM-C-CHECKPOST,VEHICLE_ANPR,43,vehicle,car,0.406,PLATE_UNREADABLE,0.0,FLAGGED_FOR_MANUAL_REVIEW,Plate Conf: 77%
11:08:32,2026-09-23T05:38:54Z,CHECKPOST-CHARLIE,CAM-C-CHECKPOST,VEHICLE_ANPR,44,vehicle,car,0.824,PLATE_UNREADABLE,0.0,FLAGGED_FOR_MANUAL_REVIEW,Plate Conf: 72%
11:08:32,2026-09-23T05:38:54Z,CHECKPOST-CHARLIE,CAM-C-CHECKPOST,VEHICLE_ANPR,46,vehicle,car,0.873,IBOB3551,0.771,VERIFIED,Plate Conf: 88%
11:08:32,2026-09-23T05:38:54Z,CHECKPOST-CHARLIE,CAM-C-CHECKPOST,VEHICLE_ANPR,79,vehicle,car,0.721,PLATE_UNREADABLE,0.0,FLAGGED_FOR_MANUAL_REVIEW,Plate Conf: 86%
11:08:32,2026-09-23T05:38:54Z,CHECKPOST-CHARLIE,CAM-C-CHECKPOST,AUTHORIZED_VEHICLE,81,vehicle,car,0.949,K433ZR,0.993,AUTHORIZED_PATROL_VEHICLE,SSB Quick Reaction Team (QRT-01) (QRT Gypsy / Patrol SUV)
11:08:32,2026-09-23T05:38:54Z,CHECKPOST-CHARLIE,CAM-C-CHECKPOST,VEHICLE_ANPR,83,vehicle,car,0.629,PLATE_UNREADABLE,0.0,FLAGGED_FOR_MANUAL_REVIEW,Plate Conf: 63%
11:08:32,2026-09-23T05:38:54Z,CHECKPOST-CHARLIE,CAM-C-CHECKPOST,VEHICLE_ANPR,85,vehicle,car,0.927,PLATE_UNREADABLE,0.0,FLAGGED_FOR_MANUAL_REVIEW,Plate Conf: 51%
11:08:32,2026-09-23T05:38:54Z,CHECKPOST-CHARLIE,CAM-C-CHECKPOST,LOITERING,5,human,person,0.65,-,0.0,WARNING,Stationary 16s within 0.07x height (movement 0.00 heights/s)
11:08:32,2026-09-23T05:38:54Z,CHECKPOST-CHARLIE,CAM-C-CHECKPOST,LOITERING,70,human,person,0.65,-,0.0,WARNING,Stationary 16s within 0.08x height (movement 0.00 heights/s)
11:08:32,2026-09-23T05:38:54Z,CHECKPOST-CHARLIE,CAM-C-CHECKPOST,LOITERING,58,human,person,0.65,-,0.0,WARNING,Stationary 16s within 0.08x height (movement 0.01 heights/s)
11:08:32,2026-09-23T05:38:54Z,CHECKPOST-CHARLIE,CAM-C-CHECKPOST,LOITERING,64,human,person,0.65,-,0.0,WARNING,Stationary 16s within 0.16x height (movement 0.00 heights/s)
11:08:32,2026-09-23T05:38:54Z,CHECKPOST-CHARLIE,CAM-C-CHECKPOST,GROUP_CONVERGENCE,5,human,person,0.6,-,0.0,NOTICE,"5 persons converged within 1.6 body-lengths (tracks [5, 15, 58, 64, 70])"
11:08:38,2026-09-23T05:38:55Z,CHECKPOST-CHARLIE,CAM-C-CHECKPOST,VEHICLE_ANPR,2,vehicle,car,0.883,3551,0.734,VERIFIED,Plate Conf: 81%
11:08:38,2026-09-23T05:38:55Z,CHECKPOST-CHARLIE,CAM-C-CHECKPOST,VEHICLE_ANPR,13,vehicle,car,0.882,PLATE_UNREADABLE,0.0,FLAGGED_FOR_MANUAL_REVIEW,Plate Conf: 62%
11:08:38,2026-09-23T05:38:55Z,CHECKPOST-CHARLIE,CAM-C-CHECKPOST,VEHICLE_ANPR,24,vehicle,car,0.508,PLATE_UNREADABLE,0.0,FLAGGED_FOR_MANUAL_REVIEW,Plate Conf: 82%
11:08:38,2026-09-23T05:38:55Z,CHECKPOST-CHARLIE,CAM-C-CHECKPOST,VEHICLE_ANPR,30,vehicle,car,0.803,IPBOB355,0.999,VERIFIED,Plate Conf: 83%
11:08:38,2026-09-23T05:38:55Z,CHECKPOST-CHARLIE,CAM-C-CHECKPOST,VEHICLE_ANPR,32,vehicle,car,0.507,INHETZUIDE,0.64,VERIFIED,Plate Conf: 50%
11:08:38,2026-09-23T05:38:55Z,CHECKPOST-CHARLIE,CAM-C-CHECKPOST,VEHICLE_ANPR,34,vehicle,car,0.748,FBOB3551,0.696,VERIFIED,Plate Conf: 65%
11:08:38,2026-09-23T05:38:55Z,CHECKPOST-CHARLIE,CAM-C-CHECKPOST,VEHICLE_ANPR,36,vehicle,car,0.804,BOB355,0.992,VERIFIED,Plate Conf: 75%
11:08:38,2026-09-23T05:38:55Z,CHECKPOST-CHARLIE,CAM-C-CHECKPOST,VEHICLE_ANPR,37,vehicle,car,0.595,PLATE_UNREADABLE,0.0,FLAGGED_FOR_MANUAL_REVIEW,Plate Conf: 80%
11:08:38,2026-09-23T05:38:55Z,CHECKPOST-CHARLIE,CAM-C-CHECKPOST,VEHICLE_ANPR,42,vehicle,car,0.824,PLATE_UNREADABLE,0.0,FLAGGED_FOR_MANUAL_REVIEW,Plate Conf: 69%
11:08:38,2026-09-23T05:38:55Z,CHECKPOST-CHARLIE,CAM-C-CHECKPOST,VEHICLE_ANPR,43,vehicle,car,0.406,PLATE_UNREADABLE,0.0,FLAGGED_FOR_MANUAL_REVIEW,Plate Conf: 77%
11:08:38,2026-09-23T05:38:55Z,CHECKPOST-CHARLIE,CAM-C-CHECKPOST,VEHICLE_ANPR,44,vehicle,car,0.824,PLATE_UNREADABLE,0.0,FLAGGED_FOR_MANUAL_REVIEW,Plate Conf: 72%
11:08:38,2026-09-23T05:38:55Z,CHECKPOST-CHARLIE,CAM-C-CHECKPOST,VEHICLE_ANPR,46,vehicle,car,0.894,IBOB3551,0.771,VERIFIED,Plate Conf: 88%
11:08:38,2026-09-23T05:38:55Z,CHECKPOST-CHARLIE,CAM-C-CHECKPOST,VEHICLE_ANPR,74,vehicle,car,0.849,PLATE_UNREADABLE,0.0,FLAGGED_FOR_MANUAL_REVIEW,Plate Conf: 85%
11:08:38,2026-09-23T05:38:55Z,CHECKPOST-CHARLIE,CAM-C-CHECKPOST,VEHICLE_ANPR,79,vehicle,car,0.721,PLATE_UNREADABLE,0.0,FLAGGED_FOR_MANUAL_REVIEW,Plate Conf: 86%
11:08:38,2026-09-23T05:38:55Z,CHECKPOST-CHARLIE,CAM-C-CHECKPOST,AUTHORIZED_VEHICLE,81,vehicle,car,0.949,K433ZR,0.993,AUTHORIZED_PATROL_VEHICLE,SSB Quick Reaction Team (QRT-01) (QRT Gypsy / Patrol SUV)
11:08:38,2026-09-23T05:38:56Z,CHECKPOST-CHARLIE,CAM-C-CHECKPOST,VEHICLE_ANPR,83,vehicle,car,0.629,PLATE_UNREADABLE,0.0,FLAGGED_FOR_MANUAL_REVIEW,Plate Conf: 63%
11:08:38,2026-09-23T05:38:56Z,CHECKPOST-CHARLIE,CAM-C-CHECKPOST,VEHICLE_ANPR,85,vehicle,car,0.927,PLATE_UNREADABLE,0.0,FLAGGED_FOR_MANUAL_REVIEW,Plate Conf: 51%
